# https://github.com/mikedh/trimesh
v -0.02144664 -0.01215076 0.00980464
v -0.01975899 -0.01037034 0.00927742
v -0.00941379 -0.00141074 0.01599148
v -0.00328702 0.00074576 0.01542264
v -0.00396595 -0.00096350 0.01559465
v 0.00772103 -0.00785071 0.02065142
v 0.00730858 -0.00795204 0.02213793
v 0.01477724 -0.00895672 0.02267997
v 0.01721791 -0.00837322 0.02099723
v 0.00918897 -0.01013630 0.02168492
v 0.02138304 -0.00713481 0.02132147
v 0.01986489 -0.00822211 0.02229979
v 0.02151291 -0.00821632 0.02215056
v 0.02532107 -0.00288071 0.02281799
v 0.02638719 -0.00237264 0.02396688
v 0.02810866 -0.00105287 0.02270195
v 0.02808184 -0.00103788 0.02279326
v 0.02766889 -0.00135889 0.02309252
v 0.02841500 -0.00080900 0.02285900
v -0.02557622 -0.00372378 0.00199711
v -0.02670274 -0.00428291 0.00276882
v -0.02975965 0.00160984 -0.00666814
v -0.02936810 -0.00002432 -0.00922639
v -0.03034158 0.00192931 -0.00894884
v -0.03052446 0.00698582 -0.01566860
v -0.03010171 0.02433567 -0.01544202
v -0.03173363 0.02091143 -0.01498797
v -0.03019616 0.02743895 -0.01279377
v -0.03181972 0.02526151 -0.01512676
v -0.02011912 0.03600450 -0.00668686
v -0.02273403 0.03593335 -0.00967097
v -0.02214384 0.03508702 -0.01075483
v -0.00910964 0.03493882 0.00008138
v -0.00839455 0.03432286 0.00278151
v 0.00004424 0.02954880 0.01287540
v 0.00045489 0.02931628 0.01147674
v 0.00175881 0.02727770 0.01281194
v 0.01258692 0.02321125 0.00975635
v 0.01299584 0.02401843 0.00989002
v 0.02048873 0.01804733 0.01090456
v 0.02366880 0.01682008 0.01141855
v 0.02755417 0.01352464 0.01509085
v 0.02806139 0.01179294 0.01506679
v 0.02947280 0.01121989 0.01675882
v 0.03035492 0.00827962 0.01872193
v 0.03173591 0.00617237 0.01910267
v 0.03026048 0.00480436 0.02137756
v 0.03065414 0.00543165 0.02065914
v -0.01534706 -0.00351931 0.00931565
v -0.01965867 -0.00881582 0.00618224
v -0.01957827 -0.00717571 0.00594579
v -0.00983122 -0.00088085 0.01093773
v -0.01308392 -0.00287990 0.01279182
v -0.00878311 -0.00148959 0.01123967
v -0.00973594 0.00000760 0.01069821
v -0.00683180 -0.00199525 0.00653354
v -0.00628173 -0.00611816 0.00321677
v -0.00713391 -0.00654981 0.00110053
v -0.00233387 -0.00938959 -0.00236260
v 0.00166185 -0.00908478 -0.00479776
v 0.00061706 -0.00775422 -0.00502794
v 0.00076337 -0.00879207 -0.00616849
v 0.01236876 -0.00577073 -0.00583734
v 0.01440229 -0.00450392 -0.00738289
v 0.02570031 0.00474552 -0.00813496
v 0.02444805 0.00256867 -0.00721407
v 0.02777238 0.00590876 -0.00679804
v 0.03022292 0.01193111 -0.00257336
v 0.02983341 0.01318114 -0.00291337
v 0.03115346 0.01501916 0.00107438
v 0.03093412 0.01426884 0.00249881
v 0.03289308 0.01082008 0.01415053
v 0.03248752 0.01010986 0.01358755
v 0.03212220 0.00901133 0.01659562
v 0.03151390 0.00922142 0.01800904
v 0.03084023 0.00636882 0.01986678
v 0.02976100 0.00495700 0.02178800
v 0.03009900 0.00475900 0.02160500
v -0.00550836 -0.03314868 -0.03499341
v -0.00252519 -0.03611091 -0.03347870
v -0.00066103 -0.03606616 -0.03308880
v 0.00615732 -0.03528436 -0.02811159
v 0.00922732 -0.03388952 -0.02448413
v 0.00415695 -0.03553989 -0.02893624
v 0.00663622 -0.03521541 -0.02613672
v 0.00764323 -0.03365105 -0.02497327
v 0.01299174 -0.03214310 -0.01781160
v 0.01172426 -0.03304604 -0.01758507
v 0.01287511 -0.03131540 -0.01361177
v 0.01321456 -0.02602069 -0.00955938
v 0.01216907 -0.02567560 -0.00844553
v 0.01174221 -0.02055746 -0.00690417
v 0.00901341 -0.01288093 -0.00777047
v 0.01147972 -0.01580295 -0.00787986
v 0.00865408 -0.01024158 -0.00735716
v 0.01110382 -0.01050906 -0.00469976
v 0.01631576 -0.01170899 0.00223002
v 0.02565340 -0.01011044 0.01425893
v 0.02546658 -0.01047692 0.01573110
v 0.02677264 -0.00807255 0.01792167
v 0.02884695 -0.00664021 0.01934849
v 0.02927541 -0.00232433 0.02009927
v 0.02894534 -0.00298886 0.02069102
v 0.00491159 -0.04975470 0.00085581
v 0.00584927 -0.04407052 -0.00193881
v 0.00465423 -0.04818007 0.00079735
v 0.00694141 -0.04279762 -0.00349049
v 0.00619220 -0.04016562 -0.00795715
v 0.00706310 -0.03818239 -0.00857876
v 0.00941570 -0.03743627 -0.01267982
v 0.01160326 -0.03396139 -0.01758187
v 0.01174519 -0.03296272 -0.01663033
v 0.01262784 -0.03278871 -0.01658770
v -0.00004260 -0.03748582 -0.03140423
v -0.00077199 -0.03783096 -0.03052194
v -0.00161616 -0.03764422 -0.03078623
v -0.00465231 -0.03798233 -0.03158728
v -0.00867177 -0.03725719 -0.03188822
v -0.00819084 -0.03727515 -0.03204550
v -0.00975000 -0.03680600 -0.03212700
v 0.00436522 -0.03296752 -0.03056843
v 0.00477801 -0.03468733 -0.03013984
v 0.00366423 -0.03281961 -0.03123133
v 0.00212605 -0.03058562 -0.03268462
v 0.00040724 -0.03022933 -0.03426762
v -0.00246800 -0.02889870 -0.03579211
v -0.00300201 -0.02902067 -0.03552717
v 0.00116724 -0.04737742 -0.00383715
v 0.00513302 -0.04183880 -0.00653964
v 0.00085897 -0.04729610 -0.00245890
v 0.00178057 -0.05177996 0.00037115
v 0.00328823 -0.05539797 0.00342015
v 0.00332200 -0.05571300 0.00358700
v 0.00349297 -0.05525644 0.00306271
v 0.00338445 -0.05557310 0.00372138
v 0.00300159 -0.05638134 0.00458854
v 0.00299449 -0.05670664 0.00485339
v 0.00294278 -0.05677030 0.00497059
v 0.00296800 -0.05704600 0.00553600
v 0.00751761 -0.04352684 -0.00178144
v 0.00771302 -0.04421921 -0.00174599
v 0.00772543 -0.04975169 0.00381923
v 0.00799479 -0.05091248 0.00463739
v 0.00800542 -0.05039579 0.00434450
v 0.00786999 -0.05039691 0.00438592
v 0.01336146 -0.02761917 -0.01203462
v 0.01339717 -0.02675100 -0.01552976
v 0.01386233 -0.02098474 -0.02158367
v 0.01411851 -0.02685158 -0.01519445
v 0.01379772 -0.01859733 -0.02270397
v 0.01342036 -0.02143602 -0.02183833
v 0.01391200 -0.01839559 -0.02250835
v 0.01389136 -0.01855961 -0.02283118
v 0.01373716 -0.01831222 -0.02291432
v 0.01395500 -0.01824803 -0.02305030
v 0.01205606 -0.02750434 -0.02145052
v 0.01326268 -0.02606940 -0.01956033
v 0.01236794 -0.02659213 -0.02116166
v 0.01255339 -0.02713885 -0.02181602
v 0.01179260 -0.02495615 -0.02512609
v 0.01193204 -0.02643301 -0.02285378
v 0.01153057 -0.02506766 -0.02497755
v 0.01166539 -0.02509863 -0.02530382
v 0.01150257 -0.02506037 -0.02533699
v -0.03223240 0.00572190 -0.00930258
v -0.01598323 -0.00554139 -0.01960424
v -0.02078566 -0.01296239 -0.01256392
v -0.02313666 -0.01004487 -0.00248862
v -0.02188478 0.00045013 0.00052142
v -0.04521922 0.00001813 -0.02005346
v -0.05193396 -0.01175698 -0.02281234
v -0.05094106 -0.01725071 -0.01651388
v -0.06223310 -0.00474754 -0.01755540
v -0.05366570 -0.01473825 -0.00867789
v -0.05703070 -0.00738079 -0.00747044
v -0.06092401 -0.02537715 -0.02423542
v -0.06960441 -0.01640939 -0.02714706
v -0.06319782 -0.01997902 -0.02871079
v -0.06777867 -0.03024119 -0.02048572
v -0.07730877 -0.02671664 -0.02095646
v -0.04594936 0.00331658 -0.01756813
v -0.04367405 0.00537459 -0.01623181
v -0.01098600 -0.01226200 0.03714000
v 0.01633350 -0.02063600 0.04700300
v 0.01035700 -0.02389800 0.02484300
v -0.00284400 -0.01764900 0.02730000
v 0.02181906 -0.01780660 0.04236740
v 0.01314531 -0.01840018 0.02246534
v -0.01113697 -0.01056846 0.03688665
v 0.00589867 0.00389694 0.04520425
v -0.00596109 -0.00265753 0.02958429
v 0.02040391 0.00213325 0.02268869
v -0.00013303 -0.01749450 0.02619995
v 0.01878987 -0.00205189 0.04466186
v -0.00191285 0.00925873 0.02981016
v 0.00606400 -0.00835800 0.01848900
v 0.00024500 -0.00569400 0.01983500
v -0.00351400 -0.00074700 0.02209700
v -0.00405200 0.00537900 0.02456100
v 0.01626549 -0.00753875 0.02101311
v 0.01246800 -0.00810900 0.01861400
v 0.00604400 -0.00852500 0.01870000
v 0.00020800 -0.00582100 0.02001300
v -0.00356400 -0.00072400 0.02197000
v 0.00018718 0.01450151 0.02524986
v 0.01800800 -0.00433700 0.01969000
v 0.01248500 -0.00813100 0.01853500
v 0.00602700 -0.00866100 0.01889000
v 0.00017300 -0.00593500 0.02020100
v -0.00530318 -0.00354422 0.00599267
v 0.01950459 0.00898565 0.00330239
v 0.00601500 -0.00871800 0.01889100
v -0.00654923 0.00618752 0.00598648
v 0.01482865 -0.00748903 0.00582552
v 0.00112516 0.01546786 -0.00597338
v 0.01347639 0.01639005 0.02373197
v 0.00198396 -0.00894208 -0.00108981
v 0.02160843 -0.00519811 -0.02541913
v 0.02072512 0.01265560 -0.01234652
v 0.02199935 0.01502688 -0.02601204
v 0.00166571 0.00410997 -0.02148313
v 0.01391445 0.01274969 -0.03269638
v 0.02586307 0.00025614 -0.02172211
v 0.02272117 -0.00924342 -0.03247596
v 0.03373602 -0.00055756 -0.04427445
v 0.04063935 -0.00649723 -0.03769828
v 0.01831310 0.00417543 -0.04143462
v 0.03515472 -0.01416820 -0.03137634
v 0.04197380 -0.01627000 -0.04812309
v 0.01693264 -0.00444579 -0.03695821
v 0.03644168 -0.01578215 -0.03287288
v 0.04213631 -0.01237325 -0.03700394
v 0.03069835 -0.01514817 -0.04745961
v 0.04142390 -0.01713269 -0.03504382
v -0.01217577 0.00439839 0.00377702
v 0.00020440 0.01141368 -0.00790216
v -0.00363762 0.00730192 -0.01383684
v -0.00183357 -0.00023891 -0.01556695
v -0.00005748 -0.00518899 -0.01278575
v -0.00086868 -0.00908849 -0.00848926
v -0.00279481 -0.01043044 -0.00300805
v -0.00746450 -0.00987434 -0.00030520
v -0.00985024 -0.00508539 0.00407571
v -0.01006934 0.00083008 0.00591422
v -0.01137473 0.01074040 -0.00481799
v -0.01297100 0.00606700 -0.01031550
v -0.00531426 -0.01250245 -0.04322523
v -0.00371197 -0.01063506 -0.04224675
v -0.00271344 -0.01488021 -0.04213459
v -0.00473040 -0.01582492 -0.04204681
v -0.00570917 -0.01534631 -0.03899156
v -0.00484071 -0.01438760 -0.04257509
v -0.00412962 -0.01374860 -0.04031181
v -0.00502700 -0.01488327 -0.04224619
v -0.00488092 -0.01773539 -0.03975126
v -0.00735469 -0.01764562 -0.03377165
v -0.01324037 -0.01555251 -0.02956290
v -0.00995184 -0.01804972 -0.03398653
v -0.01549053 -0.01552057 -0.02501352
v -0.01329667 -0.01666672 -0.02714071
v -0.01594302 -0.01478840 -0.02731180
v -0.01649205 -0.01591841 -0.02678907
v -0.01708700 -0.01368131 -0.02493152
v -0.02459443 -0.01114083 -0.02340461
v -0.02340973 -0.01026763 -0.02476774
v -0.02706109 -0.01024141 -0.02438329
v -0.02516877 -0.01062958 -0.02526237
v -0.02862481 -0.00681260 -0.02286303
v -0.02862773 -0.00817392 -0.02147812
v -0.02967295 -0.00519688 -0.01702518
v -0.02892163 -0.00607344 -0.01552376
v -0.03004247 -0.00526905 -0.01536446
v -0.02827303 -0.00501457 -0.01648083
v -0.02873586 -0.00194992 -0.01050840
v -0.02858615 0.00003781 -0.01073840
v -0.03021728 -0.00095977 -0.01157625
v -0.02981190 0.00613136 -0.00712943
v -0.02921949 0.00126847 -0.01077264
v -0.03061753 0.00238679 -0.00905432
v -0.03010305 0.00936823 -0.00748758
v -0.02923296 0.00893918 -0.00595072
v -0.02860564 0.00946113 -0.00776820
v -0.02488526 0.01455735 -0.00125368
v -0.02554503 0.01581330 -0.00106341
v -0.02370687 0.01529082 -0.00090907
v -0.02883166 0.01080650 -0.00662620
v -0.02243860 0.01763695 -0.00025633
v -0.02224970 0.01861317 -0.00096489
v -0.02298308 0.02059123 0.00025450
v -0.02091211 0.02277429 0.00021732
v -0.01926431 0.02897561 -0.00161337
v -0.01666728 0.02997540 -0.00109383
v -0.01502521 0.03306098 -0.00155682
v -0.01604090 0.03363618 -0.00012337
v -0.01278729 0.03618577 -0.00097698
v -0.01234693 0.03748968 0.00133012
v -0.01373261 0.03798750 -0.00024098
v -0.00816524 0.04067122 0.00325933
v -0.00756643 0.03867285 0.00401472
v -0.00717072 0.03937015 0.00275865
v -0.00472853 0.03896558 0.00513925
v -0.00616061 0.03837279 0.00493019
v 0.00048068 0.03572450 0.01026215
v -0.00171021 0.03640656 0.01003467
v 0.00184867 0.03533569 0.01248853
v 0.00074284 0.03614593 0.01208962
v 0.00121605 0.03369951 0.01277865
v 0.00408224 0.03182784 0.01399614
v 0.00555448 0.02911855 0.01580043
v 0.00344717 0.03085982 0.01333908
v 0.00575607 0.03005003 0.01548245
v 0.00624347 0.02880422 0.01500968
v 0.00655777 0.02975569 0.01490541
v 0.01125261 0.02935154 0.01655464
v 0.00798811 0.02846218 0.01565295
v 0.01311639 0.02892894 0.01591780
v 0.01443076 0.02920781 0.01699491
v 0.01169033 0.02831919 0.01635376
v 0.01360692 0.02936379 0.01647892
v 0.01725508 0.02759113 0.01692854
v 0.02010194 0.02562738 0.01673357
v 0.02000331 0.02539921 0.01729866
v 0.01997191 0.02522353 0.01726048
v 0.01809059 0.02628777 0.01662755
v 0.02019957 0.02546724 0.01725416
v 0.00621183 0.02587791 0.01662883
v 0.00598305 0.02598266 0.01611139
v 0.00675952 0.02404560 0.01635758
v 0.00711366 0.02626572 0.01633725
v 0.00784789 0.02475271 0.01667738
v 0.00926151 0.02384602 0.01752410
v 0.01254852 0.02270238 0.01747461
v 0.01132867 0.02369792 0.01708681
v 0.01341569 0.02162686 0.01720504
v 0.01551063 0.02038620 0.01821490
v 0.01617297 0.02103543 0.01746754
v 0.01761696 0.02062694 0.01811679
v 0.01673011 0.02073613 0.01742093
v 0.01776953 0.02024451 0.01805637
v 0.01760134 0.02017198 0.01753760
v 0.01774911 0.02003271 0.01769409
v 0.01815311 0.02050493 0.01787512
v 0.01874126 0.01999522 0.01750638
v 0.01798716 0.01994435 0.01783504
v 0.01879812 0.02001580 0.01768585
v -0.02764816 0.00132507 -0.00810870
v -0.02693993 0.00007972 -0.00569072
v -0.02807602 -0.00055063 -0.00773054
v -0.02693890 -0.00060198 -0.00779245
v -0.02648446 0.00023044 -0.00767123
v -0.02516899 -0.00398445 -0.00559917
v -0.02500321 -0.00315741 -0.00536715
v -0.02518113 -0.00293993 -0.00706607
v -0.02395551 -0.00320997 -0.00645238
v -0.02321363 -0.00775506 -0.00823113
v -0.02289171 -0.00794270 -0.01058388
v -0.02149533 -0.00799640 -0.00998277
v -0.02050583 -0.00911849 -0.00870889
v -0.02154245 -0.00835035 -0.00899140
v -0.02161715 -0.00994363 -0.00950348
v -0.02079119 -0.01016053 -0.01033197
v -0.01720941 -0.00978121 -0.00796622
v -0.01550003 -0.01176829 -0.00612762
v -0.01530639 -0.01102093 -0.00553616
v -0.01277183 -0.01136635 -0.00611929
v -0.01466973 -0.01152730 -0.00698008
v -0.01398198 -0.01219155 -0.00680832
v -0.01146766 -0.01419541 -0.00671005
v -0.01078574 -0.01360773 -0.00743527
v -0.01095165 -0.01522175 -0.00722641
v -0.00715937 -0.01640403 -0.00724573
v -0.01099934 -0.01443581 -0.00856505
v -0.00724074 -0.01637428 -0.00583569
v -0.00677356 -0.01540203 -0.00658209
v -0.00203602 -0.01837450 -0.00886570
v -0.00022592 -0.02166217 -0.00596468
v -0.00212735 -0.01973621 -0.00949823
v -0.00278272 -0.01967807 -0.00821049
v -0.00282881 -0.01976797 -0.00946484
v 0.00072961 -0.02040346 -0.00554165
v -0.00092720 -0.02043680 -0.00552221
v 0.00628080 -0.02047010 -0.00319707
v 0.00399862 -0.02114067 -0.00527434
v 0.00625590 -0.02029831 -0.00344025
v 0.00718889 -0.02138994 -0.00266986
v 0.00682360 -0.02181801 -0.00318697
v 0.00760459 -0.02079507 -0.00370382
v 0.00769516 -0.02135720 -0.00392848
v 0.00902315 -0.02247440 -0.00265870
v 0.01051884 -0.02434820 -0.00497849
v 0.01180421 -0.02397123 -0.00483253
v 0.01211600 -0.02523278 -0.00480629
v 0.01255172 -0.02537728 -0.00596110
v 0.01299560 -0.02439450 -0.00487590
v 0.01553266 -0.02491615 -0.00537287
v 0.02050118 -0.02515812 -0.00246692
v 0.02358530 -0.02611917 -0.00201301
v 0.02300577 -0.02620776 -0.00287890
v 0.02378321 -0.02518596 -0.00221494
v 0.02246123 -0.02510029 -0.00309550
v 0.02730705 -0.02664616 -0.00389371
v 0.02742616 -0.02687260 -0.00288261
v 0.02653603 -0.02638995 -0.00260193
v 0.02984746 -0.02631050 -0.00276096
v 0.03303319 -0.02716831 -0.00216374
v 0.03200812 -0.02633388 -0.00242353
v 0.03097066 -0.02698593 -0.00211593
v 0.03475490 -0.02753304 -0.00344346
v 0.03465937 -0.02757066 -0.00292536
v 0.03549213 -0.02676958 -0.00347002
v 0.03848759 -0.02679021 -0.00258614
v 0.03609586 -0.02660849 -0.00305960
v 0.03878667 -0.02706177 -0.00352965
v 0.04339724 -0.02678472 -0.00443325
v 0.03908773 -0.02746902 -0.00312887
v 0.04523142 -0.02711647 -0.00440234
v 0.04373708 -0.02719740 -0.00376059
v 0.04289153 -0.02661812 -0.00386791
v 0.04525924 -0.02646652 -0.00403964
v 0.04567069 -0.02686802 -0.00462116
v 0.04628560 -0.02697406 -0.00413872
v 0.04686475 -0.02698493 -0.00490673
v 0.04721700 -0.02705100 -0.00489600
v -0.02037937 0.01623598 0.00232245
v -0.01875202 0.01500191 0.00494126
v -0.01911374 0.01383522 0.00502408
v -0.01981917 0.01400008 0.00362593
v -0.01789641 0.01126110 0.00580887
v -0.02088353 0.01521769 0.00343634
v -0.01829457 0.01447554 0.00365322
v -0.01422066 0.00991024 0.00705714
v -0.01239305 0.00824960 0.00842044
v -0.01375781 0.00825803 0.00698266
v -0.01372537 0.00882600 0.00651573
v -0.01567711 0.00974540 0.00744984
v -0.00957764 0.01000669 0.01045672
v -0.00796747 0.00952272 0.00995547
v -0.00868622 0.01001212 0.01016956
v -0.00554380 0.00742176 0.01281286
v -0.00734162 0.00784893 0.01132004
v -0.00704496 0.00893907 0.01207499
v -0.00405669 0.00625509 0.01181000
v 0.00038851 -0.00025113 0.01242273
v -0.00171167 -0.00007348 0.01289889
v 0.00546467 -0.00092408 0.01352967
v 0.00421869 -0.00203869 0.01321529
v 0.00924666 -0.00232975 0.01320468
v 0.00956276 -0.00235479 0.01453474
v 0.00506410 -0.00220250 0.01293699
v 0.01389418 -0.00271664 0.01477837
v 0.01508268 -0.00258506 0.01374446
v 0.01334338 -0.00264041 0.01376676
v 0.01661868 -0.00317114 0.01383658
v 0.01913696 -0.00613600 0.01274319
v 0.02072189 -0.00835688 0.01177125
v 0.02017215 -0.00828953 0.01165658
v 0.02203779 -0.00881557 0.01061849
v 0.02024855 -0.00816501 0.01113937
v 0.02134535 -0.00803150 0.01131681
v 0.02229696 -0.00943269 0.01085262
v 0.02287200 -0.00938000 0.01100200
v 0.00895877 -0.00571009 0.01145047
v 0.00790502 -0.00453277 0.01248026
v 0.00881054 -0.00583120 0.01236943
v 0.00726538 -0.00524737 0.01240046
v 0.00856984 -0.00643695 0.01141860
v 0.00700165 -0.00416362 0.01180306
v 0.00902664 -0.00658439 0.01208249
v 0.01277302 -0.00793114 0.01138863
v 0.01285934 -0.00698242 0.01128870
v 0.01343985 -0.00762706 0.01213924
v 0.01454822 -0.01007929 0.01062689
v 0.01561053 -0.01091502 0.00940108
v 0.01596082 -0.01040674 0.00955801
v 0.01715622 -0.01076068 0.00985609
v 0.01615464 -0.01106309 0.01014010
v 0.01904320 -0.01100408 0.00940217
v 0.01872900 -0.01149544 0.00978644
v 0.01908556 -0.01160516 0.00938280
v 0.01940837 -0.01131922 0.00979902
v 0.01967800 -0.01173900 0.00948000
v -0.01301297 0.00551270 0.00667334
v -0.01282784 0.00627832 0.00736856
v -0.01393473 0.00663207 0.00777618
v -0.01409512 0.00652962 0.00714208
v -0.01334791 0.00686077 0.00794409
v -0.01348544 0.00614663 0.00665518
v -0.01183060 0.00386275 0.00710645
v -0.01312416 0.00392936 0.00752307
v -0.01228602 0.00368175 0.00669499
v -0.01200079 0.00274397 0.00779838
v -0.00971964 0.00034266 0.00787737
v -0.00965477 0.00103662 0.00810048
v -0.00822247 -0.00144106 0.00675886
v -0.00921566 -0.00149299 0.00671589
v -0.00935032 -0.00120455 0.00718151
v -0.00851637 -0.00124967 0.00717372
v -0.00813483 -0.00205140 0.00679517
v -0.00716411 -0.00209021 0.00708157
v -0.00693700 -0.00245500 0.00708000
v -0.00710800 -0.00261600 0.00744300
v -0.01213088 0.04888105 -0.02048435
v -0.01152920 0.05278011 -0.01703125
v -0.00994053 0.05076454 -0.01523911
v -0.00813301 0.05153126 -0.01464358
v -0.00667317 0.05290596 -0.01017214
v -0.00874299 0.04956500 -0.00866016
v -0.00560708 0.04999320 -0.00914438
v -0.01061664 0.04252920 -0.00158872
v -0.00941724 0.04332952 -0.00599173
v -0.01295847 0.03394012 0.00023113
v -0.01350051 0.03898903 -0.00107992
v -0.01457082 0.03750633 -0.00172320
v -0.01505716 0.03573960 0.00089349
v -0.01543258 0.03173479 -0.00069550
v -0.01645336 0.03296654 -0.00124820
v -0.01540014 0.03169841 0.00209170
v -0.02112388 0.02735964 0.00065188
v -0.02615218 0.01849144 -0.00010057
v -0.02495638 0.01954658 -0.00293252
v -0.02811798 0.00842836 -0.00141594
v -0.02776097 0.00920804 0.00131621
v -0.03141635 0.00863420 -0.00009835
v -0.03049759 0.00880190 -0.00186345
v -0.03831978 -0.00364688 -0.00893554
v -0.03134263 0.00369605 -0.00241312
v -0.03653094 -0.00524950 -0.01172099
v -0.03805517 -0.00234254 -0.01207018
v -0.03828262 -0.01076471 -0.01797831
v -0.03657636 -0.01199601 -0.01534732
v -0.03860644 -0.00993806 -0.01593285
v -0.03522006 -0.01521121 -0.02971288
v -0.03324347 -0.01667194 -0.02820681
v -0.03617050 -0.01700511 -0.02892786
v -0.03102147 -0.01799420 -0.02937131
v -0.02503933 -0.02296395 -0.02971046
v -0.01774234 -0.02481424 -0.03619456
v -0.01560778 -0.02468699 -0.04138502
v -0.01134039 -0.01652198 -0.04683085
v -0.01213664 -0.01950994 -0.04566066
v -0.00898921 -0.01716311 -0.05489630
v -0.00872329 -0.01570416 -0.05257579
v -0.00579451 -0.01738943 -0.06159723
v -0.00554119 -0.01681842 -0.05918316
v 0.00346319 -0.01867503 -0.06796174
v 0.00361808 -0.01794838 -0.06831792
v 0.00407130 -0.01830482 -0.06946425
v -0.03313668 -0.00640889 -0.00601876
v -0.03670777 -0.00585279 -0.01090647
v -0.03417898 -0.00554596 -0.00965135
v -0.03152472 -0.01065766 -0.00682065
v -0.03202606 -0.00918062 -0.00765590
v -0.03104263 -0.00828768 -0.00654365
v -0.03096293 -0.01585381 -0.01382134
v -0.03218765 -0.01666927 -0.01482357
v -0.02347360 -0.01926556 -0.01145193
v -0.01978364 -0.02169141 -0.01005430
v -0.01811337 -0.02362377 -0.01169439
v -0.02143601 -0.01952540 -0.01025822
v -0.01617399 -0.02295117 -0.01135666
v -0.01650613 -0.02426730 -0.01229756
v -0.01600392 -0.02346975 -0.01255413
v -0.01440838 -0.02447644 -0.00965481
v -0.01411482 -0.02574655 -0.01052358
v -0.01301653 -0.02451230 -0.01073055
v -0.00925062 -0.02863489 -0.00960003
v -0.01139149 -0.02568298 -0.00943481
v -0.01156593 -0.02697171 -0.00920487
v -0.00897520 -0.02662910 -0.00940317
v -0.00937275 -0.02765509 -0.00842413
v -0.00932614 -0.02713837 -0.00857872
v -0.00949509 -0.02741674 -0.01016518
v -0.00816229 -0.02922506 -0.00955233
v -0.00644470 -0.02859001 -0.01010349
v 0.00028204 -0.03011132 -0.00377040
v -0.00356578 -0.02809237 -0.00594376
v 0.00207598 -0.02926475 -0.00338951
v 0.00121014 -0.02895266 -0.00486538
v 0.00702030 -0.03301343 -0.00953168
v 0.00679559 -0.03314535 -0.00795826
v 0.01284845 -0.03426522 -0.00748648
v 0.01715714 -0.03377374 -0.00675253
v 0.02118601 -0.03451007 -0.00672700
v 0.02153650 -0.03485204 -0.00766079
v 0.02093768 -0.03545807 -0.00680612
v 0.02190422 -0.03476273 -0.00596841
v 0.02595843 -0.03332404 -0.00510654
v 0.02502491 -0.03465640 -0.00521938
v 0.03233402 -0.03198025 -0.00288251
v 0.03272057 -0.03218944 -0.00292671
v 0.03270050 -0.03175199 -0.00344141
v 0.02964809 -0.03287011 -0.00458233
v 0.03264626 -0.03231600 -0.00335993
v 0.02907414 -0.03414693 -0.00713695
v 0.02778823 -0.03453573 -0.00634502
v 0.02714463 -0.03508168 -0.00662146
v 0.02769584 -0.03499553 -0.00725576
v 0.02732379 -0.03440309 -0.00730091
v 0.02862700 -0.03508863 -0.00689127
v 0.03139707 -0.03485940 -0.00644610
v 0.03101588 -0.03383232 -0.00687111
v 0.03420522 -0.03428716 -0.00753385
v 0.03524615 -0.03529650 -0.00781746
v 0.03618875 -0.03420976 -0.00828805
v 0.03592990 -0.03512114 -0.00841293
v 0.03593357 -0.03422890 -0.00770080
v 0.03920203 -0.03435217 -0.00794906
v 0.03957774 -0.03400905 -0.00711624
v 0.04095089 -0.03444552 -0.00802873
v 0.03913528 -0.03341518 -0.00744076
v 0.04080925 -0.03403612 -0.00858662
v 0.04111827 -0.03455506 -0.00830482
v 0.04119562 -0.03394322 -0.00829179
v 0.04093639 -0.03422664 -0.00868403
v 0.04126400 -0.03441300 -0.00875000
v 0.00358308 -0.02906303 -0.00422663
v 0.00400750 -0.03056829 -0.00306972
v 0.00381790 -0.03087794 -0.00397391
v 0.00333345 -0.03007022 -0.00481018
v 0.00383418 -0.02952548 -0.00462079
v 0.00348689 -0.02941892 -0.00350023
v 0.00622479 -0.02845033 -0.00116371
v 0.00786990 -0.02825033 0.00022098
v 0.00825417 -0.02838974 -0.00045350
v 0.01090238 -0.02879846 0.00032896
v 0.01231029 -0.02894996 0.00008074
v 0.01370660 -0.02794573 -0.00006340
v 0.01355399 -0.02788226 0.00109543
v 0.01419902 -0.02751342 0.00045361
v 0.01969114 -0.02642550 0.00381330
v 0.01941157 -0.02562926 0.00373848
v 0.02006872 -0.02623239 0.00297596
v 0.02066588 -0.02581451 0.00326853
v 0.02141762 -0.02656336 0.00355902
v 0.02185903 -0.02599247 0.00382007
v 0.02181832 -0.02649701 0.00380217
v 0.02228000 -0.02607700 0.00387900
v 0.02226500 -0.02637400 0.00392300
v -0.02656971 0.00339733 -0.00032296
v -0.02754312 0.00473515 -0.00016971
v -0.02846518 0.00472906 0.00045143
v -0.02874428 0.00359553 0.00054842
v -0.02837601 0.00286612 -0.00000643
v -0.02808679 0.00334615 -0.00117346
v -0.02789002 0.00433697 0.00110181
v -0.02418035 0.00339639 0.00203603
v -0.02542439 0.00221493 0.00289919
v -0.02410903 0.00339941 0.00334930
v -0.02493798 0.00271694 0.00172289
v -0.02266696 -0.00121029 0.00439050
v -0.02311787 0.00059064 0.00210197
v -0.02281878 -0.00053622 0.00289602
v -0.02321254 0.00057510 0.00437153
v -0.02096423 -0.00005594 0.00627082
v -0.02111509 0.00052856 0.00436661
v -0.01592804 0.00024896 0.00843898
v -0.01525327 0.00026525 0.00761661
v -0.01625242 -0.00104515 0.00703478
v -0.01023694 -0.00480929 0.00938418
v -0.01098115 -0.00648785 0.00927265
v -0.00793795 -0.00649288 0.00955906
v -0.01166237 -0.00579959 0.00987966
v -0.00287201 -0.00626173 0.01113481
v -0.00295540 -0.00682870 0.01279849
v -0.00076707 -0.00919051 0.01136214
v -0.00066227 -0.00794770 0.01085748
v -0.00069067 -0.00797118 0.01237668
v -0.00106599 -0.00917991 0.01194545
v 0.00733186 -0.00989651 0.01240855
v 0.00636414 -0.00878800 0.01362719
v 0.00538121 -0.00814648 0.01187901
v 0.00939051 -0.01001350 0.01301514
v 0.01181333 -0.01118684 0.01157184
v 0.01436669 -0.01449052 0.00975490
v 0.01466759 -0.01409234 0.01069642
v 0.01760127 -0.01446049 0.00975060
v 0.01718872 -0.01517680 0.00929956
v 0.01714598 -0.01465498 0.00924839
v 0.01779492 -0.01482297 0.00991402
v 0.01753756 -0.01531873 0.00974687
v 0.01830936 -0.01534290 0.00901957
v 0.01864152 -0.01652129 0.00906730
v 0.01886572 -0.01655420 0.00902606
v 0.01810933 -0.01575278 0.00878175
v 0.01873192 -0.01618535 0.00853721
v 0.01915800 -0.01667200 0.00884900
v 0.01879100 -0.01674600 0.00838000
v 0.00233954 -0.01173507 0.01043612
v 0.00146007 -0.01075213 0.01126482
v 0.00199013 -0.01225587 0.01118669
v 0.00072885 -0.01146283 0.01118938
v 0.00185865 -0.01264420 0.01031347
v 0.00079551 -0.01064158 0.01044293
v 0.00760012 -0.01286173 0.01026344
v 0.00737920 -0.01344454 0.01083688
v 0.00777578 -0.01353021 0.00995970
v 0.00883549 -0.01464400 0.01006587
v 0.01026274 -0.01737883 0.00785346
v 0.01052016 -0.01700249 0.00803637
v 0.01052700 -0.01786800 0.00805700
v 0.01277500 -0.00919200 0.01183479
v 0.01340480 -0.00856024 0.01231537
v 0.01293720 -0.00883861 0.01287855
v 0.01238705 -0.01010000 0.01288167
v 0.01407827 -0.00947611 0.01297882
v 0.01579455 -0.00922893 0.01257210
v 0.01428285 -0.00991910 0.01229403
v 0.01651121 -0.00971635 0.01243454
v 0.01379069 -0.00924034 0.01185741
v 0.01623364 -0.00906787 0.01186491
v 0.01659618 -0.00955893 0.01157921
v 0.01662437 -0.00921031 0.01147009
v 0.01876409 -0.00739915 0.01154498
v 0.01732216 -0.00858634 0.01241327
v 0.01725735 -0.00949696 0.01200868
v 0.01908242 -0.00701472 0.01179562
v 0.01914187 -0.00710362 0.01217655
v 0.01958847 -0.00763278 0.01195035
v 0.02066425 -0.00712554 0.01149964
v 0.02010189 -0.00707450 0.01145401
v 0.02047090 -0.00668215 0.01188894
v 0.02038046 -0.00699469 0.01207086
v -0.00801247 -0.01169148 0.00695572
v -0.00868174 -0.01145705 0.00855861
v -0.00968838 -0.01045486 0.00866721
v -0.00926569 -0.01234136 0.00782457
v -0.00374204 -0.01382562 0.00872266
v -0.00546388 -0.01226231 0.00803867
v -0.00423795 -0.01229307 0.00873947
v -0.00209926 -0.01387805 0.00835393
v -0.00395450 -0.01263683 0.00840826
v -0.00042751 -0.01614682 0.00768064
v -0.00200211 -0.01516956 0.00816606
v -0.00012800 -0.01680700 0.00698500
v -0.02233481 -0.00336322 0.00393406
v -0.02164840 -0.00397240 0.00386072
v -0.02158100 -0.00370939 0.00292985
v -0.02240480 -0.00436364 0.00305718
v -0.02069448 -0.00519779 0.00313556
v -0.02000353 -0.00671247 0.00403111
v -0.01735877 -0.00741872 0.00416047
v -0.01723652 -0.00831070 0.00472222
v -0.01680341 -0.00805543 0.00404732
v -0.01663338 -0.00804283 0.00426741
v -0.01655084 -0.00853762 0.00390392
v -0.01658871 -0.00872570 0.00390074
v -0.01656885 -0.00889245 0.00441594
v -0.01704561 -0.00861843 0.00420926
v -0.01634500 -0.00890300 0.00445300
v -0.01430605 0.02987758 0.00382622
v -0.01335685 0.02730595 0.00514078
v -0.01201750 0.02590393 0.00536329
v -0.01125404 0.02808921 0.00556494
v -0.00925844 0.02559679 0.00688049
v -0.00869632 0.02722601 0.00692297
v -0.00795919 0.02632553 0.00986859
v -0.00409149 0.02294080 0.01055175
v -0.00511141 0.02199486 0.01110328
v -0.00133103 0.01708995 0.01465277
v -0.00364244 0.02136192 0.01099333
v -0.00245618 0.02043619 0.01275460
v -0.00024630 0.01606081 0.01386955
v -0.00168179 0.01506704 0.01411239
v -0.00052071 0.01502094 0.01350675
v 0.00363458 0.01361509 0.01522154
v 0.00313847 0.01475916 0.01459326
v 0.00680012 0.01069368 0.01548288
v 0.00543569 0.01178724 0.01564007
v 0.00802313 0.01110339 0.01499498
v 0.00684297 0.01167567 0.01552200
v 0.00844278 0.01135593 0.01523268
v 0.00785145 0.01076417 0.01508895
v 0.00877227 0.01073797 0.01548160
v 0.00884399 0.01131666 0.01531668
v 0.00879663 0.01085303 0.01559471
v 0.00905400 0.01072200 0.01516900
v -0.00150572 0.02062723 0.01389284
v -0.00031664 0.01966047 0.01469604
v -0.00159923 0.01928121 0.01341371
v 0.00094699 0.01931525 0.01372707
v 0.00104574 0.02061833 0.01431835
v 0.00028246 0.02023855 0.01319350
v 0.00656179 0.01848609 0.01520781
v 0.00712207 0.01781256 0.01435911
v 0.00721981 0.01922617 0.01458552
v 0.01017104 0.01631310 0.01522208
v 0.00984663 0.01559390 0.01523108
v 0.00844216 0.01710270 0.01438769
v 0.01412450 0.01431511 0.01543372
v 0.01482867 0.01445521 0.01457946
v 0.01473883 0.01503088 0.01485472
v 0.01542848 0.01502354 0.01496054
v 0.01608530 0.01361122 0.01518019
v 0.01623257 0.01298394 0.01473885
v 0.01848286 0.01124448 0.01399898
v 0.01805123 0.01189413 0.01466996
v 0.01854900 0.01088800 0.01399400
v 0.00991013 0.02023380 0.01465732
v 0.00991443 0.01939534 0.01544222
v 0.01116806 0.01935765 0.01534198
v 0.01007215 0.01913171 0.01436071
v 0.01112642 0.01971275 0.01418548
v 0.01150949 0.02057302 0.01508357
v 0.01257536 0.01933502 0.01428191
v 0.01565844 0.01727347 0.01424303
v 0.01456661 0.01728766 0.01530704
v 0.01439427 0.01747218 0.01418627
v 0.01483451 0.01688731 0.01448147
v 0.01736438 0.01721957 0.01400071
v 0.01553728 0.01774394 0.01479063
v 0.01755357 0.01642308 0.01451541
v 0.01885460 0.01526346 0.01381637
v 0.01769983 0.01630118 0.01386997
v 0.01902400 0.01585715 0.01361273
v 0.01843551 0.01643721 0.01428065
v 0.01883022 0.01565125 0.01347498
v 0.01920200 0.01555100 0.01342700
v -0.00675110 0.04502006 -0.00280947
v -0.00516223 0.04323171 -0.00135062
v -0.00540146 0.04328519 -0.00317702
v -0.00362565 0.04398349 -0.00274083
v -0.00341378 0.04491039 -0.00149975
v -0.00305354 0.04258661 -0.00101196
v -0.00187554 0.04430254 -0.00183406
v 0.00273186 0.04543855 0.00184132
v 0.00275336 0.04460651 0.00020809
v 0.00175496 0.04429310 0.00089519
v 0.00498500 0.04188771 0.00374816
v 0.00601282 0.04096895 0.00520991
v 0.00499037 0.04128038 0.00559726
v 0.00471774 0.03995031 0.00507568
v 0.00899380 0.03939645 0.00715070
v 0.00872301 0.04044562 0.00594347
v 0.00916611 0.03998427 0.00712396
v 0.01036667 0.03649900 0.00759073
v 0.01091475 0.03701119 0.00782011
v 0.00971022 0.03716655 0.00790993
v 0.01037132 0.03713339 0.00830320
v 0.01049590 0.03667443 0.00841414
v 0.01083661 0.03633143 0.00819700
v 0.01207668 0.03655050 0.00812821
v 0.01131555 0.03688123 0.00840972
v 0.01137209 0.03643096 0.00797804
v 0.00562852 0.04342850 0.00428486
v 0.00679781 0.04317044 0.00453218
v 0.00770131 0.04315645 0.00420728
v 0.00750778 0.04406193 0.00340544
v 0.00705590 0.04404486 0.00386077
v 0.01072568 0.04648304 0.00302709
v 0.00983201 0.04670213 0.00326035
v 0.01023357 0.04686569 0.00249537
v 0.00982343 0.04610009 0.00226555
v 0.01524054 0.04618002 0.00292287
v 0.01489214 0.04610748 0.00360259
v 0.01567197 0.04555369 0.00353278
v 0.01656164 0.04615911 0.00293485
v 0.01647176 0.04595404 0.00326175
v 0.01740957 0.04547366 0.00259323
v 0.04410579 0.00351431 0.01781209
v 0.02341816 0.02950155 0.02535336
v 0.02526466 0.01960724 0.05380556
v 0.03006771 0.00409691 0.00803308
v 0.02942305 0.00328899 -0.00143168
v 0.03529813 0.02089630 0.03857729
v 0.01863661 0.01933681 0.01187663
v 0.00476366 0.01787385 0.02661099
v 0.03321474 -0.00567143 -0.00953585
v 0.00281245 0.01947380 0.01408976
v 0.00908950 0.02226433 0.00122020
v 0.01888981 0.03044616 0.03230500
v 0.01163065 0.01582237 -0.01540696
v -0.02028061 0.02100068 0.01096922
v -0.00534439 0.01094648 0.01351388
v 0.02338463 -0.01600954 -0.01318348
v -0.01425145 0.00225858 0.01270098
v 0.01470524 -0.01278891 -0.02396982
v -0.01325799 0.01419342 -0.01952039
v 0.02494492 -0.01682233 -0.01906228
v 0.03137265 -0.01088107 -0.00868447
v 0.00034593 -0.01380321 -0.02644271
v -0.02727594 0.01786002 -0.00314950
v -0.04483331 -0.01112135 -0.02453257
v -0.04278712 -0.00865076 -0.01958022
v -0.05457142 0.00500659 -0.00786309
v -0.01920475 -0.00513780 -0.02656196
v -0.01302299 -0.02699930 -0.01957835
v -0.04272453 -0.00717661 -0.01236436
v 0.01098533 -0.02967437 -0.01897092
v -0.04222423 -0.01945431 -0.02480528
v -0.00721266 -0.04348071 -0.00846130
v -0.02954395 -0.02178020 -0.01891996
v -0.01573355 -0.04561035 0.00611196
v 0.02728881 0.00932890 0.05794809
v 0.02052295 0.01491797 0.03614471
v 0.03652654 -0.00481531 0.05732674
v 0.04332718 0.00235228 0.04242201
v 0.02811926 0.01077931 0.03846601
v 0.04477761 0.00066501 0.02516988
v 0.03416030 0.00645904 0.01869653
v -0.01890707 0.00622144 0.00747493
v -0.03470496 -0.01518087 -0.00381386
v -0.04143691 0.00505339 -0.00522547
v 0.02652040 -0.00195800 -0.00283930
v -0.04434477 -0.01421803 -0.02410464
v -0.04548531 -0.02110707 -0.02160342
v 0.02359953 0.00348579 -0.00803540
v 0.02928351 -0.00857459 -0.01488689
v -0.02201600 -0.02034900 0.00493000
v 0.02852166 -0.00546152 -0.00418876
v 0.02767558 0.00298872 -0.01154796
v 0.05610593 -0.00941084 -0.01239056
v 0.05873557 -0.00002248 -0.00668244
v 0.02778828 -0.00431567 -0.01415755
v 0.03218524 -0.01596345 -0.01740746
v 0.03657290 -0.01943770 -0.01687385
v 0.05542530 -0.01179335 -0.01395375
v 0.05280635 -0.02035892 -0.01469438
v -0.04082775 -0.01683123 -0.01667089
v -0.04298673 -0.00662965 -0.01676083
v -0.06310687 -0.00879790 -0.01700108
v -0.04628798 0.00510902 -0.01049089
v -0.04172408 -0.00881091 -0.00853423
v -0.04300644 0.00699566 -0.00065013
v -0.05995579 -0.01027257 -0.00858102
v -0.06517522 -0.00020781 -0.00340591
v -0.06371521 -0.01703557 -0.01657533
v -0.06493939 -0.01071957 -0.02082302
v 0.02848216 0.01021723 0.02085581
v 0.02722752 0.02134300 0.03593614
v 0.01251672 0.02031064 0.01721873
v 0.02128405 0.01097583 0.01008694
v 0.00613677 0.01932714 -0.00091072
v 0.01662109 -0.00132299 -0.01299825
v 0.00535683 0.01488552 0.01598141
v -0.02522758 0.01608186 -0.00125130
v 0.01911855 -0.00707318 -0.00544122
v -0.01375432 -0.04007908 -0.00186168
v 0.00043735 -0.00231765 -0.02280096
v 0.00380246 -0.03063272 -0.01613055
v -0.01651943 -0.01987263 0.00601704
v -0.00147148 -0.01765276 -0.02152469
v -0.01175041 -0.02454518 0.00977875
v -0.00844961 -0.01823562 0.00963159
v -0.01181307 0.01714969 0.00907141
v -0.02517998 -0.02260641 -0.00430419
v 0.00706880 0.01519724 -0.01306210
v -0.02552072 0.00500719 -0.01861937
v -0.02780288 -0.02063596 -0.01834775
v -0.02740095 0.01039754 -0.01175126
v -0.01392552 0.01464285 0.00835255
v -0.03321543 0.00902064 -0.00975592
v -0.01585560 -0.00884462 -0.02460360
v -0.03360382 -0.00619931 -0.01854383
v -0.03702102 -0.00765882 -0.00756862
v 0.00719507 -0.00285871 0.00436769
v 0.00575615 -0.00894279 0.00390927
v -0.00179566 -0.01380333 0.00733761
v -0.00935400 -0.03459400 0.00683100
v 0.00408100 -0.00958100 0.00462400
v -0.00748836 -0.03464946 0.02109609
v -0.01231242 -0.03197879 0.01421073
v -0.00324853 -0.05111181 0.00856184
v -0.00875047 -0.03170870 0.02660125
v -0.00078886 -0.01425471 0.04458181
v 0.01269986 -0.04648778 0.00938324
v -0.01704747 -0.01171000 0.01251345
v -0.00659250 -0.02241172 0.03750605
v -0.01799354 -0.02759726 -0.01062971
v -0.01636176 0.00252675 0.01510469
v 0.01435450 -0.04990651 -0.00377175
v 0.00114481 -0.05281145 -0.01732211
v -0.00704085 0.00297734 0.03134847
v -0.01001915 -0.03218003 -0.02163998
v 0.01336779 0.01118852 0.04384396
v -0.01941438 -0.00679337 -0.01778708
v 0.00724983 -0.01803537 -0.02971328
v 0.00983798 -0.03173040 -0.02480681
v -0.00793336 0.01988861 0.02189791
v 0.02076807 -0.03671808 -0.01591271
v 0.01942248 0.02258120 0.04199281
v -0.01826709 0.01433730 -0.00615395
v 0.00435387 0.02991427 0.02274043
v -0.00872608 0.03579461 0.01106969
v 0.00318063 -0.00568331 -0.02912396
v -0.01573894 0.02131801 -0.01485611
v 0.01283500 0.02967775 0.01288658
v 0.00021796 -0.00203637 -0.02903864
v 0.02225563 0.03489871 0.03502158
v -0.01032320 0.00526409 -0.02925680
v 0.02834099 0.02331872 0.02612032
v -0.00176226 0.04381629 -0.01634770
v 0.01779726 0.01844801 0.01281294
v 0.01812251 0.01509679 0.00917382
v 0.01465655 0.04819133 -0.00239218
v 0.00460826 0.02890308 -0.01785983
v 0.02066075 0.01918174 -0.01234857
v 0.02348165 0.01095183 -0.00812962
v 0.01236169 0.04658768 -0.01261854
v -0.00829711 -0.05190188 -0.01070564
v -0.00849431 0.04722915 0.00302341
v 0.02390700 -0.02966400 -0.01321900
v 0.02178520 -0.02515608 -0.02060338
v 0.01543790 -0.00092366 -0.02168915
v 0.02077291 0.00639678 -0.01674364
v -0.01134704 -0.05028113 -0.00379927
v 0.01128856 -0.04981359 0.00518418
v -0.01241150 -0.02564639 0.00454029
v -0.00383115 -0.03548184 0.00769147
v 0.00418866 -0.03385432 0.00009746
v 0.00671349 -0.05237965 -0.01555466
v 0.02221415 -0.03008091 -0.01477067
v 0.00546205 -0.02887571 -0.02468110
v -0.01739826 -0.02153379 -0.00905653
v -0.00816276 -0.01249961 0.02952863
v -0.01505403 -0.00385717 0.01112528
v 0.02041854 -0.01927853 -0.01449403
v -0.01671535 0.01476771 -0.01221457
v -0.00203892 -0.00745162 0.03428220
v -0.01266600 -0.01250020 -0.02376260
v 0.00556685 -0.01117039 -0.02788552
v 0.00300534 0.04688835 0.00851114
v -0.01282748 0.00277279 0.02169665
v -0.01049856 0.01980455 0.01340968
v -0.00224157 0.03453718 0.01392079
v -0.01175804 0.03117880 0.00230011
v -0.01193505 0.04634777 -0.00827413
v -0.01071578 0.00784772 -0.02500024
v -0.00005718 0.01107971 0.03191311
v 0.01127584 0.02902731 0.01050957
v 0.01457761 0.00875994 0.00504653
v 0.01389104 0.01997749 0.03500189
v 0.01577677 0.01305603 0.00432546
v 0.01960921 0.01529275 -0.01290706
v 0.01537708 0.02846956 -0.00870643
v 0.00789747 0.02912237 0.02030657
v -0.00498749 0.02981668 -0.01592215
v 0.02203263 0.02518388 0.02681373
v 0.01120388 0.02840622 -0.01320767
v -0.01889597 0.00833521 0.03121351
v -0.00299179 0.01992880 0.03296135
v 0.00654275 0.00066524 0.02178441
v -0.00742632 0.00044541 0.01166569
v 0.01110111 0.02029122 0.02190882
v -0.00365413 0.00710265 -0.00780985
v -0.01154205 0.02161110 0.01013730
v 0.00485451 0.00271922 -0.00846735
v 0.01737371 0.00959627 -0.02002501
v 0.00962200 0.02898589 -0.00411044
v 0.01359489 0.00325285 -0.01358319
v 0.00667418 0.02293884 -0.02644063
v 0.00576274 0.01222310 -0.02168286
v -0.00601471 0.01146192 -0.02115825
v 0.00181807 -0.02047647 -0.02575645
v 0.01048493 0.01183961 -0.03426938
v -0.00334098 -0.01713891 -0.04390329
v 0.01486858 -0.01680711 -0.02940630
v 0.01028336 -0.02419099 -0.04733272
v -0.00517109 -0.02203759 -0.03442237
v -0.00650147 0.00471109 0.02669409
v -0.01567743 0.03427829 0.02179760
v 0.00020602 0.01405645 0.00817242
v 0.01431302 0.03308657 0.01567330
v 0.01174837 0.02838254 -0.03661120
v 0.01413438 0.01060133 -0.02420304
v -0.00791367 0.00180417 -0.03458550
v 0.02186200 -0.05027200 -0.04733150
v 0.01489025 -0.05224463 -0.04118112
v 0.01543350 -0.03158175 0.01637850
v 0.00137050 -0.04119275 0.00671175
v -0.00634300 -0.04626650 0.02317550
v 0.00198300 -0.04054000 0.03367900
v -0.00754800 -0.04625900 0.01942100
v -0.00000900 -0.04397600 0.03223700
v 0.00198626 -0.01536139 0.01664494
v -0.00511175 -0.04650672 0.02691711
v -0.00015393 -0.03187822 0.04246338
v -0.02573208 -0.02489453 0.03754191
v -0.00800837 0.00574225 0.03060363
v -0.00389250 0.04741650 0.01582650
v -0.01169100 0.04467100 0.01485100
v -0.01071259 0.04115281 0.01415047
v -0.00339601 0.04361701 0.00807522
v -0.00169421 0.04574844 0.01416183
v -0.00754000 0.03604400 0.00750300
v -0.00593250 0.04244500 0.00770800
v 0.00116750 0.03784500 0.01096450
v -0.00576650 0.03475050 0.01538800
v -0.01062153 0.03157280 0.03652144
v -0.01340987 0.02514297 0.03565923
v -0.01523369 0.03089599 0.03121681
v -0.01583819 0.03002141 0.03638753
v -0.00861263 0.02734050 0.03005762
v -0.00367000 0.03945750 0.02098100
v -0.01071288 0.04159825 0.02227475
v -0.01172300 0.03512200 0.02222200
v -0.00678200 0.03906300 0.01872800
v -0.01033550 0.03415350 0.02569350
v -0.00741375 0.03258825 0.01801000
v 0.00235356 -0.04036813 0.02468619
v -0.00620569 0.00322944 0.02033212
v -0.00854300 0.04126200 0.00930575
v -0.00227475 0.04324625 0.00976475
v -0.00372800 0.04753600 0.01563700
v -0.01070425 0.04490175 0.01541725
v -0.00654200 0.04070500 0.02926100
v 0.01086363 -0.05321012 -0.03881875
v 0.01661763 0.01771596 -0.02104744
v 0.00122150 0.00647200 0.03763450
v -0.00696924 0.02520558 -0.02042546
v 0.00495344 0.01668565 0.00578565
v -0.01946050 0.00790050 0.03533550
v -0.00609672 0.02643859 -0.00793706
v -0.01658432 -0.00533600 0.04590620
v -0.02194070 -0.02819515 0.02544411
v 0.01762558 0.02946288 -0.00618462
v -0.00558100 0.04011700 0.01995200
v -0.01154400 0.03508300 0.02388600
v -0.00887425 0.03753450 0.01930750
v -0.01222475 0.00449162 0.02332088
v -0.02144823 0.01942338 0.02564609
v 0.00495774 0.03889731 0.02369123
v 0.01417188 -0.03244825 0.01510300
v 0.00836544 -0.02121735 0.02921455
v -0.00074994 0.04316609 0.01231166
v 0.00075650 0.03723650 0.01306900
v -0.00260500 0.03562200 0.01569550
v -0.00783300 0.04046300 0.01650400
v -0.00640700 0.04369000 0.02238300
v -0.00541550 0.03068750 0.02533650
v -0.00446700 0.03719200 0.02764700
v -0.00856575 -0.03353935 0.04223670
v -0.00376780 -0.01546280 0.01307984
v -0.00446325 0.00756350 0.04006550
v -0.01027900 0.04054000 0.01265700
v -0.01203750 0.03867350 0.02762050
v 0.01119673 0.03490412 -0.02627791
v -0.00059737 -0.00153140 -0.04746745
v -0.00019778 -0.04269650 0.03272160
v -0.01452900 -0.03944359 0.01721664
v -0.00694000 0.03483900 0.01347150
v -0.00299750 0.03785000 0.02577550
v -0.01208875 0.03777600 0.02235350
v -0.00357200 0.03477800 0.01745200
v -1.00000000 1.00000000 1.00000000
v 1.00000000 1.00000000 -1.00000000
v -1.00000000 0.00000000 1.00000000
v -1.00000000 0.00000000 -1.00000000
v 1.00000000 0.00000000 -1.00000000
v 1.00000000 0.00000000 1.00000000
v 1.00000000 1.00000000 1.00000000
v -1.00000000 1.00000000 -1.00000000
v 0.29817879 0.60764892 -0.22758590
v 0.47951434 -0.60316724 -0.21074757
v 0.46580243 0.61552338 -0.21144623
v 0.59004600 -1.00355300 -0.80571800
v 0.43737151 0.91496230 -0.65541417
v 0.74089662 -0.99848826 -0.66126532
v 0.48447300 1.00018100 -0.61153200
v 0.53688100 1.00000000 -0.47139700
v 0.93183700 -1.00138600 -0.35369400
v 0.98060500 -0.60804600 -0.05288000
v 0.99545210 -0.58888244 0.02335664
v 0.97355049 -0.82924310 0.12852138
v 0.84076152 0.70765035 0.13231539
v 0.82535700 -1.00881600 0.54469700
v 0.54869500 1.00104800 0.44298500
v 0.71499100 -0.60118700 0.16866100
v 0.48447300 1.00018100 0.61153200
v 0.59004600 -1.00355300 0.80571800
v 0.39359700 1.00000300 0.76331600
v 0.28613416 0.96049029 0.82876038
v 0.39046429 -0.60418960 0.22089378
v 0.08060100 0.59469600 0.23879900
v -0.29817879 0.60764892 0.22758590
v -0.46580243 0.61552338 0.21144623
v -0.43737151 0.91496230 0.65541417
v -0.66234000 -1.00468600 0.74579200
v -0.77281566 -0.99437841 0.62729522
v -0.48447300 1.00018100 0.61153200
v -0.93183700 -1.00138600 0.35369400
v -0.54869500 1.00104800 0.44298500
v -0.98060500 -0.60804600 0.05288000
v -0.99545210 -0.58888244 -0.02335664
v -1.00080577 0.59051245 -0.00225985
v -0.97330886 0.60006561 -0.05426236
v -0.97355049 -0.82924310 -0.12852138
v -0.82535700 -1.00881600 -0.54469700
v -0.53688100 1.00000000 -0.47139700
v -0.48447300 1.00018100 -0.61153200
v -0.71499100 -0.60118700 -0.16866100
v -0.39359700 1.00000300 -0.76331600
v -0.51052800 -1.00280700 -0.85913500
v -0.28613416 0.96049029 -0.82876038
v -0.37531217 -0.59959361 -0.22213490
v -0.08060100 0.59469600 -0.23879900
v 0.05329600 -0.59854500 -0.23895300
v 0.62108800 0.61721000 -0.18740900
v 0.69654900 -0.60014400 -0.17123400
v 0.70710700 0.60000000 -0.16817300
v 0.79875500 0.64557300 -0.14501700
v 0.85541000 -0.60195700 -0.12497800
v 0.84105347 0.70474907 -0.13765633
v 0.97882530 0.59523872 -0.04813896
v 1.00079380 0.59033171 0.00232463
v 0.97035700 0.59659900 0.05693300
v 0.92532000 -0.60588300 0.09410600
v 0.79892400 0.64540700 0.14479100
v 0.68928800 0.62243500 0.17383800
v 0.54589100 0.61363200 0.20035700
v 0.37797800 0.60767900 0.22103100
v -0.05329600 -0.59854500 0.23895300
v -0.48436041 -0.60762574 0.21055361
v -0.62108800 0.61721000 0.18740900
v -0.69654900 -0.60014400 0.17123400
v -0.70710700 0.60000000 0.16817300
v -0.79875500 0.64557300 0.14501700
v -0.85541000 -0.60195700 0.12497800
v -0.84005379 0.70673991 0.13533151
v -0.97641300 0.59114400 0.05070100
v -0.92532000 -0.60588300 -0.09410600
v -0.84126377 0.70484718 -0.13563207
v -0.79892400 0.64540700 -0.14479100
v -0.68928800 0.62243500 -0.17383800
v -0.54589100 0.61363200 -0.20035700
v -0.37797800 0.60767900 -0.22103100
v -0.01748703 0.04675191 -0.03929092
v -0.01698322 0.04549490 -0.04243299
v -0.00819328 0.04467118 -0.03668479
v -0.00569275 0.04055517 -0.03252281
v -0.00373792 0.04056628 -0.02467818
v -0.00271168 0.03854555 -0.02269628
v -0.00129865 0.03304253 -0.01692664
v -0.00244742 0.03405512 -0.01487371
v -0.00525566 0.03786017 -0.02474571
v -0.00380534 0.03172374 -0.01492886
v -0.00235934 0.02927164 -0.01405983
v -0.00100757 0.03129704 -0.01337948
v -0.00108691 0.02413025 -0.00691594
v -0.00316330 0.01788340 -0.00253320
v -0.00174276 0.01735201 -0.00393339
v -0.00048733 0.01438876 -0.00087998
v -0.00214361 0.01162839 -0.00047568
v -0.00254329 0.01279813 0.00029421
v -0.00166285 0.01460455 0.00054204
v -0.00233390 0.00915902 0.00150765
v -0.00286590 -0.00349813 0.00556642
v -0.00319807 0.00280319 0.00356309
v -0.00164190 -0.00037619 0.00472243
v -0.00271092 -0.00148110 0.00663441
v -0.00123551 -0.00111840 0.00562181
v -0.00087249 -0.00891509 0.00676411
v -0.00202955 -0.00646067 0.00738581
v 0.00028653 -0.00694739 0.00678819
v 0.00171866 -0.01197752 0.00643108
v 0.00092865 -0.00862146 0.00634082
v 0.00026675 -0.01362703 0.00671416
v -0.00082454 -0.01398926 0.00569013
v 0.00004672 -0.01344322 0.00500530
v -0.00310641 -0.02044907 0.00494441
v -0.00288545 -0.02168621 0.00331193
v -0.00148646 -0.02682755 -0.00004371
v -0.00317524 -0.02590836 0.00221213
v -0.00087082 -0.02799161 -0.00013411
v -0.00376133 -0.02433994 0.00232760
v -0.00064423 -0.03025036 -0.00357207
v -0.00017981 -0.03097478 -0.00325505
v 0.00039958 -0.03058619 -0.00423082
v 0.00073200 -0.03104900 -0.00434600
v 0.00564975 -0.01055908 0.00673005
v 0.00482624 -0.01195767 0.00633822
v 0.00394230 -0.01040113 0.00609898
v 0.00435682 -0.01170986 0.00754543
v 0.00525454 -0.01906674 0.00528718
v 0.00633658 -0.01635354 0.00675731
v 0.00530107 -0.02763740 0.00010590
v 0.00480182 -0.02504459 0.00268493
v 0.00635761 -0.02727504 -0.00023025
v 0.00529982 -0.02883715 -0.00203622
v 0.00376584 -0.02939168 -0.00296644
v 0.00347214 -0.02957812 -0.00386293
v 0.00408381 -0.02988339 -0.00324258
v 0.00400232 -0.02930414 -0.00358949
v 0.00270113 0.01140535 0.00190598
v 0.00438247 0.00977723 0.00288315
v 0.00240953 0.01044845 0.00060993
v 0.00430275 0.00945364 0.00095870
v 0.00372513 0.01201109 0.00066563
v 0.00529061 0.01014845 0.00239888
v 0.00382111 0.00459458 0.00422876
v 0.00542180 0.00526582 0.00403368
v 0.00617890 -0.00010619 0.00548891
v 0.00638939 0.00137291 0.00439026
v 0.00753815 0.00074610 0.00516826
v 0.00732995 0.00099178 0.00474529
v 0.00758492 -0.00487597 0.00711483
v 0.00737313 -0.00788618 0.00650601
v 0.00845016 -0.00716239 0.00600450
v 0.01093373 -0.01144920 0.00447431
v 0.00988225 -0.01056001 0.00673402
v 0.01073691 -0.01226262 0.00481089
v 0.01406909 -0.01292192 0.00239225
v 0.01393124 -0.01362457 0.00274940
v 0.01488600 -0.01676246 -0.00017906
v 0.01494183 -0.01637249 0.00145427
v 0.01455128 -0.01714235 0.00031667
v 0.01738417 -0.02033498 -0.00385895
v 0.01750172 -0.02017868 -0.00446861
v 0.01671047 -0.02047477 -0.00466797
v 0.01667134 -0.02056382 -0.00418429
v 0.01639761 -0.02270221 -0.00543442
v 0.01679653 -0.02262449 -0.00554939
v 0.01172413 -0.01279245 0.00411307
v 0.01229850 -0.01360768 0.00421899
v 0.01135452 -0.01405276 0.00418582
v 0.01214264 -0.01460201 0.00444912
v 0.01166094 -0.01384290 0.00368803
v 0.01198261 -0.01667370 0.00401019
v 0.01093617 -0.01873056 0.00415242
v 0.01142361 -0.01899095 0.00358806
v 0.01075652 -0.02059893 0.00266961
v 0.01224984 -0.02149622 0.00107046
v 0.01225722 -0.02304110 0.00067554
v 0.01242817 -0.02287726 0.00030882
v 0.01174959 -0.02236112 0.00050163
v 0.01150888 -0.02404071 0.00036633
v 0.01061406 -0.02540145 -0.00085561
v 0.01094512 -0.02568036 -0.00079534
v 0.01045104 -0.02548369 -0.00078511
v -0.00866283 0.00696935 0.00855592
v -0.00800868 0.00831726 0.00755197
v -0.00571896 0.00765135 0.00539770
v -0.00897266 0.00753799 0.00695850
v -0.01081442 0.00538378 0.00899916
v -0.01322589 0.00046104 0.01143757
v -0.01314474 -0.00069949 0.01064337
v -0.01170497 0.00084471 0.01123605
v -0.01808494 -0.00466549 0.01147992
v -0.01820160 -0.00574030 0.01134564
v -0.01877103 -0.00645538 0.01148669
v -0.01791921 -0.00431348 0.01273691
v -0.01840033 -0.00735628 0.01167959
v -0.01787077 -0.00619800 0.01178202
v -0.01826770 -0.00755242 0.01156277
v -0.01821900 -0.00771800 0.01107800
v -0.00350102 0.02442927 -0.00453803
v -0.00327010 0.02292387 -0.00521753
v -0.00359156 0.02286668 -0.00178111
v -0.00221992 0.02383444 -0.00500209
v -0.00293171 0.02389208 -0.00340014
v -0.00425050 0.02407791 -0.00418107
v -0.00584592 0.02285893 -0.00079911
v -0.00497466 0.02382267 0.00003812
v -0.00608843 0.02359779 -0.00040813
v -0.00507355 0.02258133 0.00020696
v -0.00620830 0.02003446 0.00308866
v -0.00752344 0.01976552 0.00268166
v -0.00775951 0.01956545 0.00365371
v -0.00936475 0.02003816 0.00586683
v -0.00803789 0.02059183 0.00349559
v -0.01327685 0.01943043 0.00879585
v -0.01139933 0.01951849 0.00777633
v -0.01383282 0.01901545 0.00934569
v -0.01355881 0.01851074 0.00859908
v -0.01508970 0.01945921 0.00966639
v -0.01532412 0.01948353 0.00957828
v -0.01410909 0.01917519 0.00865088
v -0.01498800 0.01881440 0.00951261
v -0.02069004 -0.00860071 -0.00957861
v -0.02013960 -0.00969375 -0.00816638
v -0.01807201 -0.00957127 -0.01169630
v -0.01913028 -0.01023441 -0.00233610
v -0.02170785 -0.00714113 -0.00195958
v -0.01497701 -0.00096219 -0.00991377
v -0.01725584 -0.01008715 -0.01209252
v -0.01627607 -0.00427561 -0.00292243
v -0.01240440 -0.00346092 -0.00275652
v -0.01097226 -0.00109824 -0.00351015
v -0.01014851 -0.01349509 0.00047535
v -0.01124984 -0.00676367 -0.00081533
v -0.01090456 -0.00582939 -0.00170490
v -0.01311633 0.00204959 -0.00608070
v -0.01158499 -0.00779494 0.00019469
v -0.01054962 -0.00822546 -0.00175261
v -0.00654360 0.00827305 -0.00829835
v -0.00696217 0.00709309 -0.00710558
v -0.00738057 0.01369160 -0.01106767
v -0.00354182 0.01268717 -0.01521726
v -0.00885960 -0.00452032 -0.01755117
v -0.00319792 0.00238991 -0.01898400
v -0.01042000 -0.00152035 -0.00346032
v -0.00105450 -0.00533999 0.00145313
v -0.00926322 0.00188691 -0.00650213
v 0.00223146 -0.00200686 0.00157214
v -0.00175795 0.02009989 -0.01371112
v 0.00026274 0.00868512 -0.01894969
v -0.00494178 -0.00004641 -0.00205192
v -0.00879928 0.00434065 -0.00675713
v -0.00003733 0.00223362 -0.00149904
v 0.00077914 0.01109443 -0.01821254
v -0.00213472 0.00543859 -0.00414964
v -0.00114974 0.01291405 -0.00814067
v -0.00000265 0.01644151 -0.01737747
v -0.00924978 -0.00526668 -0.00146487
v 0.00328628 0.00775779 -0.00226715
v -0.00040441 0.01813619 -0.01381087
v 0.00055092 0.01599535 -0.00833350
v -0.00884235 -0.01155492 -0.00028329
v 0.00796894 0.01435396 -0.00179540
v 0.00414311 -0.00248730 0.00343194
v 0.00555743 0.00584454 -0.00016148
v -0.00229357 -0.01010747 0.00229156
v 0.00135012 -0.01003155 0.00436487
v 0.00885119 0.01442872 -0.00313866
v -0.00047412 -0.00696888 0.00251593
v 0.00798488 0.00212195 0.00352517
v 0.00540009 0.00831804 -0.00168146
v 0.00150784 -0.00705505 0.00339219
v 0.00287163 0.00630718 -0.00147023
v 0.00426030 0.00042686 0.00207547
v 0.01264195 0.00186866 0.00881084
v 0.01061467 0.00327485 0.00483646
v 0.00863247 0.01262287 -0.00243781
v 0.00508717 -0.00706572 0.00617568
v 0.01036600 0.01301430 0.00023961
v 0.00994294 -0.00298526 0.00778652
v 0.01189433 0.00980320 0.00247839
v 0.00523972 -0.01132725 0.00717339
v 0.00636730 -0.01161007 0.00853968
v 0.00309508 -0.00942140 0.00551440
v 0.01382945 0.01096682 0.00261895
v 0.00857153 -0.00908047 0.00908905
v 0.01645161 -0.00319980 0.01426877
v 0.00977541 0.00323667 0.00532488
v 0.01090131 0.01219310 0.00105032
v 0.00980060 0.00736725 0.00248574
v 0.01458155 -0.00544793 0.01280517
v 0.00918270 -0.00995509 0.00991262
v 0.01476270 0.00767137 0.00674912
v 0.01344117 0.00759734 0.00611069
v 0.01692754 0.00764912 0.00883065
v 0.01708971 0.00253718 0.01248524
v 0.01683094 0.00761516 0.00830782
v 0.01593770 0.00241876 0.01100249
v 0.01759967 0.00703863 0.00911228
v 0.02152598 -0.00488588 0.01746947
v 0.01714604 0.00384688 0.01166492
v 0.01903606 0.00537922 0.01157057
v 0.01866616 0.00550809 0.01190242
v 0.02379821 -0.00699097 0.01935917
v 0.01910832 0.00476739 0.01253466
v 0.02322861 0.00005698 0.01979556
v 0.02477709 -0.00529709 0.02037235
v 0.01697964 0.00204791 0.01294498
v 0.02305917 0.00053370 0.01997379
v 0.02403144 0.00034254 0.02042236
v -0.02493983 -0.00608176 -0.00097986
v -0.02541861 -0.00564683 -0.00395039
v -0.02304312 -0.00696655 -0.00802408
v -0.02006806 -0.00622699 -0.00075410
v -0.02085564 -0.00788708 -0.00116676
v -0.01838793 -0.00118159 -0.00333653
v -0.02305675 -0.00633297 -0.00572553
v -0.00891673 0.00063612 -0.01568149
v -0.01379363 0.00447814 -0.00403224
v -0.01100286 -0.00119981 -0.01485933
v -0.01344102 0.00204160 -0.00247920
v -0.01405109 -0.00143658 -0.00148934
v -0.01281854 0.00082483 -0.00281724
v -0.01398556 -0.00572650 -0.01364617
v -0.00983311 0.01062569 -0.01539481
v -0.01249882 -0.00434981 -0.00045002
v -0.01053010 0.00485672 -0.00380562
v -0.00802654 0.01112671 -0.00637829
v -0.00902845 0.00831437 -0.00541022
v -0.01353266 0.00439117 -0.00554947
v -0.00552892 0.00250054 -0.01770286
v -0.01248733 -0.00574935 0.00111458
v -0.01168919 0.00137290 -0.00292267
v -0.00309964 0.00928113 -0.01695725
v -0.00329703 -0.01301154 0.00424268
v -0.01771373 -0.00447859 -0.00103206
v -0.01058088 -0.00244661 -0.00071543
v 0.00695036 -0.01049808 0.00913172
v -0.00626799 0.01561166 -0.00807546
v -0.00091639 -0.01024849 0.00402195
v -0.00710721 0.00288760 -0.00339111
v 0.00021602 0.01934959 -0.00809483
v -0.00527104 0.01516647 -0.01136912
v -0.00174134 0.01070668 -0.01522226
v -0.00114971 0.01694543 -0.01369019
v 0.00179635 -0.00683130 0.00431511
v -0.00407667 0.00596663 -0.00405627
v -0.00022419 0.01446420 -0.00660151
v -0.00045235 0.01829895 -0.01144117
v -0.00063960 -0.00717798 0.00301078
v 0.00475495 -0.00467446 0.00489288
v 0.00336463 0.00661701 -0.00064378
v 0.00570225 0.01556393 -0.00577052
v -0.01167455 -0.00378816 -0.00020388
v 0.00701417 -0.01109369 0.01015288
v -0.00381153 0.00579410 -0.00232931
v -0.00337312 0.01180033 -0.00588872
v 0.00362077 0.00534716 -0.00190157
v -0.00154638 0.01944485 -0.00935662
v 0.00033418 -0.00690731 0.00522332
v 0.00066850 0.00062553 0.00032853
v 0.00414956 0.00852846 -0.00210938
v 0.00357097 0.00755671 -0.00246299
v 0.00593016 0.01601996 -0.00401172
v 0.00884133 -0.00919952 0.01019164
v 0.00182148 0.00233583 0.00122077
v -0.00073017 -0.01275942 0.00653671
v 0.00909479 0.00981531 -0.00156446
v 0.00716802 0.01263987 -0.00284262
v 0.00657888 -0.00445254 0.00649380
v 0.01102234 -0.00037507 0.00476860
v 0.00620054 -0.00464830 0.00480739
v 0.01224138 -0.00052976 0.00652521
v 0.00916470 0.01260571 -0.00238779
v 0.01000510 -0.00710937 0.00803736
v 0.01026691 -0.01160332 0.01180489
v 0.00817721 -0.01126959 0.01023767
v 0.01421155 0.00262934 0.00337115
v 0.01393237 -0.01016310 0.01293906
v 0.01368392 -0.00297943 0.00609624
v 0.01303804 0.00937496 -0.00083765
v 0.01931211 -0.00543116 0.01249040
v 0.01496021 0.00083477 0.00565038
v 0.01512916 0.00070935 0.00554299
v 0.01493477 -0.00874534 0.01481944
v 0.01792442 -0.00861186 0.01595714
v 0.01316506 -0.01103834 0.01531296
v 0.02100964 -0.00696075 0.01451756
v 0.01752245 -0.00448542 0.01162795
v 0.01822866 0.00149887 0.00574161
v 0.02354934 -0.01166029 0.02099663
v 0.01714037 -0.00236037 0.00711954
v 0.01998539 -0.00129712 0.01013173
v 0.02135514 -0.00399018 0.01289261
v 0.02466299 -0.00732929 0.01526613
v 0.02379631 -0.01370358 0.02068230
v 0.02420069 -0.01247369 0.02035505
v 0.02625519 -0.00839804 0.01813113
v 0.02596163 -0.00935490 0.01761874
v 0.03060506 0.00464648 0.00351476
v 0.02190953 0.02659255 -0.00556757
v 0.00634586 0.03650164 0.01450271
v -0.00298211 0.03667395 -0.02143072
v 0.00242234 0.02801465 -0.02874306
v 0.02964013 -0.01184223 -0.00419798
v 0.02928169 0.00271092 0.02924247
v 0.03124503 -0.01341505 0.02537642
v 0.02166332 -0.00108838 -0.02047529
v 0.02061700 -0.01811800 -0.01382400
v 0.00055296 0.01467093 -0.03464180
v 0.01899988 0.01430902 0.03812891
v 0.01591018 -0.03228870 -0.00864041
v 0.01416054 0.01172086 0.04195828
v 0.01957378 -0.03379208 0.00711877
v 0.02752987 -0.01855403 0.03340252
v 0.00272471 -0.03115143 -0.02120244
v 0.02655741 -0.02242110 0.03615324
v 0.01688292 -0.01618520 0.04846757
v -0.00366336 -0.00754272 -0.03995376
v 0.01688808 -0.03516162 0.03078919
v 0.01165425 -0.03707560 0.02206486
v 0.01046112 -0.02987883 0.03882239
v 0.00753023 -0.03603380 0.02354980
v 0.00327168 -0.03624513 0.01951632
v -0.02186658 -0.02380180 -0.03013908
v -0.00314690 -0.03748759 -0.00711645
v -0.03883232 -0.01477659 -0.02276865
v -0.02102981 -0.03484938 0.00325993
v -0.04596282 -0.01307260 -0.00989454
v -0.03601953 -0.02754415 -0.00067817
v -0.03769298 -0.02576982 -0.01509865
v 0.00671991 0.01964784 -0.03116191
v 0.00535874 0.02900831 0.02745829
v 0.00982211 0.03097165 0.02193589
v 0.01293656 0.03689644 0.00446432
v 0.00087400 0.03787800 -0.01686100
v 0.01179054 0.03375097 -0.01530956
v 0.00001282 0.04126526 -0.00367247
v 0.00350451 0.04030278 0.00192097
v 0.01727029 -0.01117331 -0.00679228
v 0.01242801 -0.00047956 0.03802232
v 0.00264922 -0.02685380 0.00966372
v -0.01115171 -0.01625486 -0.02607166
v 0.00758756 0.01372678 0.03053241
v -0.00275933 -0.01024113 0.02459005
v 0.01952420 0.00895819 0.00156795
v -0.00573268 -0.00870596 -0.03027222
v -0.02026405 -0.02359687 -0.00707193
v 0.01102839 0.02048753 -0.01399880
v 0.01498624 0.01785283 0.00896292
v -0.00152533 0.01182841 -0.02564617
v -0.01174163 0.02478135 -0.02346261
v -0.00620551 0.00433239 0.02498476
v -0.01560291 0.03299684 -0.01488402
v -0.02333713 0.02506366 -0.01881422
v -0.02197212 -0.00142632 -0.03531749
v -0.03560882 -0.00820427 -0.01919519
v -0.02215872 -0.00946708 -0.00068484
v 0.00210638 0.03228270 0.00543336
v -0.02223088 0.00743403 0.00790734
v -0.01927194 0.01610951 0.00924073
v -0.01214938 0.02516421 0.00870596
v -0.03532139 0.01006457 -0.01352446
v -0.00807900 0.01654624 -0.02847354
v -0.01655655 -0.00451524 -0.03097552
v -0.03112699 -0.00705883 -0.00572288
v -0.03719536 0.01925512 -0.00632929
v -0.01450400 0.03489717 0.00091208
v -0.02611792 0.04869470 -0.00657763
v -0.02227504 0.04381990 0.00384555
v -0.04525215 0.03550668 -0.00890484
v -0.02936628 0.02376601 0.00770764
v -0.03380333 0.04456267 0.01206545
v -0.04634164 0.03595515 0.01121364
v 0.00908786 -0.02648446 -0.00359995
v 0.02091941 0.00121727 0.01912827
v 0.01532229 -0.02305919 0.02971127
v 0.01311798 -0.02039722 0.03747906
v 0.02071858 -0.01542233 0.01141925
v -0.03649329 0.03239465 -0.01624053
v -0.04050827 0.03735654 -0.01427695
v -0.01823900 0.00673100 -0.03938300
v -0.02637600 0.04947000 0.00456500
v -0.07836200 -0.35784600 -0.20534300
v 0.06121550 -0.35791750 -0.21679550
v 0.14214700 -0.35713600 -0.09814400
v 0.08868300 0.35702800 -0.09991100
v 0.15716600 -0.35684800 -0.00000000
v 0.08601800 0.35694900 0.11035900
v 0.04304750 0.35771500 0.20694400
v 0.08615800 -0.35801725 0.19007600
v -0.03327850 0.35722350 0.21086500
v -0.04181200 -0.35761075 0.21949550
v -0.14214700 -0.35713600 0.09814400
v -0.08601800 0.35694900 0.11035900
v -0.15716600 -0.35684800 -0.00000000
v -0.14214700 -0.35713600 -0.09814400
v -0.07465300 0.35689800 -0.14286200
v -0.00593400 0.35767900 -0.23591700
v 0.03724565 0.21330971 -0.05696657
v 0.13868234 -0.22701725 -0.03303457
v 0.15259330 0.21784636 -0.01276045
v 0.14399808 -0.22567814 0.02685706
v 0.11980250 0.23466886 0.03949488
v 0.02870100 -0.21258500 0.05720700
v -0.04060493 0.20914030 0.05664387
v -0.13858558 -0.22770863 0.03315475
v -0.15329640 0.22037545 0.01292026
v -0.14399808 -0.22567814 -0.02685706
v -0.11593492 0.23374710 -0.04123833
v -0.02870100 -0.21258500 -0.05720700
v -0.39437859 -0.19595496 0.00041297
v -0.51373169 -0.15047250 -0.10577085
v -0.28549751 -0.06151977 0.06640752
v -0.19611683 -0.01149395 0.07545027
v -0.13566259 -0.03521469 0.04675633
v 0.00221689 -0.00030571 0.17388525
v -0.16194673 0.01541127 0.08358804
v -0.74786926 -0.36318868 -0.27913713
v -0.73468656 -0.37050018 -0.21948363
v -0.66613246 -0.33440964 -0.13520508
v -0.73114319 -0.31540437 -0.15660287
v -0.72744566 -0.30037603 -0.22722648
v -0.61612179 -0.21530869 -0.05566078
v -0.62406861 -0.34373059 -0.37925177
v -0.69830658 -0.37094421 -0.34537323
v -0.56925737 -0.37546625 -0.31427770
v -0.52583904 -0.18776372 0.04610673
v -0.49207753 -0.32041506 -0.24436160
v -0.44416169 -0.24836882 -0.22118615
v -0.35425504 -0.20465508 -0.15854527
v -0.46606460 -0.21315085 -0.22651674
v -0.37401139 -0.15677327 -0.21210745
v -0.27172419 -0.12081622 -0.22883975
v -0.52270671 -0.32834294 -0.33538405
v -0.31763473 -0.07000030 -0.11586959
v -0.14292829 -0.07708110 -0.13994225
v -0.11423657 -0.05618137 -0.15310253
v -0.07863202 -0.01588964 -0.13131072
v 0.07283462 0.02558697 0.13625124
v 0.13076626 0.00316393 0.11789724
v 0.03461345 -0.12306950 -0.32488712
v 0.32034219 -0.09775607 -0.26038504
v 0.00077265 -0.05768787 -0.21291383
v 0.16401177 -0.00627353 -0.06972386
v 0.17060266 -0.10572690 -0.38354996
v 0.26257071 -0.03398800 -0.17569745
v 0.30306178 -0.44806796 -0.68476261
v 0.31779721 -0.34620418 -0.59910552
v 0.27580262 -0.26635109 -0.53583736
v 0.17915537 -0.16354831 -0.43644060
v 0.24930796 -0.18589887 -0.46383429
v 0.24849533 -0.19515512 -0.42917916
v 0.03288317 -0.12529713 -0.36942739
v 0.25605045 -0.67502598 -0.89383539
v 0.26165208 -0.69159324 -0.86791177
v 0.28072392 -0.60888610 -0.82869604
v 0.29422494 -0.54135534 -0.77906658
v 0.66516025 -0.19808960 -0.19480226
v 0.57911802 -0.25041943 -0.30614394
v 0.53531923 -0.13487551 -0.22870133
v 0.54590623 -0.43785618 -0.60848912
v 0.36020419 -0.39868142 -0.66878555
v 0.51241888 -0.29967018 -0.46492016
v 0.42311254 -0.32792527 -0.49989056
v 0.52804493 -0.36020674 -0.54059019
v 0.38423146 -0.12416592 -0.30319444
v 0.52486881 -0.26659315 -0.45841264
v 0.63132244 -0.27556393 -0.36813859
v 0.36699030 -0.75310711 -0.95162131
v 0.48418858 -0.74564954 -0.92082316
v 0.60838227 -0.73093449 -0.83711388
v 0.63000199 -0.75438237 -0.88454254
v 0.39947854 -0.61844119 -0.86655468
v 0.38728744 -0.73740857 -0.89003824
v 0.59777461 -0.50502113 -0.67559906
v 0.77994182 -0.73277971 -0.73665338
v 0.36048935 -0.50436238 -0.71307614
v 0.51698657 -0.57523360 -0.78094251
v 0.64963637 -1.48515118 -1.15584980
v 0.50138748 -1.36283343 -1.18671182
v 0.38732014 -1.23405058 -1.15829875
v 0.48739223 -1.23282008 -1.10460508
v 0.68900860 -1.18985001 -1.11729277
v 0.46111277 -1.11935011 -1.12009658
v 0.45552508 -1.13784339 -1.16160906
v 0.76689493 -0.35394360 -0.29948825
v 0.74065014 -0.27801663 -0.18907654
v 0.73336492 -0.22729566 -0.17914917
v 0.79323958 -0.28120545 -0.22749021
v 0.71289939 -0.32164739 -0.35944629
v 0.85776543 -1.03461267 -0.90005526
v 0.88420189 -1.17693918 -0.95788114
v 0.74577562 -1.00209713 -0.96752245
v 0.89330656 -1.04274796 -0.91508006
v 0.82975928 -1.02059668 -0.97305962
v 0.87554963 -0.91665256 -0.76792386
v 0.71177869 -0.82827343 -0.92104129
v 0.71964358 -0.80685825 -0.85638573
v 0.79080472 -0.83364286 -0.87757795
v 0.87428100 -0.85944200 -0.74900300
v 0.85412644 -0.81766110 -0.74258803
v 0.71926216 -0.70064359 -0.79950145
v 0.77610767 -0.66517011 -0.72571460
v 0.74359630 -0.56161527 -0.68970245
v 0.70334028 -1.52525069 -1.10862285
v 0.80920314 -1.53261216 -1.06797647
v 0.67777612 -1.37600714 -1.08128825
v 0.85540029 -1.45741266 -1.05609144
v 0.62384911 -1.42800706 -1.17197413
v 0.82975372 -1.30172193 -1.03432179
v 0.74935609 -1.17347594 -1.00568042
v 0.68212354 -1.04808036 -1.05062175
v 0.71937045 -0.98545106 -1.00771119
v 0.12691911 0.01958197 -0.02342051
v 0.23341786 -0.01209909 -0.15204764
v 0.21455204 -1.46113187 1.35876799
v 0.19557248 -1.51864728 1.28983707
v 0.11441875 -1.62611339 1.37654159
v 0.22747714 -1.47479922 1.40919752
v 0.13099801 -1.57731075 1.41871014
v 0.24656621 -1.55453663 1.43180350
v 0.81921865 -0.65345946 0.93855228
v 0.82756154 -0.76371584 1.05535369
v 0.82314768 -0.32493572 0.57667346
v 0.86375991 -0.29507133 0.47012068
v 0.91902140 -0.29728515 0.46479785
v 0.78996057 -0.40414152 0.56565619
v 0.97436000 -0.41050100 0.42626800
v 0.85663730 -0.56568394 0.47652383
v 0.93401446 -0.44000594 0.38359923
v 0.87483903 -0.42341953 0.68633644
v 0.88444007 -0.28698994 0.54160388
v 0.97682507 -0.45236493 0.58617030
v 0.82548358 -0.46507807 0.68441233
v 0.81868429 -0.57933476 0.75084838
v 0.88860588 -0.53570247 0.77658702
v 0.88762532 -0.69355137 0.96992237
v 0.77363055 -0.72515107 0.93907251
v 0.81011660 -0.85732242 0.85983067
v 0.76616748 -0.93800266 1.09318544
v 0.76796310 -1.03889738 1.11045710
v 0.88434715 -0.98439032 0.94647207
v 0.78417101 -0.89084271 1.13094722
v 0.83674107 -0.88742787 1.15248576
v 0.71637142 -1.13544735 1.23212123
v 0.94240083 -0.52055639 0.13034719
v 0.96276698 -0.59689549 0.27113115
v 0.83665415 -0.74003779 0.59199500
v 1.00596048 -0.65222928 0.59325301
v 0.84097885 -0.77084734 0.65729965
v 0.89321894 -0.83296339 0.69893035
v 0.96213873 -0.81308904 0.71243635
v 0.94556352 -0.99106227 1.05790381
v 0.99058567 -0.46354814 -0.01363496
v 1.02085454 -0.46993206 0.04474459
v 0.97523709 -0.50468922 0.28358741
v 1.01134366 -0.48971000 0.30810426
v 0.98205983 -0.45975254 0.14105658
v 1.13192484 -0.66382580 0.09397029
v 1.05752609 -0.52687953 0.33341930
v 0.65643764 -1.20478396 1.23210862
v 0.44017378 -1.36770835 1.32147833
v 0.51340117 -1.31210303 1.24315233
v 0.74642930 -1.26409672 1.12547913
v 0.94105991 -0.93098196 0.89623566
v 0.78501610 -1.14538597 1.12255343
v 0.92967654 -1.09480570 1.06851892
v 0.87610843 -1.17286029 1.08859821
v 0.88733934 -1.22287010 1.14393870
v 1.05056565 -0.70849431 0.14506427
v 1.06216022 -0.93569864 0.30501828
v 0.88905833 -0.76988416 0.47698377
v 0.95612954 -0.91827936 0.51429420
v 0.92419227 -0.84917026 0.62831866
v 0.98021719 -0.80940104 0.63066116
v 1.10694416 -0.91951834 0.49615697
v 1.01524294 -0.95533060 0.54576296
v 1.16624163 -0.98231953 0.39402581
v 0.82222953 -0.58207350 -0.49801002
v 0.83280208 -0.53926550 -0.42589321
v 0.86486141 -0.57694273 -0.50855395
v 0.82126669 -0.63721635 -0.31836401
v 0.96219758 -0.51854592 -0.13212392
v 0.91521256 -0.53832417 -0.25382000
v 0.98718748 -0.52372974 -0.22771462
v 0.94020722 -0.58567690 -0.15723166
v 1.09772084 -0.65575179 -0.19473100
v 0.96305947 -0.60594400 0.04537056
v 1.00306592 -0.64314357 -0.10456107
v 1.10471966 -0.60185447 0.02651351
v 1.07020599 -0.66901450 0.06759253
v 1.14831499 -0.78740127 0.01532218
v 1.16868500 -0.74412902 0.07213026
v 1.14379469 -0.79891686 0.41596577
v 0.78000640 -1.04705934 1.23943488
v 0.58251658 -1.38150779 1.33608111
v 0.32498821 -1.61749115 1.39077995
v 0.65876432 -1.21952695 1.27502078
v 0.85622975 -1.21665815 1.21661122
v 0.76935442 -1.38577393 1.21281854
v 0.16398961 -1.67488648 1.32036418
v 0.19033108 -1.68544509 1.37223048
v 0.38752595 -1.66509782 1.27304541
v 0.24744969 -1.69554305 1.29980431
v 0.36705377 -1.61890032 1.19727100
v 0.72872609 -1.40791586 1.13382452
v 1.13877451 -1.11320328 0.24109141
v 1.10895518 -0.99793646 0.39241103
v 1.14604636 -1.08396089 0.33873795
v 1.21081855 -1.08776637 0.33292795
v 1.14867067 -1.18172720 0.37553925
v 0.85270738 -0.64781190 -0.53528179
v 0.79286270 -0.63867210 -0.41988658
v 0.82785649 -0.69560731 -0.48701295
v 0.89438957 -0.70894084 -0.49967352
v 1.01080614 -0.70459392 -0.35240320
v 1.03482401 -0.65619777 -0.12100042
v 0.85550546 -0.72206385 -0.38186486
v 0.96885234 -0.74142246 -0.30954606
v 1.09806751 -0.62466275 -0.13152245
v 1.15313231 -0.79831653 -0.17107116
v 1.17241976 -0.76659833 -0.16233810
v 1.18188006 -0.77967786 -0.00277215
v 1.23816467 -0.83736664 -0.13758369
v 1.09795944 -0.93229273 0.15117009
v 1.24516817 -0.94871891 0.05877800
v 1.28571237 -1.03746251 0.21351791
v 1.19940544 -1.23432896 0.37818455
v 1.15117160 -1.15460877 0.02283290
v 1.14494884 -1.23628512 0.22604194
v 1.19169669 -1.18305867 0.10569680
v 1.20929636 -1.23281999 0.16714003
v 1.20667954 -1.34027446 0.21839661
v 1.08682668 -1.31382658 0.37405141
v 1.10895925 -1.34641823 0.45018791
v 1.09550623 -1.49513038 0.36278342
v 1.16173709 -1.42241318 0.48183707
v 1.18920883 -0.92214906 -0.30286722
v 1.19306237 -1.04174813 -0.26789423
v 1.17864638 -1.07643830 -0.40869529
v 1.25871188 -1.02905094 -0.28333643
v 1.25680535 -1.19558637 -0.27287379
v 1.26011633 -1.14807809 0.02577328
v 1.22950730 -1.24386095 -0.00413272
v 1.28590356 -1.15342042 0.20455078
v 1.23804518 -1.18748920 0.09105967
v 1.24115593 -1.33716000 0.24465810
v 1.14148634 -1.39793370 0.24836139
v 1.05605721 -1.66830670 0.33424573
v 1.10459713 -1.61893880 0.20382589
v 1.19496478 -1.69895178 0.19609941
v 1.18378801 -1.62934848 0.16273744
v 1.17242908 -1.72080321 0.32562091
v 1.12043884 -1.60267065 0.40767608
v 1.20682027 -1.42716472 0.43452330
v 1.07955648 -1.68356992 0.37576273
v 1.06383786 -1.27862773 -0.63668235
v 1.14962066 -1.16087858 -0.51146286
v 1.14192544 -1.20625196 -0.16620499
v 1.30384984 -1.35505049 -0.18276747
v 1.29567568 -1.40054512 -0.17160834
v 0.78689095 -1.54326926 -0.98479535
v 0.94352406 -1.38097704 -0.74730349
v 1.10869601 -1.40300621 -0.34602633
v 1.09396199 -1.55219227 -0.41137451
v 1.19493317 -1.55161441 -0.32773708
v 1.09964272 -1.74475645 0.21527508
v 1.11910671 -1.77874806 0.31141056
v 1.13318662 -1.78341135 0.24128000
v 0.93275555 -1.39537945 -0.85867911
v 0.85244069 -1.56589061 -0.99754188
v 1.01639862 -1.30296246 -0.72971327
v 1.11078625 -1.26769550 -0.64206892
v 1.10404304 -1.43179615 -0.69926057
v 1.25548810 -1.48278945 -0.32589641
v 1.17926818 -1.42918157 -0.24169129
v 1.25623895 -1.41550755 -0.14481780
v 1.24756310 -1.45659028 -0.24828392
v 0.70580100 -1.66198500 -0.98871500
v 0.72855891 -1.71800828 -1.08420069
v 0.65907651 -1.78129688 -0.96937007
v 0.79168663 -1.62818733 -0.80872405
v 0.97229853 -1.65865762 -0.62786980
v 1.03776584 -1.76120867 -0.64734193
v 1.02395013 -1.72984258 -0.59750087
v 1.05465132 -1.68990075 -0.52018586
v 1.10482936 -1.69504686 -0.53690251
v 1.15483783 -1.59980040 -0.43055952
v 1.04356328 -1.33518233 -0.78164884
v 0.92718571 -1.74275029 -0.87686662
v 1.09828547 -1.66766494 -0.66314293
v 1.20503845 -1.53015058 -0.45157788
v 0.74885042 -1.83824139 -1.03895369
v 0.69452972 -1.91002716 -0.94135589
v 0.79144216 -2.00117294 -0.90243331
v 0.80513438 -1.95053361 -0.99275874
v 0.72187999 -1.89058145 -1.02294637
v 0.94792713 -1.83451994 -0.69878575
v 0.79555771 -1.95091498 -0.80644398
v 0.87920438 -2.00515482 -0.88247294
v 0.99540740 -1.82616755 -0.74662523
v 0.88125677 -1.99101839 -0.79333317
v 0.59622381 -1.55246973 1.19898321
v -0.93935809 -0.41335976 -0.03623937
v -0.91086081 -0.34959133 -0.10431499
v -0.78936336 -0.42613711 0.02304908
v -0.96622234 -0.43513566 -0.18183278
v -0.93670914 -0.46762752 -0.09226548
v -0.92894769 -0.49302709 -0.22655880
v -0.89424615 -0.48582105 -0.17872823
v -0.85571720 -0.52316418 -0.34265627
v -0.84727286 -0.36277613 0.05678098
v -0.74859391 -0.28345970 0.04461518
v -0.66064557 -0.25484869 0.01185953
v -0.69319056 -0.34474835 0.05936712
v -0.81105074 -0.54111485 -0.47197935
v -0.52818200 -0.35380124 -0.45782268
v -0.84660489 -0.68580363 -0.56150690
v -0.83157361 -0.70320418 -0.54392781
v -0.71168129 -0.43167528 -0.31398090
v -0.72332066 -1.26378810 -0.90446658
v -0.69442206 -1.02009860 -0.86802347
v -0.72471140 -0.78924835 -0.70353169
v -0.52470222 -0.69431028 -0.71824855
v -0.65046199 -0.87491536 -0.81571147
v -0.68465783 -1.11078801 -0.84987102
v -0.70442622 -0.65274745 -0.46040848
v -0.65339701 -0.85445161 -0.74515612
v -0.40886680 -0.74729103 -0.65572727
v -0.62600138 -1.28194636 -0.99080651
v -0.64485648 -1.30355522 -0.94916553
v -0.34393355 -1.26587349 -1.00652683
v -0.58862713 -1.20405587 -1.00638960
v -0.11574455 -1.08614337 -0.99920232
v -0.41282512 -1.28693237 -1.02757531
v -0.42516188 -0.80537994 -0.78758999
v -0.33003855 -0.78284366 -0.75241069
v -0.22703064 -0.53631767 -0.70710383
v -0.33692733 -0.87855048 -0.81556587
v -0.16129413 -1.00650357 -0.90053485
v -0.17324711 -1.37881435 -1.07465171
v -0.13803564 -1.43845170 -1.06564277
v -0.19540763 -1.18374938 -1.00537514
v -0.30353570 -1.33538511 -1.07500974
v -0.27808634 -1.32499587 -1.09590880
v -0.17772196 -1.45856259 -1.10972444
v -0.04868574 -1.55792475 -1.20406106
v 0.07239146 -1.64197159 -1.06931463
v 0.05929761 -1.55402131 -1.06379312
v 0.24846214 -1.60145203 -1.05417818
v 0.04864189 -1.87134284 -1.09954324
v 0.08695026 -1.81202744 -1.05123317
v -0.03742558 -1.14133234 -1.04432379
v -0.09126743 -1.13124856 -0.96335347
v 0.03761637 -1.24149757 -1.03715586
v 0.08854760 -1.33401833 -1.04118310
v 0.03618446 -1.24480756 -1.08971279
v 0.15046154 -1.35333667 -1.15780958
v 0.13367777 -1.30638338 -1.05900449
v 0.23642792 -1.48732474 -1.11380708
v 0.07334929 -1.96238284 -1.21454730
v 0.01120128 -1.68573056 -1.17486045
v 0.25720256 -1.77538165 -1.28650077
v 0.20126195 -1.48864867 -1.18422960
v 0.10803314 -1.86614769 -1.27154940
v 0.19910092 -2.04255965 -1.20390799
v 0.34014931 -1.79325287 -1.17873796
v 0.26730654 -1.75129749 -1.08369610
v 0.29735816 -1.61047072 -1.08050905
v 0.16505998 -2.02360857 -1.24900961
v 0.21321700 -2.03023200 -1.23212400
v 0.32501886 -1.85812354 -1.26906508
v 0.33894642 -1.64464689 -1.20012427
v -0.61828543 -0.24258012 -0.16951136
v -0.30471581 -0.36363637 -0.56073623
v -0.22347237 -0.41762164 -0.59410224
v -0.30530542 -0.46322134 -0.68934041
v -0.61033010 -0.32333972 -0.13928497
v -0.56546083 -0.25816859 -0.14033560
v -0.39591227 -0.27218954 -0.26723039
v -0.20252337 -0.50821457 -0.57413927
v -0.32397041 -0.40807274 -0.45121887
v -0.26677714 -0.67269397 -0.59834236
v -0.19031826 -0.55896354 -0.65558977
v -1.97844519 -1.12280002 0.11092295
v -1.99370283 -1.30381126 0.21059193
v -1.92238937 -1.36755853 0.01145286
v -2.00130693 -1.35104683 0.13644061
v -1.95691476 -1.47827310 0.14752258
v -1.90610768 -1.47623949 0.09805462
v -1.94308599 -1.47759800 0.31601112
v -1.96016665 -1.50627531 0.29657432
v -1.92806019 -0.99082803 -0.05531014
v -1.96082789 -1.23294881 0.19935907
v -1.93124398 -1.09739284 0.16195650
v -1.88528517 -1.40604110 0.25691770
v -1.92548088 -1.32034914 0.24615880
v -1.88363225 -1.63319301 0.10162982
v -1.82585411 -1.60498561 0.12664994
v -1.83218299 -1.73504060 0.40085338
v -1.80899645 -1.83273364 0.38684011
v -1.70527809 -1.84796287 0.65076997
v -1.82743626 -1.33823486 -0.15518883
v -1.78170420 -1.33415328 -0.11450990
v -1.87967374 -1.39791502 0.03514045
v -1.85361125 -1.35430162 0.04171585
v -1.86562774 -1.52354061 0.11218329
v -1.89151473 -1.63982758 0.29544182
v -1.83879694 -1.62393919 0.28000866
v -1.76047161 -1.82197155 0.55051306
v -1.84521498 -1.27429419 -0.19861969
v -1.68310828 -1.22325024 -0.32211950
v -1.73859352 -1.23407892 -0.26078405
v -1.76489700 -1.76648500 -0.07615800
v -1.69066479 -1.74833701 -0.15448552
v -1.79755755 -1.73557744 0.01431187
v -1.75275349 -1.85284233 0.06957920
v -1.76703725 -1.74158350 -0.01481166
v -1.72688853 -1.75085110 -0.02030342
v -1.77174945 -1.83566550 0.19790853
v -1.72826044 -1.82775831 0.16190719
v -1.76640860 -1.72452139 0.30248027
v -1.70689520 -1.83995291 0.28373329
v -1.71343703 -1.93647938 0.34309068
v -1.69128174 -1.91635813 0.29879323
v -1.53092554 -2.09118017 0.49395266
v -1.68956560 -1.90247953 0.69925911
v -1.62359244 -2.02345444 0.75866291
v -1.44605741 -2.19505660 0.67452755
v -1.61399340 -1.93835998 0.87658494
v -1.49745605 -1.40619332 -0.51526003
v -1.63131524 -1.89196156 0.74868869
v -1.57302098 -1.89711666 0.85858678
v -1.63748818 -1.12497096 -0.41957552
v -1.70808469 -1.20000265 -0.33727099
v -1.52699003 -1.16452238 -0.47973355
v -1.59108621 -1.26909281 -0.38745101
v -1.57049117 -1.83249591 -0.35740736
v -1.57617576 -2.00807001 -0.23670723
v -1.61851826 -1.90535631 -0.10365545
v -1.69451257 -1.93253781 0.02661946
v -1.63149356 -1.93929800 0.04101500
v -1.59800951 -2.07154382 -0.00329370
v -1.56149639 -2.01126121 0.01447410
v -1.61917833 -2.03016563 0.04207647
v -1.61410675 -2.05051407 0.38947503
v -1.57497328 -2.12457641 0.48455565
v -1.54927115 -2.13000618 0.48672933
v -1.47179136 -2.22210633 0.64757584
v -1.63040699 -1.82915956 -0.08175525
v -1.57886380 -1.75696340 -0.25881169
v -1.53158275 -1.90386458 -0.21826422
v -1.53832143 -1.78966159 -0.24355084
v -1.65120897 -1.85796994 0.08153765
v -1.48623994 -2.23934496 0.71065546
v -1.49523812 -2.02135953 0.89582530
v -1.50796622 -2.08105062 0.89699263
v -1.40909237 -1.37559046 -0.62430340
v -1.44531914 -1.34654122 -0.49151811
v -1.44075283 -2.07319297 0.95222573
v -1.39619033 -2.08189389 0.97128125
v -1.33021814 -2.10132759 1.12246512
v -1.28368651 -2.09404626 1.20398916
v -1.40308526 -1.24141841 -0.61789673
v -1.28015125 -1.30546481 -0.76825996
v -1.48859710 -1.15440148 -0.39732767
v -1.22771610 -2.04302729 1.37475077
v -1.46143718 -1.87407201 -0.48560341
v -1.32392043 -2.01041357 -0.52387700
v -1.45203526 -2.08757126 -0.33707698
v -1.49461783 -2.10033719 -0.17266812
v -1.49831124 -2.04986245 -0.11218103
v -1.36039359 -2.12458325 -0.27117204
v -1.35628178 -2.44328444 0.53472582
v -1.40927605 -2.31340316 0.63332166
v -1.34521698 -2.39806737 0.44635973
v -1.37916933 -2.37712467 0.75293539
v -1.29859480 -2.35200299 0.79981034
v -1.52852229 -1.84423930 -0.43511205
v -1.53684443 -1.82860795 -0.36541695
v -1.28723792 -2.26325600 0.89032447
v -1.32602092 -2.31762365 0.86807310
v -1.29727054 -2.29848183 0.92793636
v -1.33381785 -2.17234631 1.10704463
v -1.17405680 -2.30740587 1.13436755
v -1.27661907 -1.38212163 -0.74350305
v -1.27869083 -2.10268023 1.14380745
v -1.19769997 -2.22431394 1.09440274
v -1.08889670 -2.32360978 1.16367145
v -1.06868380 -2.20180303 1.44289938
v -1.10988535 -2.04870594 1.48453174
v -1.19159185 -2.03076763 1.32478656
v -1.05520196 -2.03007893 1.64461563
v -1.15494375 -2.08792132 1.48810980
v -1.00870273 -2.08155332 1.69678927
v -1.92992735 -0.93979561 0.01498447
v -1.89391227 -0.92714084 0.05517927
v -1.66447973 -0.91393164 -0.32136533
v -1.77635715 -0.99227929 -0.24303860
v -1.83852424 -1.10321938 -0.10694100
v -1.75783511 -0.81047793 -0.15709720
v -1.91368107 -1.21298730 0.16408850
v -1.82378869 -0.78905542 -0.18396312
v -1.82166135 -0.79727088 -0.02814981
v -1.78793780 -0.69949400 -0.13166667
v -1.66884003 -0.61979169 -0.15343976
v -1.74135956 -0.73769740 -0.09804500
v -1.79169391 -0.83980993 -0.01207986
v -1.74702831 -1.00290678 -0.22934659
v -1.47233147 -0.76519289 -0.41443428
v -1.54347334 -0.70003879 -0.37350678
v -1.68012809 -0.65674380 -0.26987518
v -1.57359554 -0.68168065 -0.28193920
v -1.38656746 -0.66327791 -0.38334397
v -1.58469154 -0.66177115 -0.28525359
v -1.63316499 -0.65096297 -0.14425575
v -1.50264242 -0.98306353 -0.35194767
v -1.50417407 -1.06207943 -0.41806523
v -1.46692927 -1.13453691 -0.47379872
v -1.46376040 -0.96574985 -0.41333833
v -1.36843309 -0.90935287 -0.44184528
v -1.43391594 -0.67348806 -0.31190287
v -1.36341744 -0.85054995 -0.38152559
v -1.31614442 -0.77459560 -0.47024330
v -1.43866536 -0.65470631 -0.34538295
v -1.35200268 -0.65161632 -0.34645894
v -1.30111208 -0.76325185 -0.41051562
v -1.28588718 -0.60018375 -0.44928254
v -1.24951512 -0.53029844 -0.31617108
v -1.16036399 -0.46849849 -0.25320312
v -1.15192272 -0.44824501 -0.28709025
v -1.38712154 -1.15002287 -0.55687979
v -1.38269497 -1.15228949 -0.51158341
v -1.19692420 -0.72124899 -0.50500175
v -1.19792979 -0.74689570 -0.44071090
v -1.08675903 -0.48753330 -0.39244273
v -1.11203488 -0.57716820 -0.46555377
v -0.92243312 -0.45365464 -0.43709110
v -1.12031220 -0.62539791 -0.44238617
v -1.05906986 -0.58355164 -0.43230463
v -0.96013011 -0.43397238 -0.30493503
v -0.98683498 -0.44458619 -0.24620810
v -0.84986610 -0.38853040 -0.13220768
v -0.91270283 -0.44007829 -0.16608366
v -1.22390547 -1.20328905 -0.74842703
v -1.27201078 -1.15761282 -0.59779713
v -0.91049780 -0.55857972 -0.41877852
v -0.88288215 -0.47333831 -0.42301596
v -0.85366255 -0.54513099 -0.32064214
v -0.82656400 -0.52415555 -0.12352173
v -0.76268759 -0.55233056 -0.21261184
v -0.77054520 -0.53247888 -0.12501596
v -0.77952560 -0.44171140 -0.08992680
v -0.76045133 -0.39957751 -0.23063137
v -0.71623138 -0.45938569 -0.22403233
v -0.73777316 -0.41300627 -0.14102164
v -0.97420769 -2.03457878 1.71155360
v -0.99466398 -2.00303789 1.64110907
v -1.34935787 -2.16800498 -0.34938393
v -1.35463023 -2.41989835 0.29018962
v -1.30549696 -2.51313536 0.45953101
v -1.19501931 -2.55125767 0.61709725
v -1.16144132 -2.29794115 -0.43624142
v -1.34307587 -2.08342944 -0.31723970
v -1.31111776 -2.17170885 -0.34177786
v -1.33288274 -2.38886355 0.48051191
v -1.35038825 -2.39647746 0.65652072
v -1.26725470 -2.44990306 0.70013093
v -1.15371579 -1.71700875 -0.83680283
v -1.17789903 -2.29667543 1.08506136
v -1.05946304 -2.51611907 1.00180745
v -1.12558141 -2.34131183 1.22456801
v -0.93832951 -2.51771500 1.26079183
v -1.25423095 -1.43594974 -0.78415305
v -1.18641790 -1.56896891 -0.82023493
v -0.96207867 -2.27733258 1.42183430
v -0.96501194 -2.22237089 1.42133281
v -1.11669617 -1.34337458 -0.87459521
v -1.09982827 -1.27015096 -0.80878466
v -1.05718618 -1.47093830 -0.91661652
v -1.04291508 -1.41740837 -0.88597105
v -1.04896959 -1.41704811 -0.86262595
v -1.03288019 -2.11293741 1.42220856
v -0.88087090 -2.11634096 1.59052336
v -0.96741128 -2.20943975 1.48720307
v -1.19219177 -2.42711179 0.14516909
v -1.24207900 -2.43884884 0.13512336
v -1.08362726 -2.52771442 0.03639457
v -1.24377195 -2.51491772 0.17585788
v -1.25784797 -2.42628201 0.21949026
v -1.03334407 -2.64190016 0.18283545
v -1.15905007 -2.07440652 -0.61457796
v -1.22016260 -2.04924066 -0.55061643
v -1.12502346 -2.29606821 -0.42068045
v -0.94767759 -2.34413922 -0.48145139
v -1.12402552 -2.56945283 0.54035601
v -1.15487601 -2.57174462 0.60376184
v -0.96736183 -2.61252838 0.95872631
v -1.05718294 -1.77341870 -0.87950676
v -1.04135661 -2.46822409 0.99674464
v -0.98774043 -2.48854177 0.95851930
v -0.92278160 -2.45924637 1.00257363
v -0.92847326 -2.57466359 0.93077853
v -1.08257472 -2.41336410 1.13675187
v -0.96173099 -2.38971950 1.18146470
v -0.95488270 -1.62535828 -0.97440690
v -1.12795677 -1.60323170 -0.83274770
v -0.89386468 -2.41201810 1.36871369
v -0.85074481 -2.45905658 1.24648999
v -0.83923128 -2.50914582 1.29232106
v -0.85285775 -1.47976247 -1.01049395
v -0.86352842 -1.50733808 -0.95049697
v -1.03642728 -2.59025228 0.02646300
v -1.02239529 -2.52642998 0.04539735
v -0.94765259 -2.63043073 0.12480130
v -0.98635772 -2.69907689 0.43077865
v -0.92434963 -2.69101232 0.31945957
v -0.99229886 -2.10694607 -0.67904358
v -0.95773305 -2.11597994 -0.62263746
v -0.93098360 -2.18862053 -0.65836268
v -0.83653825 -2.70323577 0.88349756
v -0.88456345 -2.65947818 0.85595616
v -0.78493761 -2.67603607 0.91234256
v -0.85780849 -2.66769881 0.99774070
v -0.96568994 -1.90264435 -0.93636392
v -0.87419334 -2.55650587 0.96238854
v -0.78938089 -2.52995610 1.07167188
v -0.82792522 -2.61171109 0.85183900
v -0.82886932 -2.59689886 1.00946695
v -0.78674178 -2.60369225 0.91282853
v -0.83790006 -2.63157760 1.02439196
v -0.86270204 -2.63751262 1.10503733
v -0.77209165 -2.60478285 1.04730793
v -0.77054695 -2.63880467 1.24677071
v -0.57565579 -2.63331903 1.26976957
v -0.91939433 -1.71409639 -0.96100777
v -0.81647025 -1.66595186 -1.01767659
v -0.62937255 -2.56846456 1.10371478
v -0.71274681 -2.56278701 1.24772392
v -0.78809167 -1.46239400 -0.98650125
v -0.73040695 -1.49261761 -1.02450155
v -0.92546108 -2.35115530 -0.52838272
v -0.86555388 -2.64767937 0.13750497
v -0.80148034 -2.65037508 0.03865994
v -0.78532449 -2.61013098 0.08588847
v -0.90205971 -2.66879139 0.12900713
v -0.86514341 -2.70760090 0.26630940
v -0.73366747 -2.63370120 0.15217729
v -0.88837440 -2.22105795 -0.60669621
v -0.81531872 -1.82121048 -0.95409620
v -0.68692358 -2.03154007 -0.92197989
v -0.74862256 -2.02850867 -0.93956016
v -0.48493900 -2.12959202 -1.01669123
v -0.53087535 -1.99120340 -0.93709643
v -0.64882820 -2.67218560 1.04659927
v -0.65004622 -2.71132882 1.12035341
v -0.60912616 -2.62176355 1.03785171
v -0.57202569 -2.71074672 1.10265600
v -0.51677223 -2.62909384 1.10510276
v -0.63192709 -2.69469133 1.22796729
v -0.52292766 -2.67279687 1.20697318
v -0.67835682 -1.76970467 -1.09164384
v -0.79368732 -1.80470490 -0.98148575
v -0.56128338 -2.58010263 1.21441524
v -0.47444963 -1.64341599 -1.15323228
v -0.55412653 -1.56487377 -1.09869177
v -0.68042761 -1.55976765 -0.99794157
v -0.53201745 -1.57774035 -1.05629212
v -0.57469041 -1.73266434 -1.04517191
v -0.72822094 -2.64686450 -0.03654400
v -0.69196338 -2.66907286 0.01322808
v -0.72001499 -2.67736419 0.17460879
v -0.74943620 -2.72019664 0.18927940
v -0.60597122 -1.91076035 -1.01817613
v -0.45780550 -2.12503329 -0.98260454
v -0.54857757 -1.91257546 -0.98777641
v -0.44137329 -1.80856782 -1.12014003
v -0.58861861 -1.77578312 -1.10026736
v -0.37005729 -1.72505248 -1.18831031
v -0.35818729 -1.77980562 -1.14020315
v -0.30441853 -1.62883874 -1.18219467
v -0.42038086 -1.55881745 -1.08556911
v -0.37350420 -1.61824442 -1.06831763
v -0.32600352 -1.69216993 -1.12097184
v -0.93566250 -2.13959641 1.71188200
v -0.89767436 -2.18359212 1.64450208
v -0.90893369 -2.03331742 1.63903430
v -0.88906143 -2.10577200 1.69923979
v -0.73947175 -2.40842596 -0.54256452
v -0.73648877 -2.36640064 -0.53540046
v -0.79203195 -2.37592805 -0.44322091
v -0.72343372 -2.35307033 -0.45303678
v -0.53637047 -2.47824473 -0.46067697
v -0.78155564 -2.43945175 -0.39454404
v -0.66071685 -2.56404094 -0.33914331
v -0.52328917 -2.61159133 -0.32171365
v -0.66188361 -2.54188477 -0.22176350
v -0.49044425 -2.63207596 -0.17376536
v -0.68941709 -2.39776653 -0.55797896
v -0.75060280 -2.39354947 -0.34915251
v -0.50892140 -2.44726083 -0.41377998
v -0.53414362 -2.55864476 -0.16755704
v -0.43477385 -2.54275407 -0.19322940
v -0.42645759 -2.65567518 -0.03588493
v 0.22664487 -1.90414696 1.18303216
v 0.11150753 -2.13488963 1.17302114
v 0.06090995 -1.80862890 1.31227176
v 0.16357460 -1.84093837 1.38561176
v 0.06230004 -1.92189943 1.30555741
v 0.09592989 -1.97840177 1.32608073
v 0.08567804 -1.75534197 1.36786474
v 0.25625669 -1.66671050 1.38437624
v 0.13580726 -1.67910482 1.34044515
v 0.24693852 -1.65456613 1.33011696
v -0.36251179 -2.57643484 -0.43441194
v -0.35526762 -2.32083863 -0.90507342
v -0.30275466 -2.23285953 -0.97907860
v -0.29858202 -2.29551723 -0.99238111
v -0.34013986 -2.29031954 -0.86967569
v -0.31701992 -2.38122936 -0.84694013
v -0.25753075 -2.34729049 -0.74636782
v -0.29788419 -2.45679339 -0.60551961
v -0.34449252 -2.52277982 -0.50754923
v -0.53353368 -2.52951314 -0.44028526
v -0.37146658 -2.48603301 -0.46352072
v -0.38033487 -2.47831907 -0.39255183
v -0.25996531 -2.54191436 -0.59664039
v -0.22896012 -2.51949283 -0.13718469
v -0.29950623 -2.64322838 -0.21252269
v -0.17346857 -2.49415575 -0.28649167
v -0.42572049 -2.58271786 -0.07602679
v -0.35626274 -2.69348745 -0.02372368
v -0.21722494 -2.58186246 -0.02366025
v -0.11897430 -2.60083546 0.00236146
v -0.20173097 -2.65087432 -0.03825743
v -0.33235768 -2.66344321 0.00375234
v -0.13332311 -2.56375709 0.03189462
v -0.11517640 -2.02515522 -1.16989505
v -0.13558995 -2.07722739 -1.17732208
v -0.09452411 -2.06668397 -1.10162261
v -0.22588145 -2.18381580 -0.94544225
v -0.07235667 -2.51289124 0.02892569
v -0.12899172 -2.60675600 0.11097146
v -0.14708616 -2.55099756 0.14415493
v -0.08701520 -2.53371052 0.36482305
v -0.12062488 -2.59606842 0.25507757
v -0.04188182 -2.50919613 0.47991190
v -0.04316911 -2.46930052 0.43650131
v -0.05604470 -2.47059738 0.58994816
v -0.00742069 -2.47177562 0.62340224
v 0.05671340 -1.74864970 -1.22130775
v 0.00639326 -2.49722041 0.27058947
v -0.05059029 -2.41068471 0.60684713
v 0.07736452 -2.34672850 0.68661837
v 0.05836659 -2.28376451 0.94654654
v 0.07228322 -2.40556031 0.74595643
v 0.07590153 -2.35794172 0.81888267
v 0.08712738 -2.31269924 0.80041743
v 0.44138221 -2.03783345 0.97744584
v 0.09629233 -1.98782812 1.20141978
v 0.15640388 -2.10761917 1.07114400
v 0.13069884 -2.17101395 1.07689069
v 0.08099992 -2.20239439 0.95994531
v 0.11726085 -2.34125003 0.92263542
v 0.33856198 -1.96891775 1.09979753
v 0.48108908 -1.81640385 1.24533033
v -0.09865701 -2.42565160 -0.90243406
v -0.10123410 -2.23822677 -1.10703334
v -0.06475405 -2.31617960 -0.97668289
v -0.07764495 -2.37026769 -0.92574100
v -0.00803956 -2.40703707 -0.88588974
v 0.11728986 -2.51246672 -0.92760283
v 0.11650710 -2.46144861 -0.93278507
v -0.20809220 -2.45237342 -0.48628659
v 0.02486308 -2.61867945 -0.70634392
v -0.08869394 -2.61457173 -0.33307403
v 0.11558102 -2.55227603 -0.45495680
v -0.05835852 -2.62531642 -0.04859892
v -0.07117333 -2.61367170 -0.21686772
v -0.00329694 -2.01354482 -1.17108979
v 0.06625597 -2.01865085 -1.18177609
v 0.06920505 -2.05035068 -1.23045786
v -0.12872844 -2.21805180 -0.92213192
v 0.08242594 -2.06785172 -1.20151519
v 0.02939688 -2.18024171 -1.11822831
v -0.10561103 -2.33203686 -0.79105483
v -0.07816765 -2.31589648 -0.89424898
v -0.02833552 -2.51359002 -0.28754831
v 0.02189285 -2.50412499 0.00383656
v 0.16351518 -2.59852382 -0.28579019
v 0.17012186 -2.54639808 -0.05386238
v 0.15205497 -2.62895879 0.10486622
v 0.16462203 -2.57958157 0.11663451
v 0.06135945 -2.63048111 0.19404623
v 0.15727126 -2.55864704 0.23749620
v 0.15668170 -2.60494618 0.28130723
v 0.23475743 -2.48589273 0.39700840
v 0.23355195 -2.53537496 0.40946351
v -0.03563931 -1.90572099 -1.22513885
v 0.22376956 -1.70229599 -1.19943309
v 0.24491677 -1.66013684 -1.24869517
v 0.18799631 -2.36439624 0.60679873
v 0.25205093 -2.46881609 0.54703057
v 0.29405335 -2.41001273 0.55474482
v 0.33746836 -2.27791797 0.69447577
v 0.35069409 -2.40480499 0.64991364
v 0.32424406 -2.38494358 0.60682123
v 0.25585883 -2.37058390 0.75072766
v 0.42309264 -2.33404078 0.68125421
v 0.38888634 -1.76569364 -1.27957674
v 0.34631900 -1.69908191 -1.24206216
v 0.42909513 -2.23974301 0.88337703
v 0.27262095 -2.19343677 0.85197688
v 0.40352303 -2.24073980 0.78187768
v 0.40126742 -2.28998648 0.77767352
v 0.48487006 -2.15798464 0.89304477
v 0.47826244 -2.01843135 1.11073066
v 0.51059375 -1.95234350 1.18199395
v 0.44782482 -1.96899124 1.10654500
v 0.49427186 -2.04393301 1.03826179
v 0.19896451 -2.42855789 -1.05248129
v 0.09995925 -2.44900281 -0.87871848
v 0.22436445 -2.63027121 -0.77168783
v 0.34400100 -2.39681548 -1.09938356
v 0.16120669 -2.46140521 -0.84073379
v 0.24531958 -2.55870505 -0.72216158
v 0.38370777 -2.58806127 -0.79801477
v 0.09358187 -2.67449554 -0.59640319
v 0.22918079 -2.64666647 -0.70740877
v 0.21745812 -2.58554772 -0.66061820
v 0.18152307 -2.61368225 -0.51172353
v 0.14459416 -2.68182105 -0.49332589
v 0.18262671 -2.65535405 -0.36329573
v 0.13203287 -2.70311602 -0.34036290
v 0.20350041 -2.68783661 -0.27245051
v 0.22175262 -2.64700436 -0.19622840
v 0.15238226 -2.66891152 -0.15988465
v 0.21288062 -2.65181222 -0.03857087
v 0.26520554 -2.40868778 -0.90876720
v 0.33328002 -2.33869037 -1.04939324
v 0.34165718 -2.33446779 -0.99776015
v 0.43997908 -2.52736447 -0.82246551
v 0.24045834 -2.60318471 -0.03815151
v 0.40336983 -1.87295786 -1.28018561
v 0.30085194 -1.98055787 -1.25829136
v 0.35930487 -1.93857339 -1.25594134
v 0.51244067 -2.36413007 -1.01356856
v 0.45666547 -2.51645127 -0.87719495
v 0.48670761 -2.31461678 -0.98046600
v 0.50740760 -2.32966220 -1.01534732
v 0.14425017 -2.15276681 1.17812936
v 0.25515672 -1.83902103 1.33487318
v 0.17479300 -2.05327144 1.27948626
v 0.33286936 -1.99496798 1.18776449
v 0.21567789 -2.16712283 1.08643220
v 0.37893246 -1.72655547 1.35786891
v 0.34817738 -1.69020281 1.31503700
v 0.47458097 -1.83734057 1.28178933
v 0.02645472 0.02304264 0.03661975
v 0.02625570 0.02224202 0.03384135
v 0.01092726 0.01726918 0.02576441
v 0.01191568 0.01464108 0.01151772
v 0.02733589 0.00934484 0.01575765
v 0.02127696 0.00393616 0.00177207
v 0.00716616 0.01379575 0.01489225
v 0.03567655 0.01330834 0.01474866
v 0.02364370 0.00856403 0.00184362
v 0.02136033 0.03085357 0.03063266
v 0.02900538 0.02490273 0.02304960
v 0.01908559 0.00230931 -0.01457146
v 0.00874491 -0.00575707 0.00262973
v 0.00732017 0.01395530 -0.00844540
v 0.01536791 0.02036623 0.01519924
v -0.00521128 0.01811530 0.00350909
v 0.03420728 0.02194053 0.03962353
v 0.01325723 0.00669933 -0.01472710
v 0.00044536 0.02171784 0.00243796
v 0.02418754 -0.00340041 -0.00609461
v 0.00313155 0.01760421 -0.01148116
v -0.00078900 -0.03776150 -0.00448450
v 0.00063321 0.00859158 -0.01653051
v -0.00373749 -0.00901312 -0.02384109
v -0.01006773 -0.00136532 0.00900570
v 0.00481993 0.01905659 0.01462041
v 0.02562625 0.00462464 0.00337038
v -0.00018252 -0.03586211 -0.01206689
v 0.00614061 0.01899960 0.02863276
v 0.02533556 0.01609764 0.05611802
v 0.02914423 -0.00074762 -0.01410182
v -0.01411357 -0.03615904 0.00379729
v 0.00582910 -0.01792585 -0.02139243
v 0.00451541 0.01433720 0.01380170
v -0.01717482 0.02123209 0.00778536
v -0.01053251 -0.02138503 0.01064355
v 0.01467145 -0.00200510 -0.01704329
v 0.01738106 -0.00936362 -0.02013948
v -0.02066978 -0.02524729 -0.01711956
v -0.01599152 -0.00905637 -0.02434930
v -0.01898328 0.01531992 -0.00714818
v 0.00933280 0.00787892 -0.01958507
v 0.02097264 -0.00822262 -0.02187209
v -0.01444955 0.01589277 -0.01508774
v -0.02229642 0.00731377 -0.01759661
v -0.01354409 0.01436895 0.00814174
v 0.03475685 -0.00496042 0.05933285
v 0.04260159 -0.00000282 0.04681408
v 0.02559412 -0.01100303 -0.01939927
v -0.00982481 0.01120599 -0.02009702
v 0.02658425 -0.01758075 -0.00705950
v 0.02373746 -0.00720015 -0.00752513
v -0.02522393 -0.02748526 -0.00655032
v -0.02426945 0.01791361 -0.00104521
v -0.01196618 -0.00426665 -0.02640642
v -0.01605932 0.00993277 0.00635760
v 0.02470550 -0.01579877 -0.01614123
v 0.02422319 -0.01925331 -0.02207570
v -0.02540265 0.01581121 0.01031737
v 0.00759457 -0.00196690 -0.02351388
v -0.02876169 -0.02101203 -0.01625062
v -0.02547423 0.01305211 0.00118872
v -0.03729900 -0.00932401 -0.01707088
v -0.02470089 0.00186400 -0.02226918
v -0.03725313 0.00348974 -0.01745701
v -0.03572740 -0.00856972 -0.00675654
v 0.02317200 -0.02998650 -0.01121050
v -0.01064176 -0.01540982 -0.02672776
v -0.04361877 -0.00014471 -0.01535045
v -0.04189437 0.00479356 -0.00639503
v -0.04033755 0.00367125 -0.00042316
v -0.04309543 -0.00949842 -0.02676291
v -0.03322051 -0.01494058 -0.02714154
v -0.02333237 -0.01401424 -0.02742047
v -0.04296877 -0.01724859 -0.02453483
v -0.04117372 -0.01158080 -0.01994299
v -0.04242358 -0.00372833 -0.01361356
v 0.01320975 -0.03897575 -0.00990150
v -0.04334641 -0.02146269 -0.02513196
v -0.04283773 -0.01668697 -0.02681373
v 0.00120786 -0.02130534 -0.02335060
v -0.04068953 -0.01885672 -0.02151972
v 0.01936844 -0.03086841 -0.01491436
v -0.03271830 -0.02106724 -0.01324904
v -0.01530293 -0.03385612 -0.01458513
v -0.02762016 -0.02643090 -0.01323425
v -0.01069400 -0.04526300 0.00897300
v -0.03762625 -0.01204550 -0.00429425
v -0.01755116 -0.03981402 -0.00660339
v -0.00374102 -0.04369289 -0.01095705
v -0.01956550 -0.04105175 0.00408350
v 0.02182642 0.01699771 0.05146580
v 0.02147674 0.01506952 0.03786670
v 0.04386497 0.00306759 0.04083659
v -0.00065800 0.01332430 0.01621752
v 0.03843989 0.00405761 0.01347486
v 0.03036700 0.00246900 0.00968300
v 0.04468201 0.00077179 0.02280892
v -0.01915407 0.00481694 0.00710067
v -0.00908750 0.00099150 0.01360862
v -0.02085700 -0.00933700 0.00486000
v -0.03959453 -0.00810230 -0.00430576
v -0.02670200 -0.01004100 0.00138200
v 0.01657800 -0.01693900 -0.00837300
v -0.00234725 -0.01608975 0.00798400
v -0.00787825 -0.02658450 0.01063725
v -0.04168940 -0.01510563 -0.01728285
v -0.04122719 -0.00959654 -0.02321318
v -0.04213100 -0.00921300 -0.01949100
v 0.02217600 0.00883375 0.02630075
v 0.00622400 0.00866550 0.01601950
v -0.00875600 -0.03637600 0.00465900
v 0.00880859 -0.02159762 -0.01159332
v 0.01158796 -0.02650319 0.00623289
v 0.00500113 -0.01039312 0.03332805
v 0.00306173 -0.02738294 0.00664024
v 0.00060483 -0.01814037 0.02337165
v -0.00099762 -0.02443676 -0.01124701
v -0.00627894 -0.02666070 -0.00175093
v 0.01422259 -0.00735535 -0.01201893
v -0.01987088 -0.02293391 -0.01317247
v 0.02290434 -0.00593332 0.00617460
v 0.01184926 0.00984559 -0.01598966
v 0.01411523 0.00712155 0.03059161
v 0.01656805 -0.00458754 0.03765934
v -0.00513434 -0.00832375 -0.02877063
v -0.01015202 -0.01926557 0.00630773
v 0.00397805 -0.00076044 -0.02494731
v 0.01670203 0.01043878 -0.00882512
v 0.00715824 0.00037051 0.03839116
v -0.01321945 -0.00602741 -0.03137447
v -0.02759284 -0.01967256 -0.01142149
v 0.01288318 0.02132656 0.00863800
v 0.01899242 0.00951672 0.00937485
v 0.01346777 0.01640698 0.01856816
v -0.00518179 -0.00794131 0.02156964
v -0.00584460 0.02015176 -0.02416318
v -0.02963748 -0.01075430 -0.02296157
v -0.03381896 -0.00924109 -0.01659584
v -0.01770730 0.02720015 -0.01736152
v -0.01820309 -0.01392573 0.00184199
v 0.00464342 0.02131299 0.02253616
v -0.00386645 0.01065021 0.02251386
v 0.01293507 0.02236369 -0.00375751
v 0.02891000 0.01229942 0.00134197
v 0.02229764 0.02322179 -0.00731709
v -0.03624554 -0.00473401 -0.01570690
v -0.02591363 -0.00832283 -0.00434661
v -0.01845756 0.00487602 0.01106888
v -0.00073771 0.02141626 0.01853510
v -0.00382422 0.02690484 0.01252234
v -0.00153496 0.02919121 -0.01651773
v -0.01797155 0.00455784 -0.03783694
v 0.00044963 0.03203128 0.00204122
v 0.01997197 0.02900148 0.00003744
v -0.02895498 0.01918204 -0.01707404
v -0.03733079 0.00549858 -0.01586765
v 0.02574612 -0.00285725 -0.01249811
v -0.01816190 0.04029045 -0.00104225
v 0.01437586 0.03179874 0.01296369
v -0.03487031 0.02480293 -0.01658856
v 0.03153787 0.00193149 0.00846071
v -0.03289719 -0.00180915 -0.00586628
v -0.04017582 0.03785924 -0.01500903
v -0.03479533 0.01389219 -0.01619526
v -0.02681761 0.04564254 -0.01154320
v 0.02534610 0.01316864 0.02735187
v -0.02241383 0.01565719 0.00822444
v 0.02858895 -0.01548609 -0.00284221
v 0.02297052 0.01391414 -0.01529222
v -0.01570615 0.02980088 0.00509002
v 0.02403043 0.00301172 0.03927415
v 0.01821300 -0.00069600 -0.02291400
v 0.01943523 -0.00736483 -0.02081947
v -0.03597396 0.02032301 -0.00164044
v -0.04254865 0.02653539 -0.00301261
v 0.02907005 -0.01601694 0.03202532
v 0.01226240 0.01192085 -0.03148880
v 0.00124765 0.01621970 -0.03449440
v -0.04766934 0.03623809 0.01314688
v 0.03149633 -0.01170698 0.02145996
v 0.02625846 -0.02142534 -0.00419525
v -0.03259466 0.02526210 0.00812938
v -0.02702139 0.03474621 0.01071610
v 0.02133032 -0.02898567 0.03537654
v 0.01839229 -0.00747290 0.04778695
v -0.04441540 0.04168748 0.01580084
v 0.01426690 -0.02725563 -0.01430123
v 0.02356953 -0.03032543 0.02137952
v -0.00594363 -0.00631242 -0.03929785
v 0.00755214 -0.02080133 -0.02733674
v 0.01788882 -0.02965896 0.03937489
v -0.01895802 -0.01366552 -0.03682847
v 0.01313154 -0.03705641 0.02446883
v 0.01289845 -0.03658667 -0.00292994
v -0.00119707 -0.03265707 -0.01554867
v 0.01015316 -0.02670502 0.04263000
v -0.00583382 -0.02010213 -0.03324750
v -0.01557271 -0.01748596 -0.03642753
v -0.01631800 -0.02528000 -0.02643200
v -0.03590777 -0.02736344 -0.01547407
v -0.02854450 -0.03320918 -0.00135771
v -0.02229506 -0.03269801 -0.00845960
v -0.03405627 -0.01369395 -0.02876804
v -0.01171229 -0.03637785 -0.00813739
v -0.04485903 -0.02042322 -0.00652980
v 0.02013725 0.00050144 0.02150595
v 0.01267883 -0.01573177 0.03681094
v 0.01820981 -0.02211802 0.02346992
v 0.01307475 -0.01979163 0.03639122
v 0.01513047 -0.02455682 0.02944808
v 0.01245300 -0.02109900 -0.00125900
v 0.02035615 -0.01564661 0.01546280
v 0.01427436 -0.01711453 -0.00539295
v -0.03910540 0.02837691 -0.01349482
v -0.03086568 0.04733796 0.00828889
v -0.04061721 0.04315781 0.01445417
v 0.00692204 0.03521597 0.01659592
v 0.00045933 0.03701700 -0.02088291
v -0.00215054 0.04029431 -0.01283691
v -0.04185235 -0.01296260 -0.02033234
v 0.01778943 -0.02201057 0.00465693
v 0.01843267 0.00330680 -0.00702358
v -0.00329197 -0.02802152 -0.00246068
v 0.01326631 -0.01728708 -0.00742065
v -0.00065711 -0.01437902 -0.02386924
v 0.00762572 -0.02004792 0.03015699
v 0.00657264 -0.01065924 -0.02015406
v 0.00225025 -0.00675112 0.03237839
v 0.01629047 0.00808258 -0.00971212
v -0.02472655 -0.01885039 -0.00448463
v 0.01873884 0.00533668 0.02710627
v 0.02155800 0.00222042 0.01165230
v -0.00987246 -0.02501515 0.00143717
v 0.00993998 0.00643035 -0.02046069
v -0.01329796 -0.01532468 -0.02635642
v 0.00513007 0.01662633 0.02600369
v 0.01215637 0.02225542 0.00973913
v 0.00443837 0.00420594 0.03355545
v 0.01186213 0.02191403 -0.00913497
v -0.01784063 -0.01295151 0.00227358
v -0.01361751 -0.00814703 0.01057025
v -0.00272839 0.00233160 0.02768660
v -0.03011281 -0.01601347 -0.01171766
v 0.01513459 0.01881847 0.00375701
v -0.02636882 -0.01298168 -0.02460325
v -0.03090051 0.02346123 -0.01747103
v 0.00667231 0.02015284 0.02310935
v -0.00200279 0.01175545 -0.02577275
v -0.01673500 -0.00115334 -0.03343805
v -0.01926553 0.00264021 0.00945713
v -0.01259314 0.00218012 -0.03157953
v -0.00177310 0.02795299 -0.01657338
v 0.02073638 0.02699271 -0.00695396
v -0.00279170 0.02617715 0.01373611
v -0.01131961 0.02300884 -0.02475758
v -0.01171030 0.01520683 -0.03450227
v -0.03197385 -0.00595324 -0.00665045
v 0.01792458 0.02579785 -0.01680491
v -0.00807970 0.01279044 -0.02805219
v -0.00200099 0.03289168 -0.00822515
v -0.02065253 0.02850143 -0.01630384
v -0.01896228 0.00735148 0.01115045
v -0.00411721 0.03106612 0.00697245
v 0.02335462 0.02365866 0.00648321
v 0.00871226 0.03224582 -0.01975327
v 0.02299046 0.00920799 -0.01557449
v -0.02880694 0.00693698 0.00022910
v -0.00611164 0.03316514 0.00272201
v 0.03111580 -0.00257696 0.00104107
v 0.02990493 -0.00321308 -0.00693093
v -0.03489830 0.01224715 -0.01203946
v -0.03526280 0.01408344 -0.00712851
v -0.02390959 0.01411008 0.00746451
v -0.00975072 0.03235299 0.00349706
v 0.02731189 0.01085978 0.02336907
v -0.01585911 0.03333920 -0.01139051
v -0.02362170 0.04810874 -0.00233079
v -0.02148849 0.01900556 0.00897948
v 0.03145402 -0.00311372 0.01451395
v -0.03671876 0.01798118 -0.00295016
v 0.01430902 0.02663357 0.02565309
v 0.02203148 0.00902305 0.03943297
v 0.02959994 -0.01487999 0.00378573
v -0.03097673 0.03306026 0.01168082
v 0.00017722 0.02480099 -0.03108155
v -0.04312273 0.02672927 -0.00270926
v 0.02406836 -0.02400079 -0.00692115
v 0.02605115 -0.02475547 0.00830427
v 0.02978063 -0.01887276 0.02777317
v 0.01949814 -0.02823690 -0.00640566
v 0.01550795 -0.00149005 -0.02725991
v 0.01183688 0.01589564 0.04037694
v 0.01869672 -0.01805641 0.04829682
v -0.01637789 0.03288822 0.00504480
v 0.02848808 -0.01621560 0.03184281
v 0.01386245 -0.03844481 0.00940112
v 0.00492719 0.00485881 0.04320994
v 0.01498481 -0.01046618 0.04869083
v 0.01501020 -0.01936449 0.04676602
v 0.01821796 -0.03482946 0.02729403
v 0.00416817 -0.01563031 -0.03133017
v -0.00598583 0.00465702 -0.03940484
v -0.00897566 0.00074755 -0.04108094
v 0.01311290 -0.03536225 0.03134240
v 0.01137444 -0.03601762 -0.00775544
v -0.00069346 -0.00899759 -0.03851222
v -0.01035280 -0.03175054 -0.01926665
v 0.00250009 -0.03805089 0.01030702
v 0.00601157 -0.03796724 -0.00458555
v -0.01769387 -0.02008799 -0.03369885
v -0.02696127 -0.03184965 -0.00890267
v -0.03294834 -0.02876193 -0.01376394
v 0.01523981 -0.00526607 0.03748852
v 0.00932163 -0.00529231 0.03659213
v 0.02134958 -0.00627958 0.00214746
v -0.00114992 -0.02385134 0.01154440
v 0.00907521 -0.02838947 0.00060593
v 0.02170795 -0.01123487 0.01987906
v 0.01505935 -0.02231851 0.00140953
v 0.01399752 -0.02380074 0.03147775
v 0.01982141 -0.01631514 0.01123342
v 0.00172681 0.04135533 -0.00335649
v -0.02905784 0.02080134 -0.01508799
v 0.01280989 0.03657947 0.00354261
v -0.00130147 0.04082102 0.00685923
v -0.02853846 -0.01231747 0.00751136
v -0.02980655 -0.00708499 -0.00524077
v -0.02174337 -0.01073630 -0.00044547
v -0.02944812 -0.01209713 -0.00462224
v -0.02667709 -0.01627402 -0.00540578
v -0.02410166 -0.00760489 -0.01313805
v -0.01079236 -0.01435102 -0.00584240
v -0.02136173 -0.00696651 -0.01305828
v -0.01957824 -0.01574199 -0.00920087
v -0.01618573 -0.01651082 -0.00266667
v -0.01710726 -0.01160621 0.01308736
v -0.01433517 -0.01505922 -0.00117588
v -0.00790346 -0.01512656 0.00966902
v -0.00389190 -0.01894616 -0.00966501
v -0.00569113 -0.01978670 0.00506234
v -0.00337340 -0.01914450 -0.00039760
v -0.01462900 -0.01774979 -0.01444028
v -0.00028051 -0.02050594 -0.00668673
v -0.01837515 0.01757399 -0.00213060
v -0.01826112 0.01703704 -0.00561734
v -0.01530513 0.01768409 -0.00496734
v -0.01287364 0.03541360 -0.00119811
v -0.01181829 0.01160899 -0.00307327
v -0.01684332 0.02152150 -0.00008141
v -0.01500500 0.02103500 0.00139200
v -0.02019754 0.02395254 -0.00138817
v -0.01270091 0.02073499 0.00281279
v -0.01370803 0.02431432 0.00012379
v -0.01249054 0.02587051 0.00151201
v -0.01434560 0.01914872 -0.00569378
v -0.01129800 0.03652003 -0.00470654
v -0.00491194 0.03373394 0.00434261
v -0.01479369 0.02778988 -0.00258766
v -0.00233366 0.03601309 0.00436745
v 0.00116585 0.02018846 0.01305060
v -0.00221333 0.01988003 0.01019153
v -0.00266844 0.03917835 0.00031282
v 0.01057445 0.01165734 -0.00720913
v 0.00958415 0.00602014 -0.00736748
v 0.00920344 0.01394716 -0.01380291
v 0.00824527 0.01414262 -0.01537630
v 0.01071171 0.00390711 -0.00766642
v 0.01067447 0.00176450 -0.01001135
v 0.00881750 0.01171423 -0.01425855
v 0.00990506 0.00915636 -0.00732842
v 0.00849788 0.00754357 -0.00735354
v 0.01370287 0.00607009 -0.01080536
v 0.01389569 0.01408842 -0.00734662
v 0.02238997 0.01323858 0.00058475
v 0.01608184 0.01163452 -0.00728110
v 0.01659113 0.01517081 -0.00165185
v 0.00770423 0.01649524 -0.00733809
v 0.00317818 0.01013678 -0.00824526
v 0.01493011 0.00181156 -0.01075358
v 0.02176292 0.00509888 -0.00398082
v 0.01964642 0.01250802 0.00272684
v 0.00566071 0.00242989 -0.00883897
v 0.02588653 0.00168580 0.00086555
v 0.02323723 0.00583159 0.00451084
v 0.01895884 -0.00542242 -0.00686810
v 0.01177940 -0.00442150 -0.01095717
v 0.01900174 0.01112642 0.00313699
v 0.01366363 -0.00146784 -0.01151641
v 0.01188420 0.01770828 -0.00419166
v 0.00427513 0.01586803 -0.00696851
v 0.01943843 -0.00265823 0.00046465
v 0.01009619 -0.00424305 -0.00700129
v 0.02127819 -0.00286006 -0.00039174
v 0.02119299 -0.00360619 -0.00210561
v 0.01814170 0.01074851 -0.03514451
v 0.01736866 0.01241517 -0.03664273
v 0.01693433 0.00321973 -0.03175401
v 0.01506017 0.00474059 -0.03233003
v 0.02146144 0.00473198 -0.02713026
v 0.02214000 0.00390600 -0.02858500
v 0.02446536 0.00441707 -0.03197895
v 0.03109199 0.01228785 -0.02249467
v 0.02228567 0.01093717 -0.03239632
v 0.02494142 -0.00166076 -0.02013358
v 0.02737794 -0.00695843 -0.01837796
v 0.02931099 0.00804868 -0.01590664
v 0.02609206 -0.00291427 -0.02813440
v 0.02944638 -0.00461987 -0.01060851
v 0.02866972 -0.00078829 -0.01336458
v 0.03062638 -0.01113085 -0.01115826
v 0.03037890 -0.00866635 -0.01756732
v 0.02687702 -0.00503034 -0.02452481
v 0.02958971 -0.00425606 -0.02916884
v 0.02976983 -0.00676250 -0.00997189
v 0.03276199 0.01034110 -0.01361529
v 0.03056811 -0.00503697 -0.02423133
v 0.03220455 0.00968303 -0.01148908
v 0.03366338 0.00666726 -0.00196892
v 0.02787328 0.00793887 -0.02956026
v 0.03414296 0.00831320 -0.01010148
v 0.03257280 -0.00573876 -0.00406149
v 0.03454350 0.00394338 -0.00182440
v 0.03327934 -0.00866092 -0.00771826
v 0.03243799 0.00444084 -0.01523281
v -0.02501466 0.00027199 0.00624334
v -0.01011505 -0.01988291 0.00292792
v -0.01162727 -0.01105571 0.01119079
v -0.02097893 0.00546015 0.00550779
v -0.01717370 -0.00349684 0.01352918
v -0.02231410 -0.01070369 0.01255414
v -0.01586395 0.00294677 0.02401160
v -0.01471885 -0.00847422 0.01324786
v -0.01183433 -0.00300865 0.01749570
v -0.00928870 0.00360333 0.02161223
v -0.01035251 0.00186123 0.01636761
v -0.00941399 -0.00138083 0.01519435
v 0.00075970 0.00852580 0.02456046
v -0.00565933 0.00175587 0.01988139
v -0.00767446 -0.00535234 0.01133985
v -0.00304315 -0.01521938 0.00933930
v 0.01066257 -0.00772773 0.01940540
v -0.00164998 -0.00916169 0.01503889
v 0.00042900 -0.01699600 0.00918600
v -0.01278014 0.00531118 0.00870597
v 0.00033161 -0.01913421 0.01067866
v 0.00301065 0.00921958 0.02213481
v 0.00126253 0.00222228 0.01952075
v 0.00607485 -0.01542167 0.01435188
v 0.00974933 0.00217584 0.02030976
v 0.00320873 -0.00152692 0.01814277
v 0.00866165 -0.00806919 0.01691269
v 0.01075550 -0.00141777 0.02121016
v -0.01202100 -0.01066000 -0.00188400
v -0.01212887 -0.00188613 -0.00735087
v -0.03693909 -0.00489059 -0.00136620
v -0.05470519 -0.00308835 -0.02274358
v -0.04830049 -0.01562248 -0.01930368
v -0.06467125 -0.01041252 -0.01067555
v -0.06853787 -0.02817900 -0.02504937
v -0.07639300 -0.02514900 -0.02135100
v -0.04670038 0.00241350 -0.01635537
v -0.04381800 0.00662600 -0.01523500
v -0.04259400 0.00076400 -0.01763900
v -0.04373300 0.00371600 -0.01706900
v -0.00780800 -0.01469900 0.03178600
v 0.00349300 -0.02074600 0.02494200
v -0.00279300 -0.01779400 0.02750700
v 0.00342568 -0.01010058 0.05030387
v -0.00755248 -0.00558180 0.03218312
v 0.01429594 0.01681658 0.02234650
v -0.00692985 0.01078245 0.00486846
v 0.02096820 0.00275730 0.00699160
v 0.01290654 -0.00924697 0.01760972
v 0.00739307 -0.00121644 -0.03102845
v 0.02486194 -0.00611113 -0.02672935
v 0.03492711 -0.00040589 -0.02996280
v 0.02437819 0.01457362 -0.03516134
v 0.02836339 0.00225086 -0.04527968
v 0.03811537 -0.02185644 -0.04222150
v 0.01012212 0.00525475 -0.00146863
v 0.00130425 0.00779925 0.01152500
v -0.01316840 0.00029596 0.00460804
v -0.01127041 0.01063032 -0.00386093
v -0.01237000 -0.01021400 -0.00131300
v -0.01010330 0.00261066 0.00204537
v -0.00625744 0.00991649 0.00755300
v 0.00496157 0.00639737 0.00631617
v 0.00085877 -0.00078942 0.00763713
v -0.00460106 0.00147773 0.00881310
v 0.00639106 -0.00095665 0.00136023
v 0.00790534 0.00511283 -0.00717285
v 0.00712872 -0.00287280 -0.00200019
v -0.00838028 -0.00145544 0.00322307
v -0.00809645 0.00731499 0.00210030
v -0.00392350 0.00920944 -0.00638732
v 0.00733170 -0.00104515 -0.00926566
v 0.00595099 -0.00308080 -0.00899482
v 0.00622402 -0.00474639 -0.00490983
v 0.00482584 -0.00462881 0.00076110
v -0.00097604 -0.00408907 0.00443686
v -0.00620776 -0.00240618 0.00494759
v 0.00147793 -0.00655404 -0.00231363
v -0.00546610 0.00031163 -0.00583740
v -0.00469065 -0.00509317 0.00044340
v -0.00507279 -0.00301535 -0.00421167
v 0.00258666 -0.00538728 -0.00729377
v 0.00461255 -0.00396203 -0.00851426
v -0.00034521 -0.00372308 -0.00815948
v -0.00326507 0.00816943 -0.00776131
v 0.00738639 0.00568190 -0.00971713
v 0.00841814 0.00475722 -0.00926413
v -0.00107371 0.00815360 0.00854600
v -0.00460268 0.00928072 0.00858024
v -0.00335105 0.00885719 0.00960111
v 0.00508853 0.00563178 0.00707934
v 0.00541563 -0.00432724 0.00443961
v 0.00933816 0.00162796 -0.00114714
v 0.00719520 -0.00501932 -0.00157460
v 0.00696790 -0.00430929 0.00013226
v 0.00247859 -0.00098339 0.00855412
v -0.00024720 0.00140830 0.01012990
v -0.00761710 0.00994242 0.00717529
v -0.00559965 0.00141026 0.01007919
v -0.00822419 -0.00142425 0.00639979
v -0.00798241 -0.00323054 -0.00087808
v -0.00431797 -0.00672226 -0.00108059
v -0.00412287 -0.00378948 0.00681935
v 0.00329601 -0.00468428 0.00435115
v -0.00162693 -0.00667477 0.00162040
v 0.00860363 -0.00344253 -0.00829852
v 0.00796600 -0.00137556 -0.00984170
v 0.00651723 -0.00265429 -0.01055237
v 0.00463309 0.00113328 -0.01144792
v 0.00517805 -0.00641368 -0.00814405
v -0.00032878 -0.00581135 -0.00823330
v -0.00625937 -0.00092490 -0.00683354
v 0.00123717 -0.00738967 -0.00290203
v 0.00675248 -0.00353863 -0.00285445
v 0.00551327 -0.00523005 0.00375864
v 0.00100055 -0.00597920 0.00230684
v 0.00007690 0.00648876 0.00823558
v 0.00472925 -0.00552728 0.00336706
v 0.00001302 -0.00429266 -0.00760290
v -0.00013991 -0.00215337 -0.00751193
v 0.00095749 0.00691726 0.00623898
v -0.00008712 0.00628474 0.00943171
v 0.00056987 -0.00168433 -0.00979829
v 0.00102016 0.00727906 -0.00255346
v -0.00256071 -0.00553889 0.00586682
v -0.00092056 0.00379849 0.01092995
v -0.00704601 0.00049727 0.00736566
v -0.00503182 0.00559662 -0.00895786
v -0.00303567 0.00624354 -0.00723166
v -0.00898868 0.00164012 0.00274939
v -0.00624347 0.00476848 -0.00881641
v 0.00238424 -0.00646847 0.00289524
v -0.00380729 -0.00340566 0.00494273
v -0.00502941 -0.00005019 0.00642150
v -0.00330649 0.00839762 0.00745416
v -0.00732986 0.00988495 -0.00426236
v -0.00260440 -0.00245183 -0.00447718
v -0.00811683 0.00294702 -0.00149156
v -0.00511978 -0.00482492 0.00081462
v -0.00082454 0.00760472 -0.00605659
v 0.00407281 0.00612963 -0.00346830
v 0.00836124 0.00174271 0.00053291
v 0.00763662 0.00508234 0.00445375
v 0.00634794 -0.00398172 0.00161632
v 0.00551614 -0.00477331 0.00276667
v -0.00232211 0.00200714 -0.00605739
v 0.00115953 -0.00623906 -0.00226509
v 0.00382523 -0.00212682 -0.00473968
v -0.00129500 -0.00469700 -0.00263700
v 0.00601273 -0.00590669 -0.00364992
v -0.00387663 -0.00294680 -0.00539576
v 0.00900971 -0.00131901 0.00064246
v -0.00028234 0.00638205 -0.00817782
v -0.00430978 -0.00679809 0.00078018
v 0.00723407 0.00528959 -0.00108302
v 0.00597949 -0.00694133 0.00124154
v 0.00693363 -0.00364480 0.00452073
v -0.00537678 0.00147501 0.00819220
v 0.00941799 0.00414518 0.00356800
v -0.00101329 0.00778642 -0.00639240
v 0.00201839 0.00682361 -0.00515301
v -0.00486961 0.00830524 -0.00702779
v -0.00378964 -0.00670936 0.00331373
v -0.00516207 -0.00434513 0.00552713
v 0.00797467 0.00504142 0.00485745
v -0.00798639 0.00229751 -0.00439452
v -0.00816703 -0.00131156 -0.00086400
v -0.00344165 0.00277220 0.00788637
v -0.00814857 0.00945524 -0.00418452
v -0.00383584 0.00853833 0.00774620
v 0.00168045 -0.00808525 0.00063174
v 0.00720505 -0.00426734 -0.00891760
v 0.00930542 0.00646279 -0.00657198
v 0.00131651 0.00541134 0.00614906
v -0.00467646 -0.00371291 0.01129348
v -0.01005928 -0.00061145 0.00063693
v -0.00864363 0.00107081 0.01014118
v 0.00651074 0.00916467 0.00012176
v 0.00652633 -0.00448037 -0.00027002
v 0.00617964 -0.00532133 -0.00026029
v 0.00139177 0.00060393 -0.00676821
v -0.00084900 0.00578647 0.00741741
v -0.00791228 0.00131161 -0.00655598
v 0.00257744 -0.00470060 -0.00409304
v 0.00516825 0.00893753 0.00327647
v -0.00041428 0.00711852 -0.00684424
v 0.00003222 0.00657610 0.00635602
v 0.00941546 -0.00195970 -0.00021154
v -0.00056439 -0.00651624 -0.00457958
v -0.00022478 -0.00656062 -0.00319368
v -0.00597715 -0.00527383 0.00062692
v 0.00013342 -0.00709394 0.00201099
v -0.00837730 -0.00512855 -0.00122032
v -0.00841700 0.00294103 0.00478855
v -0.01119306 0.00245287 -0.00048258
v -0.01072411 0.00185344 0.00102891
v -0.00077295 -0.00609230 -0.00799615
v 0.00175674 -0.00831719 -0.00458874
v 0.01100860 0.00278669 -0.00098791
v 0.00496665 -0.00403006 0.00930203
v 0.00582475 0.00626075 0.01071125
v 0.00565963 0.00650409 0.01113881
v -0.00202095 0.00844979 0.00589110
v 0.00513523 0.00658732 0.01183287
v 0.00338099 0.00037131 0.01300439
v -0.00210944 0.00055253 0.01107117
v 0.00331353 -0.00276907 0.01161966
v 0.00221765 -0.00762337 0.00766831
v -0.00113573 -0.00377462 0.01048080
v -0.00311569 -0.00134462 0.00997998
v -0.00606588 0.00957419 -0.00238237
v -0.00687617 0.00893199 -0.00539292
v 0.00220346 0.00750963 -0.01072664
v 0.00427255 0.00687797 -0.01136878
v 0.01095485 0.00353236 -0.00179446
v 0.00412035 -0.00577349 -0.00811810
v 0.00582437 0.00554676 -0.01224733
v -0.00799071 -0.00000758 0.00495895
v -0.00618963 0.00897746 0.00110895
v -0.00112949 -0.00728069 0.00402959
v 0.00492511 -0.00698117 0.00562464
v -0.00494700 -0.00578646 0.00276639
v -0.00874207 0.00135098 0.00187319
v -0.00610092 0.00387843 -0.00790810
v -0.00494543 0.00864311 -0.00666583
v -0.00830687 -0.00237726 -0.00093238
v -0.00770598 -0.00002292 -0.00450555
v 0.00218555 -0.00294374 -0.01101757
v -0.00447734 -0.00472575 -0.00670001
v -0.00174391 -0.00734678 -0.00477416
v 0.00048662 -0.00826034 0.00027990
v 0.00582660 -0.00710434 0.00023675
v 0.00465279 -0.00756274 -0.00242823
v 0.00073145 0.00639407 -0.01137259
v 0.00140808 -0.00613530 -0.00682556
v 0.00504759 -0.00564997 -0.00516482
v 0.00741900 0.00604069 0.00972348
v 0.00393334 0.00176111 0.01209382
v 0.00135672 -0.00231153 0.01092359
v -0.00589857 0.00576007 0.00306702
v -0.00514872 0.00939508 -0.00390409
v -0.00517687 0.00850449 -0.00567549
v -0.00120028 0.00857743 -0.00869917
v -0.00543354 0.00139071 0.00633726
v -0.00289030 -0.00201697 0.00867976
v -0.00079496 -0.00598222 0.00523883
v -0.00749711 0.00112662 -0.00003114
v -0.00682780 0.00063514 -0.00377956
v -0.00620986 -0.00269168 0.00188257
v 0.00376209 -0.00771628 0.00025427
v 0.00313615 -0.00519652 0.00816683
v 0.00153349 -0.00726475 0.00201819
v -0.00393728 -0.00545184 -0.00301019
v -0.00241460 -0.00281482 -0.00784430
v 0.00217356 0.00226148 -0.01102004
v 0.00504771 0.00622659 -0.01152605
v 0.00990134 0.00178062 -0.00734651
v 0.00121755 -0.00248906 -0.00932786
v 0.00449432 -0.00069706 -0.00988180
v 0.00394601 -0.00424982 -0.00779655
v -0.00031279 -0.00691366 -0.00361426
v -0.00640278 -0.03358432 0.02688757
v -0.00909619 -0.04048163 0.00824868
v -0.00195233 -0.03869856 0.01448971
v -0.01590098 -0.03043495 0.00307872
v 0.00717025 -0.04402107 0.01209147
v -0.00405841 -0.05023870 0.00902422
v 0.00887313 -0.04493797 0.01316514
v -0.00888516 -0.02579836 0.03409580
v 0.00566721 -0.04855670 0.00973788
v 0.01634570 -0.04703680 0.00246622
v 0.00196006 -0.05230672 -0.01644917
v 0.01599360 -0.03446769 -0.00856630
v 0.01230133 -0.05154204 -0.01101049
v 0.00026006 -0.00942699 0.04441012
v -0.01743608 -0.03356245 -0.01760405
v 0.01378012 -0.02830379 -0.02773056
v 0.02524010 -0.02845382 -0.01628386
v 0.00869697 -0.00334712 0.04492056
v -0.00660083 -0.02828482 0.01048884
v -0.00947295 -0.02791604 0.00692962
v -0.01788892 -0.01012379 -0.00405256
v 0.00919251 0.01488377 0.03821764
v -0.01694044 -0.01273069 0.02203137
v -0.01128784 0.02552924 0.01214170
v -0.00569017 -0.01541603 0.02586579
v -0.01394477 0.00831307 -0.02683456
v 0.01779702 -0.01207767 -0.00915362
v -0.01147956 0.04509624 -0.00692334
v 0.00444225 0.03577070 0.01859448
v 0.02172618 0.00129658 -0.01306444
v 0.01686983 -0.02709301 -0.02119921
v -0.01567634 0.00042276 -0.02405614
v 0.00735836 0.03084201 0.02099314
v 0.02256540 0.03322307 0.03268455
v -0.00790028 0.04644315 0.00364374
v 0.00292741 0.04698324 0.00960649
v 0.02115520 0.02467516 0.03020592
v 0.01468854 0.04748547 -0.00340439
v 0.00403370 0.03455115 0.01459226
v -0.00501481 0.02962947 -0.01514749
v 0.01372857 0.00854699 0.00936641
v -0.01395799 -0.00101299 0.01731921
v 0.00346649 0.01245677 -0.02208724
v 0.00709426 -0.01318896 -0.02801600
v 0.01692562 0.03810730 -0.00710065
v 0.00261797 0.00181791 0.03854419
v 0.02232530 0.01306914 -0.01172066
v 0.01426636 0.02862631 0.02196779
v 0.00091637 0.04752173 -0.01659738
v -0.01020737 -0.05136920 -0.00907449
v 0.00765793 0.01537539 -0.02139056
v -0.01259217 -0.02991735 0.01679059
v -0.00434600 -0.03271100 0.02576500
v -0.00634761 -0.04858565 0.00807646
v -0.01437444 -0.02931076 0.00572739
v -0.01588323 -0.03131148 -0.00909899
v -0.01386454 -0.00179521 0.02312345
v -0.01825466 -0.01610646 -0.00010975
v -0.01667470 0.00074089 0.00471444
v 0.01177058 -0.05217287 0.00548999
v -0.01465039 -0.02893322 -0.01068567
v -0.01539434 0.00695183 0.01151522
v -0.01493334 -0.03332581 -0.01861977
v -0.00313772 0.03573225 0.01467386
v -0.00841599 0.00665924 0.02873737
v 0.01245491 -0.05006761 -0.01224131
v 0.01683319 -0.04375717 -0.00622492
v -0.01967100 -0.00028200 -0.01214200
v -0.01683486 -0.00808093 -0.02134173
v -0.01214491 -0.01868869 0.01929091
v 0.01697486 -0.03671739 -0.01866468
v 0.01539724 0.01080238 0.04403574
v -0.00542922 -0.02473664 -0.02350921
v 0.01857335 -0.03067655 -0.01116660
v -0.00490320 -0.00158194 -0.03054849
v 0.00525571 0.02904996 0.02346441
v -0.00238300 -0.02231800 -0.02495900
v -0.01797358 -0.00354472 0.00570290
v -0.00458928 -0.05463343 -0.01566883
v -0.01447712 0.01931813 -0.02214889
v -0.01404450 0.00199622 -0.02560988
v 0.02277140 0.02996858 0.03869765
v -0.01063298 -0.00616491 0.03090180
v -0.01662083 0.01361538 -0.01197272
v 0.00536586 0.00071206 0.03573865
v 0.01984082 0.02513526 0.01817659
v 0.01495178 0.04118298 -0.00184207
v -0.01162905 0.04660171 -0.00020654
v 0.01802777 -0.02285641 -0.02112416
v 0.01534690 0.02398833 0.01031650
v -0.00505056 0.04635302 0.00896160
v 0.02140701 0.02536977 0.02889049
v 0.00520960 -0.01044141 -0.02837078
v 0.00272312 0.03310209 0.01808339
v 0.01601841 0.02251800 -0.01472326
v 0.01680189 0.02562422 0.03315349
v 0.01155700 0.04626900 -0.01105300
v 0.01013400 0.02384300 -0.01508700
v -0.00776299 0.02892030 -0.01659004
v 0.00465469 0.04467284 -0.01651872
v -0.01239658 0.03757714 -0.00997448
v 0.01310347 -0.02927399 -0.02581059
v 0.02369148 0.00340368 -0.01281711
v 0.00880057 -0.01288442 -0.02788722
v 0.03021857 -0.02243852 0.01436709
v 0.02912811 0.02056103 0.00217485
v 0.02146625 0.02749595 -0.00717689
v 0.01735872 0.03312257 -0.02070887
v 0.02281839 0.03677967 -0.01076223
v 0.03027674 -0.01252460 0.01547773
v 0.01093041 0.04443929 -0.02622456
v 0.01907153 0.02014747 0.01895983
v -0.02001977 0.00996921 0.01928841
v 0.02195757 0.04550482 -0.00095204
v 0.00000899 0.02376143 -0.01678041
v 0.00325829 0.01288302 -0.01455546
v 0.02102450 0.03214873 0.00170122
v 0.02121581 -0.03808241 0.00006598
v -0.00894968 -0.02526117 0.01168612
v -0.00847166 0.03666306 0.00421284
v -0.00934505 0.02934204 -0.01080629
v 0.03045980 -0.03819674 -0.00256994
v -0.01770833 -0.00614625 0.01600490
v -0.01199140 0.05013490 -0.00964459
v 0.00844229 0.03393937 0.00812724
v 0.01451298 0.01831338 0.02499853
v 0.00460496 -0.02236689 -0.02106695
v -0.01723520 0.02107229 -0.01989791
v -0.02622514 0.02098906 -0.02302397
v 0.03530621 -0.02272603 0.01515983
v 0.03473209 -0.00607767 0.01635008
v 0.01238224 0.04819331 0.00953364
v -0.00797191 -0.01410800 -0.03129208
v -0.03656889 -0.00595411 0.00222859
v 0.03705797 -0.03273208 0.01010330
v -0.00884593 -0.03149841 -0.02497560
v -0.00323218 0.04994592 0.00202745
v -0.02177850 0.01546272 -0.03637681
v -0.02696739 -0.02559563 -0.00010145
v 0.00150158 -0.02456785 0.02138029
v 0.00327802 0.01970299 0.02584152
v 0.03970273 -0.03980792 0.00188729
v -0.03500135 -0.01519520 -0.02872649
v -0.03580238 -0.02021347 -0.01363209
v 0.03279801 -0.04278939 -0.00608482
v -0.02624853 -0.01116234 -0.03673343
v -0.01139742 -0.02893997 0.00947284
v -0.02976824 0.01309132 0.01238565
v -0.03542183 -0.02508567 -0.01463145
v -0.01805255 -0.02733934 -0.03433911
v -0.00026063 -0.03759158 -0.02714047
v -0.00871596 0.04095313 -0.01626404
v 0.03069332 0.03494603 -0.01823468
v -0.03456858 0.01500890 -0.00905522
v 0.00667138 0.04378680 -0.03211170
v 0.02968717 0.01755600 0.00361081
v 0.01859451 0.02244721 0.01694401
v 0.03040462 -0.03774323 0.00442309
v 0.00512800 0.01218600 0.02240700
v 0.03142658 -0.01431848 0.01604119
v 0.02598418 0.02928641 -0.00536130
v 0.02105075 0.04285675 -0.01437300
v 0.02111862 0.04216750 -0.02110704
v 0.01713927 0.03503573 -0.02574879
v 0.00339132 0.01808999 -0.01656076
v 0.00131150 0.03296201 0.01291993
v 0.01179696 -0.00885859 -0.00682113
v 0.00942536 -0.00647940 0.02342714
v 0.03019011 -0.03650952 -0.00524874
v 0.00185289 -0.02670134 0.01271597
v 0.03404376 0.01333696 0.00836882
v -0.00465180 0.04734538 -0.01738634
v 0.02164663 -0.02619150 -0.00402857
v 0.01265181 -0.02933535 -0.01603665
v 0.00087551 -0.03590982 -0.01929540
v -0.01626501 0.02487811 0.01421891
v -0.00827000 0.04130500 -0.01534300
v 0.01502056 0.04425991 0.00849678
v -0.01199088 0.03403549 -0.00562986
v -0.01215222 -0.01206744 -0.03440497
v -0.02419757 -0.02423499 0.00480646
v -0.01971757 0.01035505 -0.03540493
v -0.03601203 0.00117514 0.00376522
v 0.00018695 0.00675246 -0.01729475
v 0.00035135 0.03947878 0.01403229
v 0.01949670 0.01983322 0.02352475
v -0.01711664 -0.02858707 -0.00555926
v 0.03442458 -0.04193739 0.00152213
v -0.02143428 0.01082540 -0.03826403
v -0.03629400 -0.00811100 0.00150100
v 0.01356727 -0.02367685 0.01912101
v -0.00968159 -0.00706853 0.02447817
v -0.01461977 0.03866386 0.00863374
v -0.00143388 -0.03880021 -0.01435286
v -0.02997924 0.00670248 0.01392020
v -0.01392171 -0.03129147 0.00551956
v -0.04311948 -0.01254646 -0.00091359
v -0.00437586 0.02828483 -0.01625496
v 0.01344680 0.04222797 -0.02872608
v -0.03975930 -0.01045150 -0.01665168
v -0.03719352 -0.01967708 -0.02755146
v 0.00256535 0.00185914 -0.00585377
v 0.01205283 0.01105441 -0.00037280
v 0.01204446 0.00936274 -0.00111659
v 0.01811773 0.01359311 -0.00079568
v 0.01845076 0.01190164 -0.00033583
v 0.03064091 0.00494596 0.00544651
v 0.04177082 0.00403239 0.00525712
v 0.04049869 0.00408184 0.00618143
v 0.04714581 0.00884726 0.00739325
v 0.04984612 0.01157349 0.00708266
v -0.00695099 0.01359515 -0.02468805
v -0.00695858 0.01573556 -0.02492172
v -0.00769094 0.01363978 -0.02378676
v -0.00778255 0.02073789 -0.03241762
v -0.00572055 0.04385328 -0.02907438
v -0.00107204 0.04829639 -0.02677768
v 0.00973015 0.04913022 -0.01623957
v 0.02449453 0.04090473 -0.00415512
v 0.01613442 0.04564570 -0.01353740
v 0.04173386 0.03299536 -0.00639106
v 0.03577335 0.03721890 -0.00608999
v 0.05269364 0.02321679 0.00119995
v 0.05350282 0.02105731 0.00184856
v 0.05345000 0.01707600 0.00515800
v 0.05381100 0.01714050 0.00482200
v 0.01685983 0.00542056 -0.01565620
v 0.02145697 0.00327813 -0.02060023
v 0.02500600 0.00504484 -0.02241199
v 0.03224592 0.00597488 -0.02262987
v 0.05256182 0.02333938 -0.02019426
v 0.05039988 0.01987985 -0.02317286
v 0.05319224 0.02730716 -0.01677842
v 0.05479540 0.02682113 -0.00989852
v 0.02402014 -0.02290461 -0.04778396
v 0.03042458 -0.02124504 -0.04203926
v 0.02748534 -0.02338146 -0.04515451
v 0.03482084 -0.02028872 -0.03325242
v 0.03581200 -0.01778631 -0.02994158
v 0.03423865 -0.00761013 -0.02343357
v 0.03421070 -0.00541762 -0.02433581
v 0.03163637 0.00211447 -0.02309714
v 0.04908741 0.00419649 0.00137754
v 0.04529780 0.00142171 -0.00649319
v 0.05199607 0.00931960 0.00415828
v 0.02978302 -0.02633960 -0.02579454
v 0.03490213 -0.02014640 -0.03309294
v 0.03407047 -0.02120950 -0.03342911
v -0.00610761 -0.00356989 -0.00499114
v 0.00061529 0.00979985 -0.01532719
v -0.00169152 0.00210619 -0.00732728
v 0.00337973 0.00633090 -0.01096166
v 0.05309809 0.00978973 0.00482870
v 0.05145820 0.00852916 0.00658041
v 0.05401872 0.01975049 0.00552504
v 0.01839350 0.00770800 0.03473200
v 0.01838200 0.00759200 0.03479000
v 0.01593511 0.00866744 0.03713458
v 0.01664551 0.00832998 0.03647737
v 0.01333524 0.00850304 0.03894932
v -0.01937595 -0.00153374 0.04925398
v -0.00968523 0.00335142 0.04964546
v -0.03094257 -0.00860438 0.04744581
v -0.04736787 -0.01772900 0.04140893
v -0.04392467 -0.01725935 0.04231723
v -0.05550114 -0.02330521 0.03175186
v -0.05371288 -0.02423992 0.03094167
v -0.01901629 -0.03161439 0.03638465
v -0.01864103 -0.02327423 0.03091813
v -0.02133033 -0.01708963 0.02538110
v -0.05565291 -0.00863430 0.01891304
v -0.04959107 -0.00000964 0.01139341
v -0.05135021 -0.00269435 0.01308918
v -0.04619900 0.00268900 0.00778600
v -0.04425780 0.00392644 0.00684618
v -0.04045500 0.00681400 0.00280900
v -0.04120400 0.00604100 0.00397200
v -0.04136300 0.00657500 0.00356700
v -0.03703000 0.00933900 0.00013000
v -0.03718900 0.00923100 0.00056500
v -0.03668800 0.00915400 0.00025600
v -0.03408300 0.01094800 -0.00197800
v -0.03395400 0.01094450 -0.00179250
v 0.01503000 0.00505800 0.03940400
v 0.01510250 0.00506050 0.03951550
v 0.01460200 0.00519200 0.03982600
v 0.01141700 0.00482000 0.04217900
v 0.01115910 0.00491178 0.04199801
v 0.01091500 0.00472100 0.04225100
v 0.00947366 0.00558470 0.04293719
v 0.00036221 0.00342284 0.04726662
v 0.00272800 0.00226600 0.04708400
v 0.00345900 0.00181500 0.04677300
v 0.00767000 0.00054000 0.04529650
v 0.00769600 0.00054900 0.04537600
v -0.04371475 0.00451950 0.00606600
v -0.04377600 0.00400900 0.00574500
v -0.04310504 0.00390484 0.00480271
v -0.04206628 0.00375068 0.00424386
v -0.04028378 0.00496265 0.00338633
v -0.03345340 0.00686040 -0.00020461
v -0.03526190 0.00619611 0.00103409
v -0.03219130 0.00723547 -0.00099817
v -0.03165500 0.00787800 -0.00149500
v -0.03139800 0.00797300 -0.00152400
v -0.03080350 0.00869150 -0.00231350
v -0.05557775 -0.00880313 0.01900025
v -0.05285576 -0.00457214 0.02160312
v -0.05043228 0.00045501 0.02172159
v -0.05175066 -0.00147072 0.02151232
v -0.05059900 0.00116600 0.02161900
v -0.04990300 0.00282900 0.02055200
v -0.04988300 0.00258200 0.02038900
v -0.04557636 0.00938422 0.01793146
v -0.04474455 0.01067034 0.01710896
v -0.04519800 0.01018700 0.01736400
v -0.04521700 0.01018900 0.01761700
v -0.04360450 0.01267800 0.01601675
v -0.04944499 -0.00649142 0.01283179
v -0.04325964 -0.00237438 0.00823014
v -0.04567185 -0.00405668 0.00912195
v -0.03902363 -0.00082342 0.00592556
v -0.03505496 0.00087173 0.00430255
v -0.03289700 0.00199400 0.00268100
v -0.03348300 0.00141100 0.00319000
v -0.03072500 0.00320400 0.00133200
v -0.03080150 0.00318700 0.00121550
v -0.01882475 -0.02586000 0.03228150
v -0.01578896 -0.02681024 0.02960866
v -0.01437139 -0.02660759 0.02829928
v -0.01237692 -0.02606020 0.02733447
v -0.01003200 -0.02495300 0.02590600
v -0.01010400 -0.02495100 0.02609900
v -0.01080100 -0.02552900 0.02631500
v -0.00854250 -0.02383950 0.02540850
v -0.00850100 -0.02387500 0.02544300
v -0.03834310 -0.00530891 -0.00241985
v -0.04851121 -0.01430817 -0.00096092
v -0.05245553 -0.01671918 -0.00141910
v -0.05444860 -0.01924776 -0.00105515
v -0.05662922 -0.02429950 0.00170710
v -0.04327837 -0.00431706 -0.00700525
v -0.04506369 -0.00740674 -0.00987705
v -0.04490900 -0.00754900 -0.01021100
v -0.04348510 -0.00541741 -0.00761266
v -0.04596000 -0.00881150 -0.01140100
v -0.04609900 -0.00886600 -0.01124300
v -0.01708126 -0.02396867 0.01978178
v -0.01448651 -0.03527433 0.02872522
v -0.01429418 -0.03942409 0.02840637
v -0.04169985 -0.00499211 -0.00512748
v -0.04214600 -0.00503700 -0.00487400
v -0.04226800 -0.00515200 -0.00498500
v -0.04642500 -0.00949900 -0.00640300
v -0.04530334 -0.00867196 -0.00607338
v -0.04670475 -0.00979225 -0.00670225
v -0.04194621 -0.00268610 -0.00845424
v -0.04245585 -0.00373539 -0.00953529
v -0.04427883 -0.00672856 -0.01245100
v -0.04515500 -0.00755300 -0.01348850
v -0.04505300 -0.00773400 -0.01339000
v -0.03297260 0.00400387 -0.01573953
v -0.03432038 0.00302087 -0.01705144
v -0.03369770 0.00368089 -0.01702284
v -0.03814500 0.00078900 -0.01737000
v -0.03904170 0.00031491 -0.01748692
v -0.03895975 0.00022558 -0.01734295
v -0.03951373 -0.00093521 -0.01835673
v -0.05476200 -0.03613300 0.02711900
v -0.05554542 -0.03511288 0.02693808
v -0.05470800 -0.03634700 0.02707000
v -0.05449000 -0.03659900 0.02699800
v -0.05400450 -0.03752600 0.02643000
v -0.05406000 -0.03753400 0.02641800
v -0.02551612 -0.01833958 0.01964947
v -0.02682825 -0.02149950 0.02113375
v -0.02698200 -0.02176850 0.02095825
v -0.02621200 -0.02169100 0.02093900
v -0.03522679 -0.02482372 0.02626860
v -0.03515100 -0.02561600 0.02678100
v -0.03476200 -0.02612100 0.02728500
v -0.03436700 -0.02642100 0.02734200
v -0.03291800 -0.02745700 0.02773200
v -0.03425200 -0.02665000 0.02748000
v -0.03288900 -0.02742800 0.02768200
v -0.05622057 -0.03749992 0.01400890
v -0.05780208 -0.03021974 0.01517833
v -0.05311388 -0.04155820 0.01247620
v -0.04805901 -0.03430837 0.03420529
v -0.04833616 -0.03262100 0.03356296
v -0.04891883 -0.03833669 0.03299906
v -0.03793105 -0.04869835 0.01866147
v -0.03227465 -0.05072657 0.00690649
v -0.03245300 -0.05084800 0.00852000
v -0.01123041 -0.00091431 -0.00266477
v -0.01100090 0.00095225 -0.00359093
v -0.00927447 0.00092665 -0.00441384
v -0.00550037 0.00184380 -0.00777223
v -0.00537250 0.00203875 -0.00726312
v -0.01676381 0.01065960 0.00593297
v -0.01552607 0.01145615 0.00570418
v -0.01701296 0.00735193 0.01105271
v -0.01358072 0.01182694 0.00191593
v -0.01724070 0.00572037 0.01281109
v -0.00776219 0.00735782 -0.00784781
v -0.00832632 0.00654898 -0.01023178
v -0.01810303 0.00841223 0.01099031
v -0.01613849 0.00328014 0.01305864
v -0.01628681 0.00369677 0.01297024
v -0.01440795 0.00658938 0.01033527
v -0.01678425 0.00204889 0.01270646
v -0.01656303 0.00152877 0.01169765
v -0.01754931 -0.00575513 -0.00532966
v -0.01848572 0.00016726 0.00854137
v -0.01860025 -0.00015019 -0.00128794
v -0.01411456 0.00172947 -0.00741017
v -0.01689092 -0.00112475 0.00948414
v -0.01079686 -0.00826250 -0.01518040
v -0.01227632 0.00718080 0.00976736
v -0.00765204 -0.00321050 -0.01540550
v -0.01117827 0.00153544 0.01165670
v -0.01863136 -0.00289325 0.00751552
v -0.01665493 -0.00605244 0.00554622
v -0.01912633 -0.01239229 0.00268536
v -0.00427833 0.00300523 0.01476425
v -0.01636794 -0.00149199 0.00850568
v -0.01620223 -0.00283709 0.00722051
v -0.01689756 -0.00428932 0.00645824
v -0.01325084 -0.00770845 -0.00852454
v -0.00916360 0.00388317 0.01244072
v -0.01270710 0.00045994 0.01120699
v -0.01154012 -0.00654555 -0.01149425
v -0.01868677 -0.00794156 -0.00393870
v -0.00635785 -0.00156210 -0.01412041
v -0.01337264 0.00297306 0.01156274
v -0.01283142 0.00376922 0.01102840
v -0.01621402 -0.00627315 0.00576044
v -0.01627190 -0.00887218 0.00461782
v -0.01754509 -0.01113012 0.00231213
v -0.01123842 -0.00917170 -0.01373936
v -0.01496905 -0.00879111 0.00462846
v -0.01393607 0.00717534 0.01016197
v -0.00720589 0.00573624 0.01211273
v -0.00710587 0.00197579 0.01403860
v -0.01008887 -0.00729286 -0.01572055
v -0.01419988 -0.00749468 0.00522449
v -0.01207183 -0.00894987 -0.00270325
v -0.00867796 -0.00901302 -0.01580964
v -0.01165960 -0.00170245 0.01002708
v -0.00972610 -0.00778234 -0.01417478
v -0.01379838 -0.00915953 0.00239417
v -0.01332952 -0.00685815 0.00601092
v -0.01336527 -0.00989256 0.00141309
v -0.00927452 -0.00872693 -0.01630671
v -0.01196908 -0.00731249 0.00446327
v -0.01309095 -0.00841990 0.00459279
v -0.01201597 -0.00753321 0.00487509
v -0.01221952 -0.00962449 -0.00214793
v -0.01364375 -0.00989255 -0.00459934
v -0.00219935 0.00471534 0.01580193
v -0.00245353 0.00370027 0.01551350
v -0.01204711 -0.00239032 0.00857404
v -0.00779495 -0.00243116 0.01055889
v -0.00893001 -0.00975750 -0.01551434
v -0.01243289 -0.00590148 0.00536268
v -0.01154626 -0.00793986 0.00479260
v -0.00921840 -0.00818039 0.00326817
v -0.00404455 0.00467487 0.01440931
v -0.01218634 -0.00084197 0.01014536
v -0.00947372 -0.00393572 0.00833964
v -0.00919439 -0.00555530 0.00771097
v -0.00984665 -0.00887146 -0.00454773
v -0.00125634 0.00307346 0.01667747
v -0.00787518 -0.00531393 0.00789383
v -0.00740391 -0.00967614 -0.00736460
v -0.00630693 -0.00363741 0.01078916
v -0.00224257 -0.00882477 0.00166530
v -0.00920420 0.00086801 0.01316550
v -0.00076035 -0.00034010 0.01522070
v -0.00310450 -0.00435863 0.01112598
v -0.00829967 -0.00966882 -0.01542451
v -0.00734201 -0.00950644 -0.00057835
v -0.01130770 -0.00965836 -0.00262609
v -0.00079069 0.00434867 0.01567225
v -0.00828293 -0.00928268 -0.00332000
v -0.00323738 -0.01039549 -0.00705320
v -0.00665317 -0.00677268 0.00729947
v -0.00237167 -0.00225507 0.01402653
v -0.00185559 -0.00193099 0.01313875
v -0.00012427 -0.00540289 0.01174813
v -0.00021605 -0.00648470 0.00826074
v -0.00398325 -0.01114662 -0.00941664
v -0.00483129 -0.01095741 -0.00686853
v 0.00117742 -0.00012211 0.01557000
v -0.00453368 0.00092635 0.01422710
v -0.00370055 -0.00307421 0.01197540
v 0.00332085 0.00144705 0.01826364
v 0.00149262 0.00181895 0.01633845
v -0.00327011 -0.00362667 0.01281093
v -0.00007497 -0.00840869 0.00163575
v 0.00252064 0.00065563 0.01738370
v -0.00624955 -0.00706388 0.00679898
v -0.00351141 -0.00964039 -0.00038279
v -0.00151323 -0.01160619 -0.00482416
v 0.00479342 -0.00165955 0.01601054
v 0.00532685 -0.00496360 0.01548050
v 0.00485268 -0.00604281 0.01422022
v -0.00168637 -0.01103080 -0.00676131
v 0.00050618 0.00030452 0.01667125
v 0.00587075 -0.00208351 0.01523352
v 0.00696466 -0.00855539 0.00616682
v 0.00318472 -0.00942164 0.00278054
v 0.00562928 -0.00193051 0.01668519
v 0.00601092 -0.00263654 0.01558277
v 0.00673063 -0.00274072 0.01598342
v 0.00485496 -0.00553382 0.01370802
v 0.00097082 -0.01109930 -0.00262915
v 0.00857820 -0.00061985 0.01791989
v 0.00654646 -0.00158460 0.01734434
v 0.00532521 -0.00034429 0.01679256
v 0.00613320 -0.00166995 0.01598680
v 0.00257080 -0.00286710 0.01415000
v 0.00981737 -0.00695774 0.01796389
v 0.00626709 -0.00450755 0.01556762
v 0.00875365 -0.00794834 0.00922605
v -0.00507984 -0.00600434 0.00545051
v 0.00827481 -0.00615417 0.01376679
v 0.00585272 -0.00604055 0.01446406
v 0.00683137 -0.00018093 0.01812102
v 0.00878019 -0.00278119 0.01688921
v 0.00795938 -0.00587263 0.01393595
v 0.00809964 -0.00708685 0.01436934
v 0.00538431 -0.00692924 0.00807329
v 0.01091593 -0.00316412 0.01812103
v 0.00971583 -0.00751880 0.01850951
v 0.00504098 -0.00849879 0.00601193
v 0.01391488 -0.00318339 0.01949713
v 0.01415281 -0.00288579 0.01935412
v 0.01003582 -0.00786720 0.01286512
v 0.01003926 -0.00853444 0.01375080
v 0.00959394 -0.00864494 0.01185323
v 0.01138921 -0.00905757 0.01312643
v 0.01314523 -0.00363809 0.01904907
v 0.00853429 -0.00778297 0.01262735
v 0.01083549 -0.00831152 0.01399045
v 0.01050956 -0.00883047 0.01388630
v 0.01098631 -0.00866052 0.01730074
v 0.01180251 -0.00885780 0.01438624
v 0.01158861 -0.00901105 0.01400607
v 0.01135911 -0.00843831 0.01694840
v 0.01146109 -0.00823058 0.01594203
v 0.01137527 -0.00815746 0.01542502
v 0.01223524 -0.00880739 0.01484686
v 0.01217133 -0.00907833 0.01722504
v 0.01223947 -0.00792335 0.01846066
v 0.01380391 -0.00795720 0.01818208
v 0.01203253 -0.00804728 0.01621505
v 0.01570857 -0.00767609 0.01754230
v 0.01589992 -0.00794423 0.01691940
v -0.00577357 0.02263784 -0.00876753
v -0.01188698 0.02189418 0.00319932
v -0.01459280 0.01820590 0.01061505
v -0.01302754 0.02036712 0.00862295
v -0.01440297 0.01824293 0.01102807
v -0.01047932 0.01331424 0.01162743
v -0.00881354 0.00976279 0.01230012
v -0.00321454 0.00309419 0.01245171
v 0.00115371 -0.00128686 0.01168058
v 0.01247996 -0.01004006 0.01214349
v 0.00680235 -0.00670574 0.01200514
v 0.01164792 -0.01097459 0.01191542
v 0.01243413 -0.01049276 0.01265420
v 0.01220596 -0.01016500 0.01110881
v 0.00613027 -0.00690925 0.01098472
v 0.00676604 -0.00594967 0.01111118
v 0.00163044 -0.00352115 0.01202042
v 0.00527673 -0.00571706 0.01088979
v 0.00486297 -0.00533908 0.01089052
v 0.00752701 -0.00698574 0.01035637
v 0.01142516 -0.01113292 0.01056245
v 0.00883568 -0.00705428 0.01028432
v 0.00812742 -0.00794328 0.00998715
v 0.00360989 -0.00215924 0.01000748
v 0.00702525 -0.00637346 0.00962202
v 0.01094477 -0.01058190 0.01038643
v 0.00742108 -0.00562465 0.01007829
v 0.00340425 0.00045966 0.00942228
v -0.00440673 0.00902290 0.01101438
v 0.00084429 0.00328096 0.01027868
v 0.00030252 0.00397187 0.01024243
v -0.00215570 0.01029309 0.00913681
v 0.00142303 0.00015692 0.01028150
v -0.00578925 0.01198078 0.00951964
v -0.00340701 0.01079307 0.01007236
v -0.00717888 0.01881533 0.00661047
v -0.00678804 0.01798880 0.00720790
v -0.00632315 0.02090556 0.00579543
v -0.00047978 0.00911832 0.00870832
v 0.00215355 0.00090992 0.00965923
v 0.00196833 0.00202581 0.00881945
v -0.00287968 0.01179522 0.00763078
v -0.00326156 0.01429503 0.00752336
v -0.00670225 0.01880305 0.00641707
v -0.00661104 0.01890987 0.00589169
v -0.00333381 0.01204302 0.00794521
v -0.00842904 0.01706303 0.00800828
v -0.01206449 0.01961711 0.00919170
v -0.00771136 0.02013958 0.00575352
v -0.00583895 0.02213874 0.00524715
v -0.00232761 0.01217046 0.00816642
v -0.00636700 0.02317836 0.00382229
v -0.00673605 0.02019399 0.00560224
v -0.00902722 0.02295197 0.00583919
v -0.00630095 0.02419297 0.00418103
v -0.00573221 0.02389847 0.00407844
v -0.00725842 0.02390044 0.00437646
v -0.01308192 0.00910066 0.01279920
v -0.00023188 -0.00235927 0.01277430
v -0.00066517 -0.00112427 0.01270863
v -0.01400642 0.01122231 0.01226641
v -0.00415599 0.00137510 0.01337204
v -0.00259400 -0.00098297 0.01256205
v -0.01211254 0.00826829 0.01189334
v -0.00605088 0.00126600 0.01315751
v -0.01182023 0.00664922 0.01278802
v -0.01322952 0.01525979 0.01218337
v -0.00190357 0.00068225 0.01189485
v -0.00298838 0.00236429 0.01181205
v -0.00718119 0.00717010 0.01198770
v -0.01093838 0.01340719 0.01099507
v -0.00806011 0.01010728 0.01174668
v -0.01162794 0.01504183 0.01123222
v -0.01173561 0.01333588 0.01188493
v -0.01516074 0.01511017 0.01303501
v -0.01517544 0.01347040 0.01298830
v -0.02012800 0.01498482 0.01207641
v -0.02091014 0.01767635 0.01342646
v -0.01741589 0.01574491 0.01404738
v -0.01919578 0.01614846 0.01338490
v -0.02196182 0.01848086 0.01148497
v -0.02124217 0.01925396 0.01090254
v -0.02134590 0.01614071 0.00957548
v -0.02079942 0.01885617 0.00845954
v -0.02158679 0.01686312 0.00797985
v -0.02123194 0.01687557 0.00826302
v -0.01435239 0.02070229 0.00521164
v -0.02085333 0.01839753 0.01172323
v -0.00645435 0.02491494 0.00289237
v -0.00874774 0.02471293 0.00297202
v -0.01182842 0.02218218 0.00812931
v -0.01474324 0.02188013 0.00763148
v -0.00766270 0.02366182 0.00395189
v -0.00901919 0.02231839 0.00588304
v -0.00707415 0.02053510 0.00638212
v -0.00888631 0.02227790 0.00640302
v -0.01143323 0.02195170 0.00659008
v -0.00688731 0.02426721 0.00274900
v -0.00413317 0.02255308 0.00331911
v -0.00192891 0.01201577 0.00765932
v -0.00337730 0.01677498 0.00548472
v -0.00253435 0.01536138 0.00613951
v -0.00258363 0.01442307 0.00507794
v -0.00289451 0.01403097 0.00599197
v -0.00286383 0.01302835 0.00673754
v -0.00266813 0.01400766 0.00661579
v 0.01069101 -0.00914781 0.00465695
v 0.01302753 -0.01152052 0.00461177
v 0.01319529 -0.01122423 0.00518051
v 0.00350179 0.00509752 0.00610561
v 0.00321327 0.00626503 0.00517229
v 0.00818618 -0.00379870 0.00306623
v 0.00905974 -0.00549769 0.00328202
v 0.01232415 -0.01033229 0.00462767
v 0.01275192 -0.01069132 0.00418090
v 0.01435759 -0.01130980 0.00519559
v 0.01133672 -0.00937064 0.00414537
v 0.01091355 -0.00899792 0.00370626
v 0.00879296 -0.00608545 0.00385422
v 0.00648217 -0.00133206 0.00447750
v 0.00884705 -0.00538212 0.00275103
v 0.00291973 0.00785071 0.00206698
v 0.00897457 -0.00459205 0.00267982
v 0.00658104 0.00236190 0.00091679
v 0.00379278 0.00716017 0.00035382
v 0.00491683 0.00342619 0.00023328
v -0.00072609 0.01258961 0.00121187
v -0.00233024 0.01856314 0.00014553
v -0.00127579 0.01712232 0.00029483
v -0.00410814 0.02157962 -0.00198678
v 0.00270020 0.00793134 0.00034364
v -0.00091939 0.01558543 -0.00446069
v 0.00256894 0.00689864 0.00026429
v -0.00090197 0.01347372 -0.00268896
v -0.00234689 0.01840293 -0.00341031
v -0.00018792 0.01519495 -0.00304086
v -0.00408132 0.02303713 -0.00656098
v -0.00396633 0.02245587 -0.00770369
v -0.00510626 0.02403627 -0.00781334
v -0.00379757 0.02035827 -0.00671891
v -0.00550362 0.02371594 -0.00885376
v -0.00604477 0.02499259 -0.00670977
v -0.00385036 0.02274905 -0.00303098
v -0.00363902 0.02320694 -0.00237299
v -0.00535267 0.02536218 -0.00443471
v -0.00511943 0.02463973 -0.00464798
v -0.00593523 0.02472743 -0.00648136
v -0.00519085 0.02541694 -0.00324862
v -0.00569822 0.02564865 -0.00135056
v -0.00601743 0.02595202 -0.00108354
v 0.00276930 0.00749710 0.00473238
v 0.00696808 -0.00011996 0.00394577
v 0.00625147 0.00023231 0.00340601
v 0.00665434 -0.00119761 0.00364930
v 0.00172003 0.00671147 0.00522308
v 0.00279177 0.00498515 0.00566508
v -0.00082528 0.01359694 0.00493470
v -0.00148583 0.01359160 0.00581947
v -0.00240328 0.01790968 0.00399390
v -0.00413681 0.02409642 0.00252898
v -0.00507547 0.02543609 0.00140700
v -0.00581404 0.02539618 0.00186057
v -0.00712719 0.02564112 -0.00234799
v -0.00558257 0.02581537 0.00039727
v -0.00530604 0.02518503 0.00072840
v -0.00458862 0.02351029 0.00191085
v -0.00555143 0.02451826 0.00204616
v -0.00448898 0.02217091 0.00279442
v -0.00631238 0.02449586 0.00156534
v -0.00554933 0.02487660 0.00014767
v -0.00384947 0.02280610 0.00162120
v -0.00189223 0.01409452 0.00370240
v 0.00244106 0.00563672 0.00375332
v -0.00429880 0.02359613 0.00015679
v -0.00308402 0.01897701 0.00195359
v -0.00109548 0.01573192 0.00349606
v -0.00061145 0.01375297 0.00281983
v -0.00457394 0.02522257 0.00032559
v -0.00342719 0.02317594 0.00077818
v -0.00482002 0.02523148 -0.00033276
v -0.00693844 0.02469055 -0.00146184
v -0.00461405 0.02417598 -0.00251071
v -0.00462195 0.02305589 -0.00264469
v -0.00555196 0.02435336 -0.00385448
v -0.00576230 0.02545760 -0.00268547
v -0.00825154 0.02520711 -0.00576797
v -0.01057328 0.02358421 -0.00001021
v -0.01102654 0.02246864 -0.00446577
v -0.02039100 0.01576025 0.00285615
v -0.01766221 0.01633775 -0.00042719
v -0.01152086 0.02121707 -0.00715231
v -0.00679138 0.02484190 -0.00762464
v -0.00639557 0.02338632 -0.00905506
v -0.00711422 0.02219146 -0.00890809
v -0.00530909 0.02236119 -0.00785050
v -0.00655160 0.02445700 -0.00674012
v -0.00651060 0.02334895 -0.00919845
v -0.01000973 0.02282016 -0.00757575
v -0.02024391 0.01609427 0.00525085
v -0.01324075 0.02055285 0.00106134
v -0.01486360 0.01966561 0.00298299
v -0.00885243 0.02331805 -0.00495949
v -0.00914259 0.02255445 -0.00632887
v -0.01246324 0.01856930 -0.00621981
v -0.01265429 0.01892274 -0.00590772
v -0.01545343 0.01761847 -0.00383375
v -0.01394474 0.01775166 -0.00482289
v -0.00707513 0.02189919 -0.00870816
v -0.01144452 0.01934961 -0.00732210
v -0.00831426 0.02121856 -0.00836610
v 0.00422551 0.00495352 0.00479698
v -0.00275890 0.01270902 0.00775997
v -0.00265800 0.01252000 0.00770200
v -0.00691251 0.01938970 0.00654313
v -0.00153819 0.00635008 -0.01543663
v -0.00111611 0.00861664 -0.01550185
v -0.00170218 0.00909983 -0.01365582
v -0.01207182 0.00585732 -0.00210218
v -0.01299361 0.00543551 -0.00002664
v -0.01162915 0.00549910 0.00140139
v -0.00981239 0.00527684 0.00235009
v -0.00824217 0.00045681 0.00567946
v 0.00768040 -0.01248573 0.01238060
v 0.01153388 -0.01457254 0.01465126
v 0.01338223 -0.01465872 0.01471960
v 0.01446818 -0.01682604 0.01634133
v 0.01476900 -0.01662900 0.01594500
v 0.01499497 -0.01583491 0.01661949
v 0.01344765 -0.01449688 0.01386349
v 0.01420134 -0.01723571 0.01549426
v 0.01044533 -0.01517788 0.01378187
v 0.01083943 -0.01531995 0.01358711
v 0.01238584 -0.01575247 0.01377383
v 0.01519817 -0.01614857 0.01568781
v 0.01063686 -0.01371274 0.01345900
v 0.00771704 -0.00926480 0.00926746
v 0.00098166 -0.00440295 0.00661776
v 0.01277354 -0.01579129 0.01340498
v 0.00951276 -0.01174032 0.00942218
v 0.00604831 -0.00755662 0.00809130
v 0.00720038 -0.00933126 0.00836078
v 0.00630692 -0.01006664 0.00898326
v -0.00030546 -0.00152553 0.00546553
v -0.00981040 0.00893402 0.00127285
v -0.00607417 0.00690988 0.00152539
v -0.00090554 0.00121341 0.00373955
v -0.00588031 0.00791161 0.00097799
v 0.00201510 0.00023367 0.00339775
v -0.00463257 0.00599452 0.00109233
v 0.00547719 -0.00558853 0.00672658
v 0.00738660 -0.00779676 0.00661892
v 0.00265388 -0.00209709 0.00352820
v -0.00556052 0.00809790 -0.00056034
v -0.00298700 0.00041018 0.00364517
v -0.00716622 0.00437349 0.00209288
v -0.00912702 0.00775781 0.00013537
v -0.00877233 0.00774876 0.00023877
v -0.00545996 0.00837797 0.00030202
v -0.00343385 0.00744372 -0.00081158
v -0.00260326 0.00706869 0.00002107
v -0.00495792 0.01015801 -0.00169771
v -0.00446223 0.00594592 0.00046885
v -0.00636604 0.01033967 -0.00122539
v -0.00544800 0.01062233 -0.00191453
v -0.00678932 0.00970557 -0.00265429
v -0.00706472 0.01006104 -0.00130704
v -0.00866330 0.00945197 -0.00098549
v -0.01280332 -0.00019304 0.00479420
v -0.00381354 -0.00646825 0.00916930
v 0.00130435 -0.00992410 0.01133450
v -0.00279465 -0.00738597 0.00886891
v 0.00001574 -0.00996447 0.01026148
v -0.01395438 -0.00118965 0.00430081
v -0.00370938 -0.00783703 0.00903400
v -0.01248806 -0.00029121 0.00425120
v -0.00976709 0.00072246 0.00421614
v -0.01103291 0.00223532 0.00419260
v 0.00288002 -0.00931230 0.01015518
v 0.00779129 -0.01350074 0.01212373
v 0.01241622 -0.01517421 0.01371443
v -0.00314970 -0.00354649 0.00665154
v -0.00103271 -0.00674933 0.00797653
v -0.00219884 -0.00552454 0.00786255
v -0.00570498 -0.00261829 0.00631836
v -0.00727484 0.00049675 0.00539193
v -0.01103115 0.00296091 0.00261318
v -0.01051274 0.00112176 0.00367350
v 0.00413661 -0.00980754 0.01020152
v -0.01216482 -0.00107208 0.00542167
v -0.01259609 0.00282699 0.00360861
v -0.01630204 -0.00024511 0.00372511
v -0.01659492 0.00030972 0.00355281
v -0.01486366 0.00047685 0.00454645
v -0.01363691 -0.00120144 0.00522892
v -0.01691276 0.00027581 0.00277388
v -0.01641925 -0.00112283 0.00118144
v -0.01539078 -0.00012155 0.00297421
v -0.01535207 -0.00092491 0.00073248
v -0.01483079 0.00433100 -0.00136175
v -0.01246897 0.00751026 0.00096360
v -0.01183263 0.00866429 0.00016772
v -0.01466547 0.00542742 0.00054222
v -0.01181244 0.00932062 -0.00191068
v -0.00870591 0.00836718 0.00066006
v -0.00797691 0.00915411 -0.00168842
v -0.00638736 0.01070776 -0.00374818
v -0.00406256 0.00999891 -0.00408683
v 0.00259502 -0.00012737 0.00274422
v 0.00340718 -0.00095041 0.00348307
v 0.00502620 -0.00303056 0.00416852
v 0.00246306 -0.00129681 0.00293982
v -0.00180293 0.00756516 -0.00199289
v 0.00238754 0.00103144 0.00063514
v 0.00297539 -0.00004575 0.00192466
v 0.00328508 0.00089819 0.00137412
v 0.00427252 0.00072373 0.00085697
v 0.01342877 -0.01022498 0.00526761
v 0.01637202 -0.01218376 0.00688188
v 0.00800481 -0.00427325 0.00256005
v 0.01938090 -0.01360601 0.00782325
v 0.01965823 -0.01434432 0.00701859
v 0.01485389 -0.01168379 0.00403074
v 0.01946851 -0.01485164 0.00766624
v 0.01975798 -0.01410685 0.00747874
v 0.01470608 -0.01047958 0.00335581
v 0.00989374 -0.00493819 -0.00100595
v 0.01270496 -0.00951439 0.00197215
v 0.01363549 -0.01058979 0.00213126
v 0.01369743 -0.00958151 0.00140119
v 0.01351380 -0.00943820 0.00198828
v 0.00653541 0.00086816 -0.00450415
v 0.00533399 0.00052446 -0.00507835
v -0.00071080 0.01067161 -0.00807907
v 0.00245229 0.00756230 -0.00693246
v 0.00523632 0.00290119 -0.00659371
v 0.00862820 -0.00223462 -0.00443579
v 0.00078789 0.00982166 -0.01186286
v 0.00567697 0.00376342 -0.01044177
v 0.00124557 0.00752838 -0.01290760
v 0.00295549 0.00809953 -0.01090378
v -0.00073930 0.00928599 -0.01359870
v 0.00017903 0.01088702 -0.01441233
v -0.00142354 0.01132309 -0.01372931
v 0.00477724 0.00319497 -0.00992030
v -0.00071032 0.01130034 -0.01502005
v -0.00163294 0.01135805 -0.01357983
v -0.00164232 0.01151287 -0.01315868
v -0.00114585 0.01155102 -0.01067439
v -0.00330199 0.01152812 -0.00926892
v -0.00427741 0.01213658 -0.00664359
v -0.00495554 0.01200610 -0.00595566
v -0.00519201 0.01024520 -0.00579215
v 0.00829051 -0.00405736 0.00101255
v 0.00457854 0.00133440 -0.00345792
v 0.00986891 -0.00441876 0.00082169
v 0.01180400 -0.00901288 0.00240036
v 0.00855761 -0.00379808 0.00149390
v 0.00540202 -0.00152468 0.00012028
v -0.00291089 0.01095137 -0.00370224
v -0.00468659 0.01198054 -0.00492401
v -0.00692441 0.01116938 -0.00329082
v -0.00556601 0.01170738 -0.00426870
v -0.00673085 0.01135509 -0.00643653
v -0.00481981 0.01179373 -0.00548669
v -0.00498255 0.01037002 -0.00523266
v -0.00225893 0.00854341 -0.00340158
v 0.00012789 0.00774597 -0.00252478
v -0.00570697 0.01007723 -0.00433852
v -0.00909866 0.00844829 -0.00470847
v -0.00440848 0.01147912 -0.00556110
v 0.00566752 -0.00126422 -0.00108748
v 0.00869737 -0.00489613 -0.00032051
v 0.00034213 0.00707478 -0.00506502
v 0.00225728 0.00664847 -0.00421935
v -0.00142551 0.01073241 -0.00525221
v -0.00350328 0.01032437 -0.00642533
v -0.00258077 0.01153882 -0.00594052
v -0.00406848 0.01083527 -0.00730507
v -0.00193088 0.01006611 -0.00832671
v 0.00011247 0.00860507 -0.00888909
v -0.00092032 0.01076029 -0.01072679
v -0.00312242 0.01018285 -0.00925182
v -0.00234368 0.00956448 -0.01054092
v -0.00268298 0.00889944 -0.01222010
v -0.00457058 0.01119403 -0.00946598
v -0.00224561 0.01123646 -0.01431584
v -0.00288080 0.01124974 -0.01225484
v -0.00810381 0.00262591 -0.01108681
v -0.01437624 -0.00038674 -0.00329422
v -0.01495861 -0.00175079 -0.00152893
v -0.00926020 -0.00184326 -0.00739493
v -0.01171434 -0.00185162 -0.00598004
v -0.00056793 0.00908541 -0.01477487
v -0.00214541 0.01003430 -0.01554798
v -0.00060366 0.01079296 -0.01558409
v -0.00150681 0.01001443 -0.01584227
v -0.00206947 0.00907170 -0.01584563
v -0.00346198 0.00288041 -0.01430351
v -0.00578559 0.00064873 -0.01236510
v -0.00928393 -0.00189127 -0.00884744
v -0.00625060 -0.00031621 -0.00967823
v -0.00723659 0.00336811 -0.00914627
v -0.00825431 -0.00153552 -0.00847990
v -0.00724763 0.00482564 -0.00884032
v -0.00389453 0.00793378 -0.01109143
v -0.00491265 0.00005188 -0.01120255
v -0.00330352 0.00143695 -0.01281895
v -0.00280141 0.00224760 -0.01383549
v -0.00255306 0.00505926 -0.01519363
v -0.00136457 0.00404919 -0.01476456
v 0.01278075 -0.00900031 0.00262568
v 0.00885147 -0.00377246 -0.00407307
v 0.00983337 -0.00267739 -0.00406907
v 0.00190467 -0.00103993 0.00340007
v -0.00567960 0.00666613 0.00114648
v -0.00588257 0.00622229 0.00097942
v 0.00732761 -0.00895786 0.00876913
v -0.00140382 -0.07254000 -0.02418206
v 0.00322875 -0.05524725 -0.01756875
v -0.00301989 -0.09099073 -0.02884085
v -0.00003781 -0.05478112 -0.00387837
v -0.01165052 -0.05614816 -0.00688381
v 0.00888206 -0.09605863 -0.01928481
v -0.00455699 -0.05679649 0.00445022
v 0.00478870 -0.10140612 -0.00786602
v 0.00691657 -0.08716889 -0.00676528
v -0.00855182 -0.08767286 -0.01640803
v -0.00720106 -0.11289648 -0.02315607
v 0.00524536 -0.06361705 0.00297676
v 0.00785190 -0.07978029 -0.02010324
v -0.00624700 -0.05019863 -0.00183925
v 0.00960800 -0.05146550 0.00168400
v -0.00552300 -0.05164600 -0.01695400
v 0.01044725 -0.05120625 -0.01281700
v -0.00859639 0.05094768 -0.01342895
v -0.00287613 0.04978588 0.00010888
v -0.00366415 0.04851600 0.00341152
v 0.01086908 0.05268556 -0.01210169
v -0.00854974 0.09211397 -0.00236887
v 0.01363980 0.05394428 -0.00771273
v -0.00949033 0.09029072 -0.01187576
v 0.00682985 0.09161316 -0.01650990
v 0.00856720 0.09154797 -0.00045280
v 0.00843512 0.05078787 -0.01074775
v 0.00427511 0.06756119 0.00312885
v -0.00125900 0.05143600 -0.01605200
v -0.00532250 0.05093225 -0.01292850
v 0.01203700 0.04418250 -0.01070950
v -0.00319375 0.04441113 -0.00003462
v -0.00257900 0.04408750 -0.01753700
f 1 3 2
f 2 3 1
f 3 5 4
f 4 5 3
f 7 6 4
f 5 7 4
f 5 4 10
f 5 10 7
f 4 6 10
f 10 8 7
f 7 9 6
f 6 9 10
f 7 8 9
f 8 12 9
f 10 12 8
f 9 13 10
f 12 14 9
f 9 11 13
f 14 11 9
f 10 13 12
f 12 15 14
f 12 13 15
f 11 15 13
f 14 18 11
f 11 18 15
f 15 18 14
f 14 16 18
f 18 17 14
f 14 19 16
f 21 23 20
f 22 23 21
f 20 23 22
f 22 24 23
f 24 22 23
f 24 25 22
f 22 25 24
f 29 26 25
f 25 27 29
f 25 28 27
f 26 28 25
f 28 29 27
f 32 30 26
f 29 32 26
f 26 30 28
f 31 32 29
f 29 28 31
f 30 31 28
f 31 30 32
f 30 33 32
f 32 33 30
f 33 34 30
f 30 34 33
f 33 37 34
f 34 37 33
f 37 35 34
f 34 36 37
f 35 36 34
f 36 38 37
f 38 39 37
f 39 38 36
f 35 39 36
f 37 39 35
f 39 40 38
f 39 41 40
f 39 38 41
f 38 40 41
f 41 43 40
f 40 42 41
f 45 42 40
f 43 45 40
f 42 44 41
f 44 43 41
f 43 46 45
f 44 46 43
f 42 45 44
f 45 46 44
f 45 48 46
f 45 46 47
f 51 49 50
f 53 52 49
f 52 53 49
f 53 54 55
f 52 54 53
f 53 55 52
f 54 56 55
f 55 58 52
f 56 58 55
f 54 57 56
f 52 57 54
f 52 58 57
f 57 58 56
f 58 59 57
f 58 62 59
f 59 58 57
f 58 61 62
f 59 61 58
f 59 63 61
f 60 63 59
f 59 62 60
f 62 63 60
f 63 62 61
f 62 64 63
f 64 65 63
f 63 64 62
f 65 66 63
f 63 66 64
f 66 65 64
f 65 67 66
f 67 68 66
f 67 65 68
f 66 69 65
f 68 69 66
f 65 69 68
f 68 70 69
f 71 70 68
f 69 71 68
f 70 71 69
f 71 72 70
f 70 73 71
f 71 73 74
f 71 75 72
f 70 72 73
f 74 75 71
f 72 74 73
f 75 74 72
f 74 76 75
f 76 77 75
f 75 78 74
f 80 84 79
f 81 80 79
f 79 84 81
f 81 84 80
f 84 82 81
f 81 82 84
f 82 83 84
f 84 85 86
f 82 84 83
f 84 83 85
f 84 87 83
f 84 86 87
f 85 83 86
f 86 83 88
f 87 88 83
f 86 88 87
f 88 87 89
f 88 90 87
f 88 89 91
f 87 91 89
f 88 91 90
f 87 90 91
f 92 93 91
f 91 94 92
f 91 93 94
f 94 93 92
f 93 95 96
f 93 96 95
f 98 97 96
f 97 98 96
f 98 99 97
f 97 100 98
f 100 101 98
f 99 100 97
f 99 101 100
f 98 101 99
f 100 102 101
f 101 103 100
f 103 102 100
f 106 105 104
f 104 105 106
f 108 110 105
f 107 109 105
f 109 108 105
f 105 109 107
f 105 110 109
f 110 108 109
f 110 111 108
f 108 111 110
f 110 112 111
f 113 112 110
f 111 113 110
f 114 116 115
f 114 119 116
f 117 119 114
f 115 117 114
f 118 115 116
f 119 118 116
f 115 118 117
f 118 119 117
f 119 120 118
f 122 123 121
f 123 124 121
f 123 125 124
f 121 125 123
f 125 126 124
f 121 124 125
f 124 126 125
f 124 127 126
f 129 130 128
f 129 128 130
f 130 131 128
f 128 131 130
f 134 132 131
f 131 132 134
f 132 134 133
f 132 135 134
f 133 137 136
f 133 136 132
f 134 137 133
f 135 137 134
f 137 138 136
f 135 136 137
f 132 136 135
f 136 139 137
f 141 142 140
f 140 142 141
f 142 144 143
f 142 145 144
f 143 145 142
f 146 147 149
f 149 148 146
f 148 151 146
f 147 151 149
f 146 151 147
f 149 151 148
f 148 152 151
f 150 153 151
f 151 152 150
f 148 155 152
f 153 148 151
f 152 154 150
f 156 159 157
f 157 158 156
f 159 161 157
f 157 161 158
f 158 161 156
f 159 160 161
f 160 162 161
f 156 160 159
f 156 161 160
f 161 162 160
f 163 164 160
f 166 171 170
f 168 174 167
f 165 175 169
f 167 171 166
f 174 172 167
f 169 174 168
f 169 175 174
f 170 173 165
f 167 172 171
f 165 173 175
f 170 177 173
f 171 178 170
f 172 176 171
f 175 180 174
f 173 180 175
f 174 179 172
f 182 2968 181
f 183 189 193
f 2973 189 183
f 184 194 2973
f 187 194 184
f 188 187 184
f 193 188 185
f 2973 190 189
f 194 190 2973
f 189 191 193
f 187 192 194
f 188 192 187
f 188 200 192
f 189 195 191
f 190 195 189
f 190 205 195
f 190 216 205
f 194 216 190
f 191 197 193
f 188 196 200
f 193 197 196
f 193 196 188
f 191 198 197
f 198 203 197
f 195 199 198
f 195 198 191
f 196 202 201
f 196 201 200
f 197 203 202
f 197 202 196
f 198 204 203
f 204 209 203
f 199 213 204
f 199 204 198
f 195 213 199
f 200 206 192
f 201 207 206
f 201 206 200
f 202 208 201
f 208 207 201
f 203 209 208
f 203 208 202
f 204 210 209
f 213 210 204
f 194 211 216
f 192 211 194
f 206 214 192
f 207 214 206
f 208 212 207
f 212 214 207
f 209 210 212
f 209 212 208
f 212 217 214
f 210 217 212
f 195 205 213
f 216 215 205
f 211 219 216
f 205 215 213
f 216 220 215
f 219 220 216
f 192 223 211
f 214 223 192
f 213 221 210
f 215 221 213
f 210 221 217
f 214 218 223
f 217 218 214
f 215 222 221
f 223 219 211
f 221 230 217
f 220 222 215
f 222 227 221
f 217 224 218
f 230 224 217
f 221 227 230
f 220 225 222
f 222 225 227
f 219 226 220
f 223 226 219
f 218 228 223
f 220 226 225
f 227 233 230
f 224 228 218
f 223 228 226
f 225 233 227
f 226 229 225
f 228 232 226
f 225 229 233
f 228 234 232
f 231 234 228
f 236 237 245
f 244 235 243
f 241 242 240
f 245 246 235
f 238 246 237
f 240 238 239
f 243 2989 242
f 249 252 247
f 247 251 248
f 248 253 249
f 251 253 248
f 247 254 251
f 252 254 247
f 249 254 252
f 250 254 249
f 249 255 250
f 253 251 249
f 251 256 249
f 254 258 251
f 250 258 254
f 249 256 255
f 255 258 250
f 251 259 256
f 258 257 251
f 251 257 259
f 256 258 255
f 259 260 256
f 258 261 257
f 256 260 258
f 260 262 258
f 257 263 259
f 258 262 261
f 260 259 262
f 261 263 257
f 259 266 262
f 263 264 259
f 261 265 263
f 262 265 261
f 265 264 263
f 264 266 259
f 262 267 265
f 266 267 262
f 265 269 264
f 267 266 265
f 266 268 265
f 265 268 269
f 264 268 266
f 264 269 268
f 268 273 269
f 269 270 268
f 270 273 268
f 269 272 270
f 271 272 269
f 269 273 271
f 272 273 270
f 273 274 271
f 272 276 273
f 271 274 272
f 276 278 273
f 272 274 276
f 273 275 274
f 278 275 273
f 274 279 276
f 275 278 274
f 276 280 278
f 277 279 274
f 278 281 274
f 280 282 278
f 279 280 276
f 274 281 277
f 277 280 279
f 278 283 281
f 278 282 283
f 282 287 283
f 286 282 280
f 277 281 280
f 282 286 287
f 283 284 281
f 281 284 280
f 287 285 283
f 286 288 287
f 280 288 286
f 280 284 288
f 283 289 284
f 285 290 283
f 285 287 290
f 290 289 283
f 289 288 284
f 291 293 288
f 287 288 290
f 289 291 288
f 293 292 288
f 289 294 291
f 290 294 289
f 292 290 288
f 292 296 290
f 291 295 293
f 297 295 291
f 290 296 294
f 294 297 291
f 293 296 292
f 294 296 297
f 293 295 296
f 297 298 295
f 295 300 299
f 298 300 295
f 299 297 296
f 295 299 296
f 299 298 297
f 300 302 299
f 298 301 300
f 299 306 298
f 301 303 300
f 298 303 301
f 299 304 306
f 302 304 299
f 298 306 303
f 302 300 304
f 303 307 300
f 300 307 304
f 304 307 306
f 306 305 303
f 307 305 306
f 303 310 307
f 303 305 310
f 307 308 305
f 305 308 310
f 307 309 308
f 310 309 307
f 309 311 308
f 310 308 312
f 311 313 308
f 310 312 309
f 308 313 312
f 313 316 312
f 309 314 311
f 312 315 309
f 311 314 313
f 316 315 312
f 314 316 313
f 315 318 309
f 309 318 314
f 316 318 315
f 318 317 314
f 318 316 320
f 314 319 316
f 317 319 314
f 318 320 317
f 319 317 316
f 317 320 316
f 320 321 324
f 322 325 320
f 320 323 322
f 324 323 320
f 326 330 329
f 327 328 326
f 326 328 330
f 330 332 328
f 328 331 330
f 328 332 331
f 331 332 330
f 332 334 328
f 328 334 332
f 330 333 332
f 332 333 330
f 332 335 336
f 334 335 332
f 332 336 334
f 336 338 334
f 335 337 336
f 335 339 337
f 334 340 335
f 340 341 335
f 334 338 340
f 335 344 339
f 341 344 335
f 337 342 336
f 342 345 336
f 345 343 336
f 348 351 347
f 346 347 350
f 349 351 348
f 350 354 349
f 347 354 350
f 351 352 347
f 349 353 351
f 354 353 349
f 347 352 354
f 353 354 351
f 351 354 352
f 354 355 351
f 351 355 354
f 355 357 354
f 354 356 355
f 354 357 356
f 355 359 357
f 356 360 355
f 358 359 355
f 360 358 355
f 356 357 361
f 360 363 358
f 356 361 360
f 358 357 359
f 358 362 357
f 357 362 361
f 363 364 358
f 361 363 360
f 362 366 361
f 366 367 361
f 358 365 362
f 364 365 358
f 367 363 361
f 365 366 362
f 364 368 365
f 363 368 364
f 363 367 368
f 366 372 367
f 365 372 366
f 369 372 365
f 367 370 368
f 365 368 369
f 372 370 367
f 369 374 372
f 370 373 368
f 368 374 369
f 372 371 370
f 372 374 371
f 373 374 368
f 370 371 373
f 373 375 374
f 374 375 371
f 371 378 373
f 371 379 378
f 371 377 379
f 375 377 371
f 373 378 375
f 376 377 375
f 378 381 375
f 379 376 378
f 377 376 379
f 375 380 376
f 381 380 375
f 376 381 378
f 380 383 376
f 376 382 381
f 381 382 380
f 383 386 376
f 380 387 383
f 376 385 382
f 382 384 380
f 386 385 376
f 380 384 387
f 382 387 384
f 387 386 383
f 382 385 387
f 386 389 385
f 387 388 386
f 387 390 388
f 385 389 387
f 388 390 386
f 387 391 390
f 389 391 387
f 386 392 389
f 389 392 391
f 392 394 391
f 386 390 392
f 391 393 390
f 391 394 393
f 390 393 392
f 394 395 393
f 392 396 394
f 393 396 392
f 395 398 393
f 394 400 395
f 393 398 396
f 394 396 400
f 398 397 396
f 400 398 395
f 396 399 400
f 397 399 396
f 400 401 398
f 399 401 400
f 397 403 399
f 403 402 399
f 398 402 397
f 401 402 398
f 399 402 401
f 397 402 403
f 401 405 402
f 402 404 401
f 402 407 406
f 405 407 402
f 404 406 401
f 401 406 405
f 402 406 404
f 407 405 406
f 406 408 405
f 406 405 410
f 408 409 405
f 409 411 405
f 406 410 408
f 405 412 410
f 405 411 412
f 408 413 415
f 410 413 408
f 415 409 408
f 410 412 413
f 415 411 409
f 411 414 412
f 412 414 413
f 411 415 418
f 414 416 413
f 411 418 414
f 415 417 418
f 413 416 415
f 415 416 417
f 417 421 418
f 418 421 419
f 416 421 417
f 418 420 414
f 420 416 414
f 420 422 416
f 416 423 421
f 422 423 416
f 424 425 430
f 429 426 425
f 425 431 430
f 427 428 426
f 426 435 425
f 425 435 431
f 428 435 426
f 430 434 428
f 431 434 430
f 434 433 428
f 428 432 435
f 428 433 432
f 432 441 435
f 435 436 431
f 441 436 435
f 431 437 434
f 434 432 433
f 434 437 432
f 431 438 437
f 436 438 431
f 437 440 432
f 432 439 441
f 432 440 439
f 436 437 438
f 436 441 437
f 437 442 440
f 441 442 437
f 439 442 441
f 442 439 440
f 442 444 439
f 439 443 442
f 444 443 439
f 442 443 444
f 443 447 449
f 443 445 447
f 444 445 443
f 443 446 444
f 449 446 443
f 446 448 444
f 444 448 445
f 446 449 448
f 448 447 445
f 447 450 449
f 449 450 448
f 448 451 447
f 447 452 450
f 450 451 448
f 451 452 447
f 450 453 451
f 452 451 450
f 450 454 453
f 450 456 454
f 451 456 450
f 453 454 451
f 451 458 456
f 451 454 458
f 459 457 454
f 454 457 458
f 456 455 454
f 454 455 459
f 458 460 456
f 455 461 459
f 465 468 464
f 463 464 462
f 462 466 467
f 466 468 465
f 464 470 462
f 468 471 464
f 471 470 464
f 466 471 468
f 462 470 466
f 466 469 471
f 470 469 466
f 471 474 470
f 469 472 471
f 469 473 472
f 470 473 469
f 472 476 471
f 474 473 470
f 476 474 471
f 473 476 472
f 476 475 474
f 475 477 474
f 478 480 476
f 473 479 476
f 475 476 477
f 476 481 478
f 479 481 476
f 486 488 483
f 484 489 486
f 485 489 484
f 487 489 485
f 487 482 489
f 489 488 486
f 482 490 489
f 483 490 482
f 483 488 490
f 490 492 489
f 489 493 488
f 491 493 489
f 488 492 490
f 489 492 491
f 493 494 488
f 488 494 495
f 491 492 493
f 488 495 492
f 495 496 492
f 496 497 492
f 492 497 493
f 494 498 495
f 493 497 494
f 497 499 494
f 499 500 494
f 495 501 496
f 498 501 495
f 502 503 505
f 505 504 502
f 502 504 503
f 504 505 503
f 506 505 503
f 505 506 503
f 505 507 506
f 506 508 505
f 505 510 507
f 507 509 506
f 508 510 505
f 506 509 508
f 510 513 507
f 509 511 508
f 508 511 510
f 507 512 509
f 513 512 507
f 510 516 513
f 511 515 510
f 512 514 509
f 509 517 511
f 514 517 509
f 512 513 514
f 515 516 510
f 513 517 514
f 516 518 513
f 513 518 517
f 516 519 518
f 518 519 517
f 520 519 516
f 519 511 517
f 515 521 516
f 511 521 515
f 519 521 511
f 516 524 520
f 521 524 516
f 519 522 521
f 519 523 522
f 520 524 519
f 519 524 523
f 523 525 522
f 522 526 521
f 525 526 522
f 524 528 523
f 528 524 521
f 526 525 521
f 525 527 521
f 528 525 523
f 521 527 528
f 525 530 527
f 527 529 528
f 528 531 525
f 525 531 530
f 528 529 531
f 530 532 527
f 531 529 530
f 529 534 530
f 532 529 527
f 534 533 530
f 533 535 530
f 532 534 529
f 530 535 532
f 534 536 533
f 532 535 534
f 535 536 534
f 533 536 535
f 536 537 535
f 535 538 536
f 537 538 535
f 536 538 537
f 537 540 538
f 537 538 540
f 540 542 539
f 539 541 540
f 540 541 544
f 540 544 542
f 542 543 539
f 539 543 541
f 543 544 541
f 544 543 542
f 544 546 543
f 543 545 544
f 546 547 543
f 544 545 546
f 548 552 550
f 549 552 548
f 550 552 549
f 551 553 548
f 552 551 548
f 548 553 552
f 553 551 552
f 551 554 552
f 552 555 551
f 554 555 552
f 555 554 551
f 554 556 555
f 556 557 555
f 555 557 554
f 557 559 554
f 556 558 557
f 554 559 556
f 559 562 556
f 562 558 556
f 557 560 559
f 559 560 562
f 562 561 558
f 557 563 560
f 561 564 558
f 562 564 561
f 560 565 562
f 558 563 557
f 558 568 563
f 564 568 558
f 565 572 562
f 563 565 560
f 562 566 564
f 572 566 562
f 563 567 565
f 563 568 567
f 567 569 565
f 565 569 572
f 568 570 567
f 567 571 569
f 570 571 567
f 564 566 568
f 571 570 569
f 568 566 570
f 570 574 569
f 566 573 570
f 572 573 566
f 569 574 572
f 570 573 574
f 574 573 572
f 574 575 573
f 573 576 574
f 576 575 574
f 573 577 576
f 575 577 573
f 576 577 578
f 576 578 575
f 578 580 575
f 577 579 578
f 580 577 575
f 579 580 578
f 577 580 579
f 579 581 580
f 580 582 579
f 581 582 580
f 582 585 579
f 579 585 581
f 582 584 585
f 583 584 582
f 582 586 583
f 585 582 581
f 582 585 586
f 588 586 585
f 584 588 585
f 586 584 583
f 586 587 584
f 584 587 588
f 586 589 587
f 588 589 586
f 587 592 588
f 587 591 592
f 588 590 589
f 592 593 588
f 596 600 595
f 597 599 596
f 598 594 597
f 595 601 594
f 599 600 596
f 597 600 599
f 594 601 597
f 595 600 601
f 601 600 597
f 601 604 600
f 600 602 601
f 603 606 600
f 602 604 601
f 600 604 602
f 600 605 603
f 600 606 604
f 604 605 600
f 604 607 605
f 603 608 606
f 606 610 604
f 606 608 610
f 605 607 603
f 607 609 603
f 603 609 608
f 610 611 604
f 607 612 609
f 611 614 604
f 608 613 610
f 604 614 607
f 614 615 607
f 621 620 616
f 620 618 619
f 617 622 621
f 620 624 618
f 621 622 620
f 622 624 620
f 617 623 622
f 618 624 617
f 622 623 624
f 617 624 623
f 623 629 624
f 624 626 625
f 624 629 623
f 624 627 626
f 629 627 624
f 624 628 629
f 625 628 624
f 625 626 628
f 627 629 626
f 629 630 626
f 630 628 626
f 628 631 629
f 630 631 628
f 629 632 630
f 629 633 632
f 631 633 629
f 632 634 630
f 630 635 631
f 634 636 630
f 630 637 635
f 636 638 630
f 641 645 640
f 644 639 643
f 640 646 639
f 639 649 643
f 645 646 640
f 646 649 639
f 645 648 646
f 642 647 645
f 643 647 642
f 647 648 645
f 649 647 643
f 647 650 648
f 649 651 647
f 646 651 649
f 648 653 646
f 650 653 648
f 651 652 647
f 652 650 647
f 646 655 651
f 653 654 646
f 654 655 646
f 655 652 651
f 650 654 653
f 654 656 655
f 655 650 652
f 655 656 658
f 655 658 650
f 650 656 654
f 650 658 656
f 657 658 656
f 656 659 657
f 657 659 658
f 658 662 656
f 660 662 658
f 659 660 658
f 659 661 660
f 656 662 659
f 662 664 659
f 663 666 659
f 664 663 659
f 660 664 662
f 659 666 661
f 661 666 660
f 666 665 660
f 665 668 660
f 660 668 664
f 664 666 663
f 664 667 666
f 664 668 667
f 668 670 667
f 667 671 666
f 666 669 665
f 667 670 671
f 665 670 668
f 666 671 669
f 665 669 670
f 670 673 671
f 672 673 670
f 673 674 671
f 671 674 669
f 672 675 673
f 670 675 672
f 669 674 670
f 673 676 674
f 670 674 675
f 676 678 674
f 675 676 673
f 679 676 675
f 674 678 677
f 674 680 675
f 677 680 674
f 675 680 679
f 676 681 678
f 678 685 684
f 681 685 678
f 680 682 679
f 678 684 677
f 682 683 679
f 683 686 679
f 684 687 677
f 688 692 693
f 690 688 689
f 692 690 691
f 692 695 690
f 688 694 696
f 688 696 692
f 690 695 688
f 695 694 688
f 692 696 695
f 695 697 694
f 694 697 696
f 696 699 698
f 696 700 695
f 698 700 696
f 704 705 703
f 709 707 704
f 702 709 701
f 705 706 703
f 704 707 705
f 703 706 702
f 702 710 709
f 706 710 702
f 705 708 706
f 707 708 705
f 709 711 707
f 708 714 706
f 707 715 708
f 709 712 711
f 710 712 709
f 711 715 707
f 706 714 710
f 712 713 711
f 710 713 712
f 710 716 713
f 714 717 710
f 717 716 710
f 715 714 708
f 711 718 715
f 715 718 714
f 714 722 717
f 711 719 718
f 713 720 711
f 720 719 711
f 717 721 716
f 724 728 723
f 726 724 725
f 723 728 727
f 727 729 724
f 726 727 724
f 729 728 724
f 723 727 726
f 729 731 728
f 727 730 729
f 728 733 727
f 727 733 730
f 728 731 733
f 729 730 731
f 733 732 730
f 731 730 733
f 730 734 733
f 736 739 737
f 735 738 736
f 737 739 738
f 738 740 736
f 739 740 738
f 740 739 736
f 739 740 741
f 739 741 740
f 742 741 740
f 740 741 742
f 744 743 741
f 741 748 742
f 743 745 741
f 745 746 741
f 747 749 742
f 753 755 754
f 751 753 750
f 751 756 753
f 752 756 751
f 756 755 753
f 752 754 756
f 755 760 754
f 756 759 755
f 759 761 755
f 754 760 758
f 755 757 760
f 761 757 755
f 754 758 756
f 761 760 757
f 756 758 759
f 760 763 758
f 758 763 759
f 761 759 762
f 760 764 763
f 761 762 760
f 762 764 760
f 765 759 763
f 764 765 763
f 762 765 764
f 762 766 765
f 759 766 762
f 759 765 766
f 766 767 765
f 767 768 765
f 765 770 766
f 765 768 770
f 766 770 767
f 768 767 770
f 770 769 767
f 769 772 767
f 770 771 769
f 770 774 771
f 773 775 767
f 772 776 767
f 777 778 781
f 779 783 778
f 780 783 779
f 781 785 782
f 778 785 781
f 778 783 785
f 780 787 783
f 782 784 780
f 784 787 780
f 785 784 782
f 783 787 785
f 785 788 784
f 787 786 785
f 785 787 788
f 786 787 785
f 788 787 784
f 790 789 787
f 787 792 791
f 789 792 787
f 791 790 787
f 789 793 792
f 790 794 789
f 791 792 790
f 789 794 793
f 793 796 792
f 792 794 790
f 792 795 794
f 795 797 794
f 799 800 803
f 801 802 800
f 798 803 802
f 803 804 802
f 800 810 803
f 802 808 800
f 802 804 807
f 810 805 803
f 808 806 800
f 803 807 804
f 807 808 802
f 803 805 807
f 800 806 810
f 810 809 805
f 807 805 808
f 808 811 806
f 806 815 810
f 809 813 805
f 810 815 809
f 808 812 811
f 805 812 808
f 815 814 809
f 811 815 806
f 805 813 812
f 809 816 813
f 809 817 816
f 814 817 809
f 820 823 819
f 821 823 820
f 819 822 818
f 822 824 821
f 823 822 819
f 821 827 823
f 823 825 822
f 827 825 823
f 821 826 827
f 824 826 821
f 824 822 826
f 822 825 826
f 827 830 825
f 825 828 826
f 826 828 827
f 830 828 825
f 827 831 830
f 828 831 827
f 830 829 828
f 828 829 831
f 831 832 830
f 829 833 831
f 832 834 830
f 831 833 832
f 830 833 829
f 830 834 833
f 833 835 832
f 834 832 833
f 832 835 833
f 835 837 832
f 832 836 835
f 837 838 832
f 832 838 836
f 837 835 838
f 835 839 838
f 835 840 839
f 836 841 835
f 839 842 838
f 841 843 835
f 847 849 846
f 845 848 844
f 845 850 848
f 846 850 845
f 848 852 847
f 850 851 848
f 849 850 846
f 848 851 852
f 847 852 849
f 850 849 851
f 851 849 852
f 849 853 851
f 855 854 849
f 854 853 849
f 851 855 849
f 854 855 853
f 855 857 853
f 857 856 853
f 851 858 855
f 860 859 865
f 864 859 860
f 870 864 860
f 859 862 865
f 865 863 869
f 863 871 869
f 903 867 933
f 871 863 910
f 896 859 864
f 861 864 870
f 864 861 896
f 868 865 869
f 862 909 865
f 865 909 863
f 877 869 871
f 872 869 877
f 865 868 870
f 865 870 860
f 869 872 868
f 870 868 866
f 866 868 873
f 877 881 872
f 872 873 868
f 913 876 910
f 861 893 896
f 871 910 876
f 877 871 876
f 875 873 872
f 913 909 879
f 907 874 914
f 923 872 881
f 874 907 914
f 877 876 885
f 878 915 879
f 921 881 877
f 880 885 876
f 921 877 885
f 923 881 921
f 885 919 921
f 876 878 888
f 880 876 888
f 880 888 886
f 880 889 885
f 885 882 920
f 919 885 920
f 882 885 889
f 890 886 888
f 889 880 886
f 891 889 886
f 919 918 922
f 890 891 886
f 918 901 922
f 918 891 901
f 892 891 890
f 893 894 897
f 870 893 861
f 893 895 896
f 894 893 870
f 895 897 896
f 896 898 859
f 893 897 895
f 870 866 894
f 899 896 897
f 898 896 899
f 899 859 898
f 900 875 872
f 923 900 872
f 901 900 923
f 923 922 901
f 883 905 926
f 891 892 908
f 891 908 901
f 901 908 900
f 875 900 908
f 875 908 892
f 913 878 876
f 913 910 911
f 909 913 911
f 910 863 912
f 903 906 912
f 906 867 911
f 906 911 912
f 863 909 911
f 867 903 911
f 863 911 912
f 911 903 912
f 911 910 912
f 907 914 917
f 907 917 916
f 914 907 916
f 913 879 916
f 915 913 916
f 915 916 917
f 879 915 917
f 914 916 917
f 916 879 917
f 878 913 915
f 891 918 889
f 918 919 920
f 889 926 927
f 889 918 926
f 920 882 927
f 905 927 926
f 904 883 927
f 918 920 926
f 882 889 927
f 883 926 927
f 905 904 927
f 919 922 924
f 884 902 924
f 884 924 925
f 921 919 925
f 923 921 925
f 924 922 923
f 923 925 924
f 919 924 925
f 887 884 924
f 902 887 924
f 884 925 924
f 927 926 920
f 931 928 929
f 929 930 931
f 934 929 928
f 934 930 929
f 934 928 931
f 930 932 931
f 931 932 906
f 932 946 906
f 955 931 903
f 906 946 933
f 955 934 931
f 930 944 932
f 903 931 906
f 936 955 903
f 933 867 906
f 903 933 936
f 938 933 946
f 944 930 934
f 932 935 946
f 944 934 955
f 932 944 935
f 952 938 946
f 941 939 938
f 943 944 955
f 907 936 933
f 933 938 907
f 939 907 938
f 937 945 942
f 941 938 952
f 947 952 946
f 943 942 944
f 950 942 940
f 874 907 939
f 948 939 941
f 945 940 942
f 947 946 935
f 950 944 942
f 935 944 950
f 936 907 874
f 949 947 935
f 939 948 937
f 937 948 945
f 935 951 949
f 948 941 952
f 952 947 953
f 945 950 940
f 951 947 949
f 950 945 954
f 945 948 954
f 904 948 952
f 947 951 902
f 950 954 902
f 935 950 902
f 953 883 952
f 902 951 935
f 883 954 948
f 902 884 947
f 887 954 947
f 954 953 947
f 883 953 954
f 887 947 884
f 904 952 883
f 887 902 954
f 904 905 948
f 905 883 948
f 957 943 955
f 959 957 955
f 959 955 956
f 937 942 958
f 1005 962 961
f 963 967 961
f 961 962 965
f 961 968 1005
f 967 966 961
f 966 967 969
f 1006 970 965
f 968 973 1005
f 966 969 968
f 967 964 972
f 969 967 978
f 967 972 978
f 972 964 974
f 971 973 977
f 975 973 968
f 978 981 969
f 969 975 968
f 971 979 1010
f 978 972 974
f 971 977 979
f 969 981 975
f 976 977 973
f 978 974 982
f 975 989 973
f 983 981 978
f 978 982 983
f 981 985 975
f 988 974 980
f 975 985 989
f 982 986 983
f 974 988 982
f 1000 983 1021
f 987 984 976
f 987 976 989
f 988 986 982
f 1026 981 983
f 1021 983 986
f 981 1026 985
f 985 995 989
f 991 995 985
f 986 994 1021
f 985 1026 991
f 992 993 986
f 996 986 993
f 994 986 998
f 995 991 998
f 996 995 998
f 960 963 961
f 961 966 968
f 965 962 1006
f 976 973 989
f 986 988 990
f 986 996 998
f 973 971 999
f 1005 973 999
f 1010 979 970
f 983 1000 1026
f 1003 1002 976
f 989 1003 987
f 976 984 1003
f 1004 995 996
f 1004 1003 995
f 989 995 1003
f 1003 984 987
f 979 1002 1001
f 977 1002 979
f 977 976 1002
f 996 997 1004
f 962 1008 1006
f 1005 999 1007
f 999 971 1010
f 1007 999 1013
f 1011 970 1006
f 970 1011 1010
f 1010 1019 999
f 1019 1013 999
f 1019 1010 1012
f 1013 1017 1007
f 1007 1017 1015
f 1014 1007 1022
f 1011 1016 1020
f 1020 1012 1011
f 1019 1017 1013
f 1019 1027 1017
f 1016 1033 1020
f 1020 1019 1012
f 1019 1020 1027
f 1023 1017 1025
f 1028 1018 1014
f 1037 1030 1018
f 1018 1031 1037
f 1029 1021 994
f 1038 1027 1020
f 1036 1017 1027
f 1028 1014 1022
f 1018 1028 1031
f 1030 1033 1016
f 1030 1032 1033
f 1026 1000 1024
f 1025 1017 1026
f 1038 1020 1033
f 1025 1026 1024
f 1024 1023 1025
f 1038 1036 1027
f 1017 991 1026
f 1033 1029 994
f 1035 1024 1029
f 1023 1024 1035
f 1031 1028 1023
f 1032 1029 1033
f 1023 1028 1022
f 1035 1031 1023
f 1029 1032 1030
f 1035 1029 1037
f 994 1034 1033
f 1029 1030 1037
f 1038 1033 1034
f 1036 991 1017
f 991 1036 998
f 1036 1038 998
f 1038 1034 994
f 1035 1037 1031
f 1005 1007 962
f 962 1007 1008
f 1006 1008 1009
f 1009 1011 1006
f 1010 1011 1012
f 1007 1015 1022
f 1017 1023 1015
f 1023 1022 1015
f 1021 1029 1024
f 1000 1021 1024
f 998 1038 994
f 1040 1045 1039
f 1040 1048 1045
f 1042 1046 1041
f 1043 1048 1040
f 1041 1049 1043
f 1046 1049 1041
f 1044 1046 1042
f 1045 1044 1042
f 1048 1050 1045
f 1049 1047 1043
f 1045 1052 1044
f 1050 1052 1045
f 1047 1048 1043
f 1047 1050 1048
f 1047 1051 1050
f 1050 1051 1052
f 1054 1052 1051
f 1051 1047 1054
f 1049 1056 1047
f 1054 1055 1052
f 1046 1053 1049
f 1044 1058 1046
f 1052 1058 1044
f 1056 1054 1047
f 1055 1058 1052
f 1053 1056 1049
f 1058 1053 1046
f 1054 1057 1055
f 1063 1065 1060
f 1069 1074 1068
f 1073 1075 1071
f 1072 1077 1069
f 1075 1077 1072
f 1074 1078 1077
f 1083 1082 1079
f 1086 1082 1083
f 1088 1092 1090
f 1098 1095 1094
f 1096 1098 1094
f 1098 1097 1095
f 1093 1098 1096
f 1059 1062 1060
f 1060 1061 1059
f 1061 1062 1059
f 1060 1064 1061
f 1062 1063 1060
f 1064 1063 1062
f 1061 1064 1062
f 1060 1065 1064
f 1067 1063 1064
f 1063 1067 1066
f 1067 1064 1065
f 1063 1067 1065
f 1063 1066 1067
f 1070 1072 1069
f 1070 1075 1072
f 1071 1075 1070
f 1068 1076 1071
f 1074 1076 1068
f 1069 1077 1074
f 1073 1076 1075
f 1071 1076 1073
f 1075 1076 1077
f 1074 1077 1076
f 1078 1074 1077
f 1084 1081 1080
f 1080 1081 1087
f 1079 1082 1085
f 1086 1085 1082
f 1083 1079 1086
f 1081 1084 1087
f 1089 1088 1091
f 1088 1090 1091
f 1092 1091 1090
f 1089 1092 1088
f 1091 1092 1089
f 1095 1097 1094
f 1094 1093 1096
f 1131 1139 1099
f 1132 1100 1113
f 1116 1128 1143
f 1105 1130 1141
f 1107 1110 1112
f 1121 1112 1120
f 1110 1115 1121
f 1115 1112 1121
f 1122 1123 1099
f 1131 1138 1099
f 1113 1131 1099
f 1113 1100 1133
f 1127 1126 1104
f 1140 1126 1127
f 1128 1116 1118
f 1118 1116 1143
f 1119 1108 1121
f 1119 1110 1121
f 1120 1110 1119
f 1109 1112 1136
f 1112 1115 1136
f 1107 1136 1115
f 1107 1112 1109
f 1099 1138 1131
f 1113 1099 1123
f 1131 1113 1114
f 1113 1123 1132
f 1100 1132 1113
f 1111 1100 1113
f 1103 1125 1124
f 1104 1101 1134
f 1127 1104 1140
f 1129 1135 1117
f 1119 1121 1120
f 1139 1131 1114
f 1110 1120 1112
f 1107 1115 1110
f 1136 1137 1109
f 1137 1107 1106
f 1136 1107 1137
f 1106 1107 1109
f 1109 1137 1106
f 1122 1132 1123
f 1132 1139 1114
f 1132 1122 1099
f 1099 1139 1132
f 1113 1132 1114
f 1119 1121 1108
f 1133 1111 1113
f 1103 1124 1102
f 1125 1102 1124
f 1140 1134 1101
f 1134 1140 1104
f 1135 1142 1117
f 1141 1130 1129
f 1105 1129 1130
f 1129 1117 1142
f 1147 1151 1145
f 1147 1145 1148
f 1149 1150 1144
f 1149 1144 1146
f 1154 1156 1197
f 1197 1156 1199
f 1175 1176 1213
f 1213 1176 1215
f 1195 1196 1194
f 1224 1194 1190
f 1222 1190 1220
f 1186 1220 1187
f 1185 1220 1183
f 1158 1200 1199
f 1158 1199 1156
f 1218 1182 1217
f 1213 1214 1212
f 1174 1212 1211
f 1173 1211 1172
f 1209 1172 1167
f 1207 1167 1206
f 1163 1206 1165
f 1205 1206 1162
f 1202 1161 1201
f 1198 1157 1155
f 1197 1198 1153
f 1152 1153 1196
f 1159 1202 1200
f 1159 1200 1158
f 1205 1204 1164
f 1207 1164 1166
f 1207 1166 1168
f 1208 1207 1168
f 1208 1168 1170
f 1209 1208 1170
f 1209 1170 1171
f 1210 1209 1171
f 1173 1210 1171
f 1179 1216 1215
f 1179 1215 1176
f 1181 1218 1216
f 1181 1216 1179
f 1184 1219 1218
f 1222 1221 1188
f 1222 1188 1189
f 1223 1222 1189
f 1223 1189 1191
f 1224 1223 1191
f 1224 1191 1193
f 1225 1224 1193
f 1195 1225 1193
f 1190 1187 1220
f 1225 1195 1194
f 1224 1225 1194
f 1192 1190 1194
f 1223 1224 1190
f 1222 1223 1190
f 1220 1186 1183
f 1221 1222 1220
f 1185 1221 1220
f 1180 1178 1217
f 1180 1217 1182
f 1184 1185 1183
f 1182 1184 1183
f 1219 1184 1182
f 1218 1219 1182
f 1178 1177 1214
f 1178 1214 1217
f 1216 1218 1217
f 1217 1214 1215
f 1217 1215 1216
f 1177 1212 1214
f 1213 1215 1214
f 1175 1213 1212
f 1174 1175 1212
f 1173 1174 1211
f 1172 1169 1167
f 1210 1173 1172
f 1209 1210 1172
f 1167 1165 1206
f 1208 1209 1167
f 1207 1208 1167
f 1206 1163 1162
f 1164 1207 1206
f 1205 1164 1206
f 1160 1157 1201
f 1160 1201 1161
f 1204 1205 1162
f 1161 1204 1162
f 1203 1204 1161
f 1202 1203 1161
f 1201 1198 1199
f 1201 1199 1200
f 1200 1202 1201
f 1198 1201 1157
f 1197 1199 1198
f 1153 1198 1155
f 1154 1197 1153
f 1152 1154 1153
f 1195 1152 1196
f 1146 1149 1148
f 1146 1148 1147
f 1227 1230 1226
f 1228 1229 1227
f 1226 1230 1228
f 1227 1234 1230
f 1227 1229 1234
f 1230 1231 1228
f 1234 1233 1230
f 1228 1232 1229
f 1231 1232 1228
f 1229 1232 1234
f 1231 1230 1232
f 1230 1233 1232
f 1234 1235 1233
f 1232 1236 1234
f 1235 1238 1233
f 1236 1235 1234
f 1233 1237 1232
f 1233 1238 1237
f 1235 1239 1238
f 1237 1238 1232
f 1236 1239 1235
f 1232 1240 1236
f 1238 1240 1232
f 1239 1241 1238
f 1236 1240 1239
f 1239 1244 1241
f 1238 1241 1240
f 1240 1242 1239
f 1239 1243 1244
f 1242 1243 1239
f 1241 1242 1240
f 1241 1246 1242
f 1243 1245 1244
f 1242 1245 1243
f 1246 1245 1242
f 1244 1248 1241
f 1245 1249 1244
f 1241 1248 1246
f 1246 1247 1245
f 1247 1249 1245
f 1244 1250 1248
f 1249 1250 1244
f 1247 1246 1249
f 1248 1251 1246
f 1249 1253 1250
f 1246 1252 1249
f 1251 1252 1246
f 1250 1253 1248
f 1252 1253 1249
f 1248 1253 1251
f 1253 1254 1255
f 1251 1256 1252
f 1252 1256 1253
f 1255 1258 1253
f 1253 1258 1251
f 1256 1254 1253
f 1251 1257 1256
f 1257 1259 1256
f 1255 1254 1258
f 1259 1254 1256
f 1251 1258 1257
f 1254 1260 1258
f 1258 1259 1257
f 1260 1264 1258
f 1254 1259 1260
f 1258 1264 1259
f 1264 1262 1259
f 1259 1261 1260
f 1259 1263 1261
f 1262 1263 1259
f 1261 1264 1260
f 1261 1265 1264
f 1262 1266 1263
f 1263 1267 1261
f 1263 1268 1267
f 1272 1274 1269
f 1271 1269 1270
f 1272 1273 1274
f 1270 1273 1272
f 1269 1273 1270
f 1269 1274 1273
f 1273 1274 1276
f 1273 1277 1274
f 1273 1276 1277
f 1274 1275 1276
f 1277 1275 1274
f 1276 1275 1277
f 1275 1281 1277
f 1277 1282 1275
f 1278 1282 1277
f 1281 1278 1277
f 1275 1280 1279
f 1282 1280 1275
f 1283 1288 1287
f 1288 1286 1287
f 1284 1288 1283
f 1285 1286 1284
f 1288 1290 1286
f 1286 1289 1284
f 1284 1290 1288
f 1289 1290 1284
f 1286 1290 1289
f 1290 1291 1289
f 1290 1293 1294
f 1289 1293 1290
f 1290 1292 1291
f 1289 1291 1293
f 1290 1294 1292
f 1292 1294 1291
f 1291 1295 1293
f 1291 1296 1295
f 1294 1293 1291
f 1293 1296 1291
f 1295 1297 1293
f 1296 1299 1295
f 1297 1296 1293
f 1295 1299 1297
f 1299 1298 1297
f 1297 1300 1296
f 1297 1298 1300
f 1296 1300 1299
f 1300 1302 1299
f 1299 1301 1298
f 1298 1302 1300
f 1302 1301 1299
f 1298 1301 1302
f 1301 1305 1302
f 1305 1304 1302
f 1301 1303 1305
f 1304 1301 1302
f 1305 1306 1304
f 1304 1303 1301
f 1304 1307 1303
f 1306 1307 1304
f 1303 1309 1305
f 1305 1309 1306
f 1308 1309 1303
f 1307 1308 1303
f 1309 1310 1306
f 1306 1311 1307
f 1313 1316 1312
f 1314 1317 1315
f 1313 1317 1316
f 1317 1320 1316
f 1316 1320 1314
f 1315 1317 1313
f 1314 1318 1317
f 1318 1319 1317
f 1314 1320 1318
f 1317 1319 1320
f 1320 1319 1324
f 1318 1321 1319
f 1319 1321 1324
f 1320 1321 1318
f 1320 1322 1321
f 1321 1323 1324
f 1321 1322 1323
f 1324 1325 1320
f 1325 1322 1320
f 1326 1328 1324
f 1325 1323 1322
f 1323 1327 1324
f 1331 1333 1332
f 1332 1333 1329
f 1332 1329 1330
f 1329 1333 1331
f 1333 1334 1329
f 1336 1335 1329
f 1334 1336 1329
f 1329 1334 1333
f 1329 1335 1334
f 1335 1337 1334
f 1337 1340 1334
f 1334 1335 1336
f 1334 1340 1335
f 1340 1342 1335
f 1335 1342 1337
f 1337 1339 1340
f 1341 1343 1340
f 1337 1344 1338
f 1342 1344 1337
f 1346 1351 1350
f 1345 1352 1349
f 1348 1349 1347
f 1347 1351 1346
f 1345 1350 1352
f 1351 1353 1350
f 1349 1352 1347
f 1353 1352 1350
f 1352 1354 1347
f 1354 1355 1347
f 1347 1356 1351
f 1353 1359 1352
f 1351 1359 1353
f 1347 1357 1356
f 1355 1357 1347
f 1352 1355 1354
f 1352 1359 1355
f 1351 1356 1359
f 1355 1358 1357
f 1359 1358 1355
f 1357 1359 1356
f 1359 1361 1358
f 1359 1360 1361
f 1358 1361 1357
f 1361 1363 1357
f 1357 1363 1359
f 1359 1366 1360
f 1360 1363 1361
f 1363 1366 1359
f 1360 1362 1363
f 1363 1362 1367
f 1360 1364 1362
f 1360 1365 1364
f 1366 1365 1360
f 166 171 170
f 168 174 167
f 165 175 169
f 167 171 166
f 174 172 167
f 169 174 168
f 169 175 174
f 170 173 165
f 167 172 171
f 165 173 175
f 170 177 173
f 171 178 170
f 172 176 171
f 175 180 174
f 173 180 175
f 174 179 172
f 182 2968 181
f 183 189 193
f 2973 189 183
f 184 194 2973
f 187 194 184
f 188 187 184
f 193 188 185
f 2973 190 189
f 194 190 2973
f 189 191 193
f 187 192 194
f 188 192 187
f 188 200 192
f 189 195 191
f 190 195 189
f 190 205 195
f 190 216 205
f 194 216 190
f 191 197 193
f 188 196 200
f 193 197 196
f 193 196 188
f 191 198 197
f 198 203 197
f 195 199 198
f 195 198 191
f 196 202 201
f 196 201 200
f 197 203 202
f 197 202 196
f 198 204 203
f 204 209 203
f 199 213 204
f 199 204 198
f 195 213 199
f 200 206 192
f 201 207 206
f 201 206 200
f 202 208 201
f 208 207 201
f 203 209 208
f 203 208 202
f 204 210 209
f 213 210 204
f 194 211 216
f 192 211 194
f 206 214 192
f 207 214 206
f 208 212 207
f 212 214 207
f 209 210 212
f 209 212 208
f 212 217 214
f 210 217 212
f 195 205 213
f 216 215 205
f 211 219 216
f 205 215 213
f 216 220 215
f 219 220 216
f 192 223 211
f 214 223 192
f 213 221 210
f 215 221 213
f 210 221 217
f 214 218 223
f 217 218 214
f 215 222 221
f 223 219 211
f 221 230 217
f 220 222 215
f 222 227 221
f 217 224 218
f 230 224 217
f 221 227 230
f 220 225 222
f 222 225 227
f 219 226 220
f 223 226 219
f 218 228 223
f 220 226 225
f 227 233 230
f 224 228 218
f 223 228 226
f 225 233 227
f 226 229 225
f 228 232 226
f 225 229 233
f 228 234 232
f 231 234 228
f 236 237 245
f 244 235 243
f 241 242 240
f 245 246 235
f 238 246 237
f 240 238 239
f 243 2989 242
f 1371 1372 1369
f 1369 1372 1368
f 1368 1372 1381
f 1378 1372 1371
f 1373 1371 1369
f 1369 1370 1374
f 1368 1370 1369
f 1368 1388 1370
f 1371 1372 1407
f 1371 1375 1372
f 1374 1373 1369
f 1407 1372 1378
f 1375 1372 1379
f 1371 1373 1375
f 1372 1375 1381
f 1377 1381 1375
f 1370 1388 1374
f 1375 1379 1376
f 1373 1376 1375
f 1372 1382 1379
f 1372 1375 1383
f 1383 1375 1379
f 1375 1376 1379
f 1377 1375 1376
f 1373 1381 1376
f 1368 1381 1386
f 1372 1383 1382
f 1381 1377 1376
f 1392 1381 1373
f 1405 1373 1374
f 1407 1378 1371
f 1380 1379 1383
f 1380 1376 1379
f 1380 1403 1376
f 1379 1376 1383
f 1376 1403 1380
f 1383 1376 1380
f 1381 1377 1390
f 1391 1390 1381
f 1381 1390 1377
f 1397 1381 1392
f 1385 1386 1381
f 1387 1405 1374
f 1379 1382 1383
f 1391 1381 1390
f 1392 1384 1397
f 1385 1381 1397
f 1392 1373 1405
f 1387 1374 1395
f 1395 1374 1388
f 1392 1396 1397
f 1400 1385 1397
f 1384 1385 1397
f 1400 1397 1385
f 1386 1385 1384
f 1384 1392 1405
f 1402 1388 1368
f 1388 1395 1389
f 1411 1383 1382
f 1411 1382 1383
f 1392 1397 1393
f 1368 1386 1394
f 1368 1394 1402
f 1388 1402 1395
f 1388 1389 1395
f 1384 1401 1386
f 1387 1395 1405
f 1409 1396 1392
f 1409 1392 1393
f 1394 1386 1401
f 1401 1384 1405
f 1399 1405 1395
f 1401 1384 1404
f 1406 1394 1401
f 1402 1399 1395
f 1409 1397 1396
f 1401 1404 1384
f 1416 1404 1401
f 1406 1408 1394
f 1402 1394 1405
f 1405 1399 1402
f 1378 1428 1407
f 1405 1408 1406
f 1408 1405 1394
f 1412 1429 1411
f 1400 1418 1410
f 1416 1401 1404
f 1401 1408 1406
f 1405 1406 1401
f 1400 1410 1418
f 1411 1429 1412
f 1409 1393 1397
f 1425 1398 1419
f 1401 1406 1422
f 1423 1391 1414
f 1378 1407 1427
f 1423 1414 1417
f 1414 1391 1417
f 1393 1398 1425
f 1418 1410 1404
f 1410 1418 1404
f 1410 1404 1416
f 1408 1422 1406
f 1407 1428 1437
f 1437 1427 1407
f 1427 1428 1378
f 1393 1419 1398
f 1400 1410 1421
f 1401 1426 1408
f 1426 1401 1422
f 1408 1413 1422
f 1425 1419 1393
f 1423 1417 1391
f 1419 1420 1398
f 1420 1415 1398
f 1435 1439 1416
f 1422 1408 1426
f 1434 1424 1408
f 1424 1413 1408
f 1409 1393 1425
f 1421 1410 1400
f 1425 1393 1409
f 1419 1415 1420
f 1424 1430 1413
f 1427 1437 1428
f 1431 1429 1423
f 1430 1422 1413
f 1431 1436 1429
f 1436 1423 1429
f 1410 1433 1441
f 1433 1410 1421
f 1416 1439 1435
f 1434 1430 1424
f 1442 1434 1422
f 1436 1431 1437
f 1433 1415 1420
f 1431 1423 1449
f 1423 1436 1449
f 1433 1420 1441
f 1415 1421 1420
f 1420 1421 1453
f 1426 1438 1439
f 1452 1436 1437
f 1439 1438 1426
f 1435 1439 1446
f 1430 1434 1440
f 1430 1442 1422
f 1440 1442 1430
f 1437 1449 1452
f 1449 1437 1431
f 1441 1421 1410
f 1440 1434 1442
f 1446 1439 1438
f 1436 1432 1425
f 1452 1432 1436
f 1432 1436 1425
f 1453 1441 1420
f 1446 1439 1435
f 1421 1443 1453
f 1443 1421 1441
f 1447 1442 1444
f 1441 1453 1443
f 1447 1448 1442
f 1442 1447 1444
f 1440 1447 1442
f 1439 1446 1438
f 1442 1448 1440
f 1438 1450 1446
f 1445 1436 1432
f 1446 1441 1453
f 1440 1448 1447
f 1454 1446 1453
f 1454 1438 1446
f 1419 1398 1415
f 1450 1448 1447
f 1448 1450 1447
f 1453 1441 1451
f 1450 1438 1454
f 1450 1441 1446
f 1452 1445 1432
f 1436 1445 1449
f 1455 1450 1454
f 1450 1451 1441
f 1453 1451 1454
f 1450 1455 1451
f 1452 1449 1445
f 1455 1454 1451
f 1421 1415 1433
f 1408 1422 1434
f 1410 1416 1404
f 1462 1457 1458
f 1460 1457 1462
f 1460 1456 1457
f 1456 1459 1481
f 1457 1470 1458
f 1460 1462 1459
f 1461 1484 1456
f 1469 1462 1458
f 1462 1469 1465
f 1470 1469 1458
f 1461 1456 1481
f 1462 1461 1481
f 1461 1464 1484
f 1464 1461 1467
f 1475 1461 1462
f 1481 1459 1462
f 1466 1464 1467
f 1467 1461 1475
f 1473 1484 1464
f 1456 1470 1457
f 1462 1465 1463
f 1460 1459 1480
f 1484 1470 1456
f 1456 1460 1480
f 1473 1464 1472
f 1475 1462 1488
f 1499 1467 1482
f 1467 1468 1466
f 1468 1467 1475
f 1466 1475 1464
f 1472 1464 1475
f 1463 1488 1462
f 1467 1477 1499
f 1499 1471 1467
f 1477 1467 1471
f 1477 1471 1499
f 1478 1466 1468
f 1478 1468 1475
f 1478 1475 1466
f 1474 1473 1472
f 1469 1463 1465
f 1459 1456 1480
f 1478 1505 1466
f 1486 1472 1475
f 1475 1474 1486
f 1469 1470 1476
f 1481 1477 1485
f 1472 1486 1474
f 1475 1473 1474
f 1473 1488 1502
f 1473 1475 1488
f 1469 1476 1463
f 1483 1467 1499
f 1496 1472 1486
f 1501 1474 1492
f 1501 1497 1474
f 1476 1470 1479
f 1482 1467 1483
f 1485 1477 1481
f 1466 1491 1478
f 1502 1484 1473
f 1490 1479 1470
f 1479 1489 1476
f 1472 1496 1486
f 1470 1484 1504
f 1504 1490 1470
f 1463 1476 1488
f 1488 1476 1489
f 1489 1494 1488
f 1482 1495 1499
f 1505 1478 1491
f 1501 1492 1506
f 1502 1488 1484
f 1484 1488 1493
f 1494 1490 1504
f 1489 1479 1490
f 1456 1480 1512
f 1512 1480 1456
f 1501 1492 1497
f 1506 1492 1501
f 1501 1511 1506
f 1484 1493 1504
f 1488 1504 1493
f 1504 1488 1494
f 1489 1490 1494
f 1477 1500 1485
f 1505 1482 1483
f 1477 1485 1500
f 1503 1492 1474
f 1474 1497 1503
f 1509 1487 1504
f 1498 1504 1509
f 1504 1487 1509
f 1505 1495 1482
f 1497 1492 1503
f 1502 1484 1507
f 1509 1504 1498
f 1505 1510 1466
f 1516 1506 1511
f 1510 1491 1466
f 1495 1483 1499
f 1491 1495 1505
f 1506 1511 1501
f 1502 1503 1497
f 1507 1484 1502
f 1508 1502 1507
f 1497 1507 1502
f 1507 1497 1508
f 1513 1514 1493
f 1513 1493 1514
f 1483 1510 1505
f 1503 1508 1497
f 1503 1502 1508
f 1495 1491 1524
f 1530 1506 1515
f 1498 1514 1509
f 1513 1514 1519
f 1519 1514 1498
f 1524 1491 1510
f 1517 1496 1515
f 1506 1517 1515
f 1517 1506 1531
f 1497 1503 1518
f 1513 1519 1514
f 1519 1509 1514
f 1509 1519 1498
f 1517 1520 1496
f 1516 1525 1506
f 1525 1503 1497
f 1537 1507 1523
f 1522 1500 1485
f 1483 1485 1500
f 1524 1483 1495
f 1530 1515 1496
f 1531 1506 1530
f 1531 1520 1517
f 1525 1497 1518
f 1521 1532 1512
f 1510 1483 1500
f 1522 1485 1483
f 1516 1511 1506
f 1503 1525 1516
f 1537 1527 1507
f 1513 1523 1539
f 1498 1519 1526
f 1512 1532 1521
f 1483 1521 1522
f 1521 1500 1522
f 1483 1524 1521
f 1524 1496 1520
f 1524 1530 1496
f 1518 1516 1506
f 1503 1516 1518
f 1527 1523 1507
f 1523 1513 1539
f 1532 1530 1500
f 1500 1530 1510
f 1518 1506 1534
f 1519 1498 1538
f 1535 1498 1526
f 1525 1534 1506
f 1523 1529 1528
f 1528 1529 1523
f 1535 1519 1538
f 1519 1535 1526
f 1538 1498 1535
f 1510 1530 1524
f 1524 1531 1521
f 1527 1518 1534
f 1532 1521 1531
f 1524 1520 1531
f 1533 1534 1525
f 1527 1533 1525
f 1527 1525 1518
f 1527 1539 1523
f 1540 1538 1535
f 1536 1530 1532
f 1537 1523 1539
f 1536 1531 1530
f 1537 1533 1527
f 1527 1534 1533
f 1537 1539 1540
f 1535 1538 1540
f 1539 1538 1540
f 1539 1527 1533
f 1540 1538 1539
f 1541 1532 1531
f 1543 1533 1544
f 1544 1533 1537
f 1536 1532 1541
f 1531 1542 1541
f 1542 1536 1541
f 1536 1542 1531
f 1539 1533 1543
f 1539 1543 1540
f 1543 1544 1540
f 1544 1537 1540
f 1532 1500 1521
f 1147 1151 1145
f 1147 1145 1148
f 1149 1150 1144
f 1149 1144 1146
f 1545 1546 1551
f 1577 1546 1553
f 1580 1551 1546
f 1582 1546 1577
f 1556 1551 1580
f 1545 1551 1550
f 1556 1580 1579
f 1550 1551 1552
f 1559 1550 1552
f 1551 1556 1558
f 1553 1554 1557
f 1559 1557 1550
f 1558 1563 1551
f 1563 1562 1551
f 1551 1562 1560
f 1552 1551 1560
f 1550 1554 1553
f 1557 1554 1550
f 1555 1549 1577
f 1552 1560 1562
f 1562 1559 1552
f 1557 1561 1553
f 1561 1564 1553
f 1564 1577 1553
f 1565 1559 1562
f 1571 1561 1557
f 1565 1566 1559
f 1565 1562 1563
f 1570 1564 1561
f 1571 1557 1559
f 1563 1567 1565
f 1571 1559 1566
f 1569 1566 1568
f 1566 1569 1573
f 1573 1571 1566
f 1570 1576 1572
f 1571 1570 1561
f 1576 1570 1571
f 1573 1576 1571
f 1575 1576 1573
f 1577 1549 1582
f 1545 1550 1553
f 1553 1546 1545
f 1581 1582 1549
f 1581 1549 1548
f 1582 1580 1546
f 1584 1547 1580
f 1584 1580 1583
f 1580 1582 1583
f 1578 1556 1579
f 1579 1580 1547
f 1574 1572 1576
f 1624 1587 1622
f 1623 1621 1622
f 1622 1621 1624
f 1623 1586 1621
f 1587 1624 1620
f 1623 1590 1586
f 1623 1622 1587
f 1623 1587 1590
f 1593 1587 1620
f 1624 1621 1591
f 1585 1624 1591
f 1589 1621 1586
f 1588 1593 1620
f 1585 1591 1594
f 1620 1585 1592
f 1620 1592 1588
f 1591 1621 1595
f 1598 1586 1590
f 1595 1621 1589
f 1598 1589 1586
f 1594 1592 1585
f 1587 1603 1590
f 1588 1602 1593
f 1587 1593 1603
f 1594 1596 1592
f 1588 1592 1610
f 1594 1591 1595
f 1597 1596 1594
f 1588 1610 1602
f 1611 1603 1593
f 1599 1594 1604
f 1602 1611 1593
f 1603 1598 1590
f 1594 1595 1604
f 1597 1594 1599
f 1606 1589 1598
f 1609 1596 1597
f 1600 1597 1599
f 1605 1598 1603
f 1589 1604 1595
f 1598 1605 1606
f 1605 1603 1611
f 1606 1607 1589
f 1610 1596 1609
f 1610 1592 1596
f 1613 1599 1604
f 1602 1612 1611
f 1612 1602 1608
f 1613 1604 1607
f 1599 1613 1615
f 1606 1613 1607
f 1612 1605 1611
f 1617 1613 1606
f 1606 1605 1612
f 1617 1615 1613
f 1617 1606 1612
f 1617 1618 1615
f 1618 1617 1619
f 1612 1619 1617
f 1604 1589 1607
f 1620 1624 1585
f 1600 1625 1612
f 1612 1625 1626
f 1597 1600 1608
f 1625 1600 1599
f 1608 1600 1612
f 1618 1628 1615
f 1612 1626 1616
f 1610 1627 1601
f 1599 1615 1614
f 1146 1149 1148
f 1146 1148 1147
f 1 3 2
f 2 3 1
f 3 5 4
f 4 5 3
f 7 6 4
f 5 7 4
f 5 4 10
f 5 10 7
f 4 6 10
f 10 8 7
f 7 9 6
f 6 9 10
f 7 8 9
f 8 12 9
f 10 12 8
f 9 13 10
f 12 14 9
f 9 11 13
f 14 11 9
f 10 13 12
f 12 15 14
f 12 13 15
f 11 15 13
f 14 18 11
f 11 18 15
f 15 18 14
f 14 16 18
f 18 17 14
f 14 19 16
f 21 23 20
f 22 23 21
f 20 23 22
f 22 24 23
f 24 22 23
f 24 25 22
f 22 25 24
f 29 26 25
f 25 27 29
f 25 28 27
f 26 28 25
f 28 29 27
f 32 30 26
f 29 32 26
f 26 30 28
f 31 32 29
f 29 28 31
f 30 31 28
f 31 30 32
f 30 33 32
f 32 33 30
f 33 34 30
f 30 34 33
f 33 37 34
f 34 37 33
f 37 35 34
f 34 36 37
f 35 36 34
f 36 38 37
f 38 39 37
f 39 38 36
f 35 39 36
f 37 39 35
f 39 40 38
f 39 41 40
f 39 38 41
f 38 40 41
f 41 43 40
f 40 42 41
f 45 42 40
f 43 45 40
f 42 44 41
f 44 43 41
f 43 46 45
f 44 46 43
f 42 45 44
f 45 46 44
f 45 48 46
f 45 46 47
f 51 49 50
f 53 52 49
f 52 53 49
f 53 54 55
f 52 54 53
f 53 55 52
f 54 56 55
f 55 58 52
f 56 58 55
f 54 57 56
f 52 57 54
f 52 58 57
f 57 58 56
f 58 59 57
f 58 62 59
f 59 58 57
f 58 61 62
f 59 61 58
f 59 63 61
f 60 63 59
f 59 62 60
f 62 63 60
f 63 62 61
f 62 64 63
f 64 65 63
f 63 64 62
f 65 66 63
f 63 66 64
f 66 65 64
f 65 67 66
f 67 68 66
f 67 65 68
f 66 69 65
f 68 69 66
f 65 69 68
f 68 70 69
f 71 70 68
f 69 71 68
f 70 71 69
f 71 72 70
f 70 73 71
f 71 73 74
f 71 75 72
f 70 72 73
f 74 75 71
f 72 74 73
f 75 74 72
f 74 76 75
f 76 77 75
f 75 78 74
f 80 84 79
f 81 80 79
f 79 84 81
f 81 84 80
f 84 82 81
f 81 82 84
f 82 83 84
f 84 85 86
f 82 84 83
f 84 83 85
f 84 87 83
f 84 86 87
f 85 83 86
f 86 83 88
f 87 88 83
f 86 88 87
f 88 87 89
f 88 90 87
f 88 89 91
f 87 91 89
f 88 91 90
f 87 90 91
f 92 93 91
f 91 94 92
f 91 93 94
f 94 93 92
f 93 95 96
f 93 96 95
f 98 97 96
f 97 98 96
f 98 99 97
f 97 100 98
f 100 101 98
f 99 100 97
f 99 101 100
f 98 101 99
f 100 102 101
f 101 103 100
f 103 102 100
f 106 105 104
f 104 105 106
f 108 110 105
f 107 109 105
f 109 108 105
f 105 109 107
f 105 110 109
f 110 108 109
f 110 111 108
f 108 111 110
f 110 112 111
f 113 112 110
f 111 113 110
f 114 116 115
f 114 119 116
f 117 119 114
f 115 117 114
f 118 115 116
f 119 118 116
f 115 118 117
f 118 119 117
f 119 120 118
f 122 123 121
f 123 124 121
f 123 125 124
f 121 125 123
f 125 126 124
f 121 124 125
f 124 126 125
f 124 127 126
f 129 130 128
f 129 128 130
f 130 131 128
f 128 131 130
f 134 132 131
f 131 132 134
f 132 134 133
f 132 135 134
f 133 137 136
f 133 136 132
f 134 137 133
f 135 137 134
f 137 138 136
f 135 136 137
f 132 136 135
f 136 139 137
f 141 142 140
f 140 142 141
f 142 144 143
f 142 145 144
f 143 145 142
f 146 147 149
f 149 148 146
f 148 151 146
f 147 151 149
f 146 151 147
f 149 151 148
f 148 152 151
f 150 153 151
f 151 152 150
f 148 155 152
f 153 148 151
f 152 154 150
f 156 159 157
f 157 158 156
f 159 161 157
f 157 161 158
f 158 161 156
f 159 160 161
f 160 162 161
f 156 160 159
f 156 161 160
f 161 162 160
f 163 164 160
f 166 171 170
f 168 174 167
f 165 175 169
f 167 171 166
f 174 172 167
f 169 174 168
f 169 175 174
f 170 173 165
f 167 172 171
f 165 173 175
f 170 177 173
f 171 178 170
f 172 176 171
f 175 180 174
f 173 180 175
f 174 179 172
f 182 2968 181
f 183 189 193
f 2973 189 183
f 184 194 2973
f 187 194 184
f 188 187 184
f 193 188 185
f 2973 190 189
f 194 190 2973
f 189 191 193
f 187 192 194
f 188 192 187
f 188 200 192
f 189 195 191
f 190 195 189
f 190 205 195
f 190 216 205
f 194 216 190
f 191 197 193
f 188 196 200
f 193 197 196
f 193 196 188
f 191 198 197
f 198 203 197
f 195 199 198
f 195 198 191
f 196 202 201
f 196 201 200
f 197 203 202
f 197 202 196
f 198 204 203
f 204 209 203
f 199 213 204
f 199 204 198
f 195 213 199
f 200 206 192
f 201 207 206
f 201 206 200
f 202 208 201
f 208 207 201
f 203 209 208
f 203 208 202
f 204 210 209
f 213 210 204
f 194 211 216
f 192 211 194
f 206 214 192
f 207 214 206
f 208 212 207
f 212 214 207
f 209 210 212
f 209 212 208
f 212 217 214
f 210 217 212
f 195 205 213
f 216 215 205
f 211 219 216
f 205 215 213
f 216 220 215
f 219 220 216
f 192 223 211
f 214 223 192
f 213 221 210
f 215 221 213
f 210 221 217
f 214 218 223
f 217 218 214
f 215 222 221
f 223 219 211
f 221 230 217
f 220 222 215
f 222 227 221
f 217 224 218
f 230 224 217
f 221 227 230
f 220 225 222
f 222 225 227
f 219 226 220
f 223 226 219
f 218 228 223
f 220 226 225
f 227 233 230
f 224 228 218
f 223 228 226
f 225 233 227
f 226 229 225
f 228 232 226
f 225 229 233
f 228 234 232
f 231 234 228
f 236 237 245
f 244 235 243
f 241 242 240
f 245 246 235
f 238 246 237
f 240 238 239
f 243 2989 242
f 249 252 247
f 247 251 248
f 248 253 249
f 251 253 248
f 247 254 251
f 252 254 247
f 249 254 252
f 250 254 249
f 249 255 250
f 253 251 249
f 251 256 249
f 254 258 251
f 250 258 254
f 249 256 255
f 255 258 250
f 251 259 256
f 258 257 251
f 251 257 259
f 256 258 255
f 259 260 256
f 258 261 257
f 256 260 258
f 260 262 258
f 257 263 259
f 258 262 261
f 260 259 262
f 261 263 257
f 259 266 262
f 263 264 259
f 261 265 263
f 262 265 261
f 265 264 263
f 264 266 259
f 262 267 265
f 266 267 262
f 265 269 264
f 267 266 265
f 266 268 265
f 265 268 269
f 264 268 266
f 264 269 268
f 268 273 269
f 269 270 268
f 270 273 268
f 269 272 270
f 271 272 269
f 269 273 271
f 272 273 270
f 273 274 271
f 272 276 273
f 271 274 272
f 276 278 273
f 272 274 276
f 273 275 274
f 278 275 273
f 274 279 276
f 275 278 274
f 276 280 278
f 277 279 274
f 278 281 274
f 280 282 278
f 279 280 276
f 274 281 277
f 277 280 279
f 278 283 281
f 278 282 283
f 282 287 283
f 286 282 280
f 277 281 280
f 282 286 287
f 283 284 281
f 281 284 280
f 287 285 283
f 286 288 287
f 280 288 286
f 280 284 288
f 283 289 284
f 285 290 283
f 285 287 290
f 290 289 283
f 289 288 284
f 291 293 288
f 287 288 290
f 289 291 288
f 293 292 288
f 289 294 291
f 290 294 289
f 292 290 288
f 292 296 290
f 291 295 293
f 297 295 291
f 290 296 294
f 294 297 291
f 293 296 292
f 294 296 297
f 293 295 296
f 297 298 295
f 295 300 299
f 298 300 295
f 299 297 296
f 295 299 296
f 299 298 297
f 300 302 299
f 298 301 300
f 299 306 298
f 301 303 300
f 298 303 301
f 299 304 306
f 302 304 299
f 298 306 303
f 302 300 304
f 303 307 300
f 300 307 304
f 304 307 306
f 306 305 303
f 307 305 306
f 303 310 307
f 303 305 310
f 307 308 305
f 305 308 310
f 307 309 308
f 310 309 307
f 309 311 308
f 310 308 312
f 311 313 308
f 310 312 309
f 308 313 312
f 313 316 312
f 309 314 311
f 312 315 309
f 311 314 313
f 316 315 312
f 314 316 313
f 315 318 309
f 309 318 314
f 316 318 315
f 318 317 314
f 318 316 320
f 314 319 316
f 317 319 314
f 318 320 317
f 319 317 316
f 317 320 316
f 320 321 324
f 322 325 320
f 320 323 322
f 324 323 320
f 326 330 329
f 327 328 326
f 326 328 330
f 330 332 328
f 328 331 330
f 328 332 331
f 331 332 330
f 332 334 328
f 328 334 332
f 330 333 332
f 332 333 330
f 332 335 336
f 334 335 332
f 332 336 334
f 336 338 334
f 335 337 336
f 335 339 337
f 334 340 335
f 340 341 335
f 334 338 340
f 335 344 339
f 341 344 335
f 337 342 336
f 342 345 336
f 345 343 336
f 348 351 347
f 346 347 350
f 349 351 348
f 350 354 349
f 347 354 350
f 351 352 347
f 349 353 351
f 354 353 349
f 347 352 354
f 353 354 351
f 351 354 352
f 354 355 351
f 351 355 354
f 355 357 354
f 354 356 355
f 354 357 356
f 355 359 357
f 356 360 355
f 358 359 355
f 360 358 355
f 356 357 361
f 360 363 358
f 356 361 360
f 358 357 359
f 358 362 357
f 357 362 361
f 363 364 358
f 361 363 360
f 362 366 361
f 366 367 361
f 358 365 362
f 364 365 358
f 367 363 361
f 365 366 362
f 364 368 365
f 363 368 364
f 363 367 368
f 366 372 367
f 365 372 366
f 369 372 365
f 367 370 368
f 365 368 369
f 372 370 367
f 369 374 372
f 370 373 368
f 368 374 369
f 372 371 370
f 372 374 371
f 373 374 368
f 370 371 373
f 373 375 374
f 374 375 371
f 371 378 373
f 371 379 378
f 371 377 379
f 375 377 371
f 373 378 375
f 376 377 375
f 378 381 375
f 379 376 378
f 377 376 379
f 375 380 376
f 381 380 375
f 376 381 378
f 380 383 376
f 376 382 381
f 381 382 380
f 383 386 376
f 380 387 383
f 376 385 382
f 382 384 380
f 386 385 376
f 380 384 387
f 382 387 384
f 387 386 383
f 382 385 387
f 386 389 385
f 387 388 386
f 387 390 388
f 385 389 387
f 388 390 386
f 387 391 390
f 389 391 387
f 386 392 389
f 389 392 391
f 392 394 391
f 386 390 392
f 391 393 390
f 391 394 393
f 390 393 392
f 394 395 393
f 392 396 394
f 393 396 392
f 395 398 393
f 394 400 395
f 393 398 396
f 394 396 400
f 398 397 396
f 400 398 395
f 396 399 400
f 397 399 396
f 400 401 398
f 399 401 400
f 397 403 399
f 403 402 399
f 398 402 397
f 401 402 398
f 399 402 401
f 397 402 403
f 401 405 402
f 402 404 401
f 402 407 406
f 405 407 402
f 404 406 401
f 401 406 405
f 402 406 404
f 407 405 406
f 406 408 405
f 406 405 410
f 408 409 405
f 409 411 405
f 406 410 408
f 405 412 410
f 405 411 412
f 408 413 415
f 410 413 408
f 415 409 408
f 410 412 413
f 415 411 409
f 411 414 412
f 412 414 413
f 411 415 418
f 414 416 413
f 411 418 414
f 415 417 418
f 413 416 415
f 415 416 417
f 417 421 418
f 418 421 419
f 416 421 417
f 418 420 414
f 420 416 414
f 420 422 416
f 416 423 421
f 422 423 416
f 424 425 430
f 429 426 425
f 425 431 430
f 427 428 426
f 426 435 425
f 425 435 431
f 428 435 426
f 430 434 428
f 431 434 430
f 434 433 428
f 428 432 435
f 428 433 432
f 432 441 435
f 435 436 431
f 441 436 435
f 431 437 434
f 434 432 433
f 434 437 432
f 431 438 437
f 436 438 431
f 437 440 432
f 432 439 441
f 432 440 439
f 436 437 438
f 436 441 437
f 437 442 440
f 441 442 437
f 439 442 441
f 442 439 440
f 442 444 439
f 439 443 442
f 444 443 439
f 442 443 444
f 443 447 449
f 443 445 447
f 444 445 443
f 443 446 444
f 449 446 443
f 446 448 444
f 444 448 445
f 446 449 448
f 448 447 445
f 447 450 449
f 449 450 448
f 448 451 447
f 447 452 450
f 450 451 448
f 451 452 447
f 450 453 451
f 452 451 450
f 450 454 453
f 450 456 454
f 451 456 450
f 453 454 451
f 451 458 456
f 451 454 458
f 459 457 454
f 454 457 458
f 456 455 454
f 454 455 459
f 458 460 456
f 455 461 459
f 465 468 464
f 463 464 462
f 462 466 467
f 466 468 465
f 464 470 462
f 468 471 464
f 471 470 464
f 466 471 468
f 462 470 466
f 466 469 471
f 470 469 466
f 471 474 470
f 469 472 471
f 469 473 472
f 470 473 469
f 472 476 471
f 474 473 470
f 476 474 471
f 473 476 472
f 476 475 474
f 475 477 474
f 478 480 476
f 473 479 476
f 475 476 477
f 476 481 478
f 479 481 476
f 486 488 483
f 484 489 486
f 485 489 484
f 487 489 485
f 487 482 489
f 489 488 486
f 482 490 489
f 483 490 482
f 483 488 490
f 490 492 489
f 489 493 488
f 491 493 489
f 488 492 490
f 489 492 491
f 493 494 488
f 488 494 495
f 491 492 493
f 488 495 492
f 495 496 492
f 496 497 492
f 492 497 493
f 494 498 495
f 493 497 494
f 497 499 494
f 499 500 494
f 495 501 496
f 498 501 495
f 502 503 505
f 505 504 502
f 502 504 503
f 504 505 503
f 506 505 503
f 505 506 503
f 505 507 506
f 506 508 505
f 505 510 507
f 507 509 506
f 508 510 505
f 506 509 508
f 510 513 507
f 509 511 508
f 508 511 510
f 507 512 509
f 513 512 507
f 510 516 513
f 511 515 510
f 512 514 509
f 509 517 511
f 514 517 509
f 512 513 514
f 515 516 510
f 513 517 514
f 516 518 513
f 513 518 517
f 516 519 518
f 518 519 517
f 520 519 516
f 519 511 517
f 515 521 516
f 511 521 515
f 519 521 511
f 516 524 520
f 521 524 516
f 519 522 521
f 519 523 522
f 520 524 519
f 519 524 523
f 523 525 522
f 522 526 521
f 525 526 522
f 524 528 523
f 528 524 521
f 526 525 521
f 525 527 521
f 528 525 523
f 521 527 528
f 525 530 527
f 527 529 528
f 528 531 525
f 525 531 530
f 528 529 531
f 530 532 527
f 531 529 530
f 529 534 530
f 532 529 527
f 534 533 530
f 533 535 530
f 532 534 529
f 530 535 532
f 534 536 533
f 532 535 534
f 535 536 534
f 533 536 535
f 536 537 535
f 535 538 536
f 537 538 535
f 536 538 537
f 537 540 538
f 537 538 540
f 540 542 539
f 539 541 540
f 540 541 544
f 540 544 542
f 542 543 539
f 539 543 541
f 543 544 541
f 544 543 542
f 544 546 543
f 543 545 544
f 546 547 543
f 544 545 546
f 548 552 550
f 549 552 548
f 550 552 549
f 551 553 548
f 552 551 548
f 548 553 552
f 553 551 552
f 551 554 552
f 552 555 551
f 554 555 552
f 555 554 551
f 554 556 555
f 556 557 555
f 555 557 554
f 557 559 554
f 556 558 557
f 554 559 556
f 559 562 556
f 562 558 556
f 557 560 559
f 559 560 562
f 562 561 558
f 557 563 560
f 561 564 558
f 562 564 561
f 560 565 562
f 558 563 557
f 558 568 563
f 564 568 558
f 565 572 562
f 563 565 560
f 562 566 564
f 572 566 562
f 563 567 565
f 563 568 567
f 567 569 565
f 565 569 572
f 568 570 567
f 567 571 569
f 570 571 567
f 564 566 568
f 571 570 569
f 568 566 570
f 570 574 569
f 566 573 570
f 572 573 566
f 569 574 572
f 570 573 574
f 574 573 572
f 574 575 573
f 573 576 574
f 576 575 574
f 573 577 576
f 575 577 573
f 576 577 578
f 576 578 575
f 578 580 575
f 577 579 578
f 580 577 575
f 579 580 578
f 577 580 579
f 579 581 580
f 580 582 579
f 581 582 580
f 582 585 579
f 579 585 581
f 582 584 585
f 583 584 582
f 582 586 583
f 585 582 581
f 582 585 586
f 588 586 585
f 584 588 585
f 586 584 583
f 586 587 584
f 584 587 588
f 586 589 587
f 588 589 586
f 587 592 588
f 587 591 592
f 588 590 589
f 592 593 588
f 596 600 595
f 597 599 596
f 598 594 597
f 595 601 594
f 599 600 596
f 597 600 599
f 594 601 597
f 595 600 601
f 601 600 597
f 601 604 600
f 600 602 601
f 603 606 600
f 602 604 601
f 600 604 602
f 600 605 603
f 600 606 604
f 604 605 600
f 604 607 605
f 603 608 606
f 606 610 604
f 606 608 610
f 605 607 603
f 607 609 603
f 603 609 608
f 610 611 604
f 607 612 609
f 611 614 604
f 608 613 610
f 604 614 607
f 614 615 607
f 621 620 616
f 620 618 619
f 617 622 621
f 620 624 618
f 621 622 620
f 622 624 620
f 617 623 622
f 618 624 617
f 622 623 624
f 617 624 623
f 623 629 624
f 624 626 625
f 624 629 623
f 624 627 626
f 629 627 624
f 624 628 629
f 625 628 624
f 625 626 628
f 627 629 626
f 629 630 626
f 630 628 626
f 628 631 629
f 630 631 628
f 629 632 630
f 629 633 632
f 631 633 629
f 632 634 630
f 630 635 631
f 634 636 630
f 630 637 635
f 636 638 630
f 641 645 640
f 644 639 643
f 640 646 639
f 639 649 643
f 645 646 640
f 646 649 639
f 645 648 646
f 642 647 645
f 643 647 642
f 647 648 645
f 649 647 643
f 647 650 648
f 649 651 647
f 646 651 649
f 648 653 646
f 650 653 648
f 651 652 647
f 652 650 647
f 646 655 651
f 653 654 646
f 654 655 646
f 655 652 651
f 650 654 653
f 654 656 655
f 655 650 652
f 655 656 658
f 655 658 650
f 650 656 654
f 650 658 656
f 657 658 656
f 656 659 657
f 657 659 658
f 658 662 656
f 660 662 658
f 659 660 658
f 659 661 660
f 656 662 659
f 662 664 659
f 663 666 659
f 664 663 659
f 660 664 662
f 659 666 661
f 661 666 660
f 666 665 660
f 665 668 660
f 660 668 664
f 664 666 663
f 664 667 666
f 664 668 667
f 668 670 667
f 667 671 666
f 666 669 665
f 667 670 671
f 665 670 668
f 666 671 669
f 665 669 670
f 670 673 671
f 672 673 670
f 673 674 671
f 671 674 669
f 672 675 673
f 670 675 672
f 669 674 670
f 673 676 674
f 670 674 675
f 676 678 674
f 675 676 673
f 679 676 675
f 674 678 677
f 674 680 675
f 677 680 674
f 675 680 679
f 676 681 678
f 678 685 684
f 681 685 678
f 680 682 679
f 678 684 677
f 682 683 679
f 683 686 679
f 684 687 677
f 688 692 693
f 690 688 689
f 692 690 691
f 692 695 690
f 688 694 696
f 688 696 692
f 690 695 688
f 695 694 688
f 692 696 695
f 695 697 694
f 694 697 696
f 696 699 698
f 696 700 695
f 698 700 696
f 704 705 703
f 709 707 704
f 702 709 701
f 705 706 703
f 704 707 705
f 703 706 702
f 702 710 709
f 706 710 702
f 705 708 706
f 707 708 705
f 709 711 707
f 708 714 706
f 707 715 708
f 709 712 711
f 710 712 709
f 711 715 707
f 706 714 710
f 712 713 711
f 710 713 712
f 710 716 713
f 714 717 710
f 717 716 710
f 715 714 708
f 711 718 715
f 715 718 714
f 714 722 717
f 711 719 718
f 713 720 711
f 720 719 711
f 717 721 716
f 724 728 723
f 726 724 725
f 723 728 727
f 727 729 724
f 726 727 724
f 729 728 724
f 723 727 726
f 729 731 728
f 727 730 729
f 728 733 727
f 727 733 730
f 728 731 733
f 729 730 731
f 733 732 730
f 731 730 733
f 730 734 733
f 736 739 737
f 735 738 736
f 737 739 738
f 738 740 736
f 739 740 738
f 740 739 736
f 739 740 741
f 739 741 740
f 742 741 740
f 740 741 742
f 744 743 741
f 741 748 742
f 743 745 741
f 745 746 741
f 747 749 742
f 753 755 754
f 751 753 750
f 751 756 753
f 752 756 751
f 756 755 753
f 752 754 756
f 755 760 754
f 756 759 755
f 759 761 755
f 754 760 758
f 755 757 760
f 761 757 755
f 754 758 756
f 761 760 757
f 756 758 759
f 760 763 758
f 758 763 759
f 761 759 762
f 760 764 763
f 761 762 760
f 762 764 760
f 765 759 763
f 764 765 763
f 762 765 764
f 762 766 765
f 759 766 762
f 759 765 766
f 766 767 765
f 767 768 765
f 765 770 766
f 765 768 770
f 766 770 767
f 768 767 770
f 770 769 767
f 769 772 767
f 770 771 769
f 770 774 771
f 773 775 767
f 772 776 767
f 777 778 781
f 779 783 778
f 780 783 779
f 781 785 782
f 778 785 781
f 778 783 785
f 780 787 783
f 782 784 780
f 784 787 780
f 785 784 782
f 783 787 785
f 785 788 784
f 787 786 785
f 785 787 788
f 786 787 785
f 788 787 784
f 790 789 787
f 787 792 791
f 789 792 787
f 791 790 787
f 789 793 792
f 790 794 789
f 791 792 790
f 789 794 793
f 793 796 792
f 792 794 790
f 792 795 794
f 795 797 794
f 799 800 803
f 801 802 800
f 798 803 802
f 803 804 802
f 800 810 803
f 802 808 800
f 802 804 807
f 810 805 803
f 808 806 800
f 803 807 804
f 807 808 802
f 803 805 807
f 800 806 810
f 810 809 805
f 807 805 808
f 808 811 806
f 806 815 810
f 809 813 805
f 810 815 809
f 808 812 811
f 805 812 808
f 815 814 809
f 811 815 806
f 805 813 812
f 809 816 813
f 809 817 816
f 814 817 809
f 820 823 819
f 821 823 820
f 819 822 818
f 822 824 821
f 823 822 819
f 821 827 823
f 823 825 822
f 827 825 823
f 821 826 827
f 824 826 821
f 824 822 826
f 822 825 826
f 827 830 825
f 825 828 826
f 826 828 827
f 830 828 825
f 827 831 830
f 828 831 827
f 830 829 828
f 828 829 831
f 831 832 830
f 829 833 831
f 832 834 830
f 831 833 832
f 830 833 829
f 830 834 833
f 833 835 832
f 834 832 833
f 832 835 833
f 835 837 832
f 832 836 835
f 837 838 832
f 832 838 836
f 837 835 838
f 835 839 838
f 835 840 839
f 836 841 835
f 839 842 838
f 841 843 835
f 847 849 846
f 845 848 844
f 845 850 848
f 846 850 845
f 848 852 847
f 850 851 848
f 849 850 846
f 848 851 852
f 847 852 849
f 850 849 851
f 851 849 852
f 849 853 851
f 855 854 849
f 854 853 849
f 851 855 849
f 854 855 853
f 855 857 853
f 857 856 853
f 851 858 855
f 860 859 865
f 864 859 860
f 870 864 860
f 859 862 865
f 865 863 869
f 863 871 869
f 903 867 933
f 871 863 910
f 896 859 864
f 861 864 870
f 864 861 896
f 868 865 869
f 862 909 865
f 865 909 863
f 877 869 871
f 872 869 877
f 865 868 870
f 865 870 860
f 869 872 868
f 870 868 866
f 866 868 873
f 877 881 872
f 872 873 868
f 913 876 910
f 861 893 896
f 871 910 876
f 877 871 876
f 875 873 872
f 913 909 879
f 907 874 914
f 923 872 881
f 874 907 914
f 877 876 885
f 878 915 879
f 921 881 877
f 880 885 876
f 921 877 885
f 923 881 921
f 885 919 921
f 876 878 888
f 880 876 888
f 880 888 886
f 880 889 885
f 885 882 920
f 919 885 920
f 882 885 889
f 890 886 888
f 889 880 886
f 891 889 886
f 919 918 922
f 890 891 886
f 918 901 922
f 918 891 901
f 892 891 890
f 893 894 897
f 870 893 861
f 893 895 896
f 894 893 870
f 895 897 896
f 896 898 859
f 893 897 895
f 870 866 894
f 899 896 897
f 898 896 899
f 899 859 898
f 900 875 872
f 923 900 872
f 901 900 923
f 923 922 901
f 883 905 926
f 891 892 908
f 891 908 901
f 901 908 900
f 875 900 908
f 875 908 892
f 913 878 876
f 913 910 911
f 909 913 911
f 910 863 912
f 903 906 912
f 906 867 911
f 906 911 912
f 863 909 911
f 867 903 911
f 863 911 912
f 911 903 912
f 911 910 912
f 907 914 917
f 907 917 916
f 914 907 916
f 913 879 916
f 915 913 916
f 915 916 917
f 879 915 917
f 914 916 917
f 916 879 917
f 878 913 915
f 891 918 889
f 918 919 920
f 889 926 927
f 889 918 926
f 920 882 927
f 905 927 926
f 904 883 927
f 918 920 926
f 882 889 927
f 883 926 927
f 905 904 927
f 919 922 924
f 884 902 924
f 884 924 925
f 921 919 925
f 923 921 925
f 924 922 923
f 923 925 924
f 919 924 925
f 887 884 924
f 902 887 924
f 884 925 924
f 927 926 920
f 931 928 929
f 929 930 931
f 934 929 928
f 934 930 929
f 934 928 931
f 930 932 931
f 931 932 906
f 932 946 906
f 955 931 903
f 906 946 933
f 955 934 931
f 930 944 932
f 903 931 906
f 936 955 903
f 933 867 906
f 903 933 936
f 938 933 946
f 944 930 934
f 932 935 946
f 944 934 955
f 932 944 935
f 952 938 946
f 941 939 938
f 943 944 955
f 907 936 933
f 933 938 907
f 939 907 938
f 937 945 942
f 941 938 952
f 947 952 946
f 943 942 944
f 950 942 940
f 874 907 939
f 948 939 941
f 945 940 942
f 947 946 935
f 950 944 942
f 935 944 950
f 936 907 874
f 949 947 935
f 939 948 937
f 937 948 945
f 935 951 949
f 948 941 952
f 952 947 953
f 945 950 940
f 951 947 949
f 950 945 954
f 945 948 954
f 904 948 952
f 947 951 902
f 950 954 902
f 935 950 902
f 953 883 952
f 902 951 935
f 883 954 948
f 902 884 947
f 887 954 947
f 954 953 947
f 883 953 954
f 887 947 884
f 904 952 883
f 887 902 954
f 904 905 948
f 905 883 948
f 957 943 955
f 959 957 955
f 959 955 956
f 937 942 958
f 1005 962 961
f 963 967 961
f 961 962 965
f 961 968 1005
f 967 966 961
f 966 967 969
f 1006 970 965
f 968 973 1005
f 966 969 968
f 967 964 972
f 969 967 978
f 967 972 978
f 972 964 974
f 971 973 977
f 975 973 968
f 978 981 969
f 969 975 968
f 971 979 1010
f 978 972 974
f 971 977 979
f 969 981 975
f 976 977 973
f 978 974 982
f 975 989 973
f 983 981 978
f 978 982 983
f 981 985 975
f 988 974 980
f 975 985 989
f 982 986 983
f 974 988 982
f 1000 983 1021
f 987 984 976
f 987 976 989
f 988 986 982
f 1026 981 983
f 1021 983 986
f 981 1026 985
f 985 995 989
f 991 995 985
f 986 994 1021
f 985 1026 991
f 992 993 986
f 996 986 993
f 994 986 998
f 995 991 998
f 996 995 998
f 960 963 961
f 961 966 968
f 965 962 1006
f 976 973 989
f 986 988 990
f 986 996 998
f 973 971 999
f 1005 973 999
f 1010 979 970
f 983 1000 1026
f 1003 1002 976
f 989 1003 987
f 976 984 1003
f 1004 995 996
f 1004 1003 995
f 989 995 1003
f 1003 984 987
f 979 1002 1001
f 977 1002 979
f 977 976 1002
f 996 997 1004
f 962 1008 1006
f 1005 999 1007
f 999 971 1010
f 1007 999 1013
f 1011 970 1006
f 970 1011 1010
f 1010 1019 999
f 1019 1013 999
f 1019 1010 1012
f 1013 1017 1007
f 1007 1017 1015
f 1014 1007 1022
f 1011 1016 1020
f 1020 1012 1011
f 1019 1017 1013
f 1019 1027 1017
f 1016 1033 1020
f 1020 1019 1012
f 1019 1020 1027
f 1023 1017 1025
f 1028 1018 1014
f 1037 1030 1018
f 1018 1031 1037
f 1029 1021 994
f 1038 1027 1020
f 1036 1017 1027
f 1028 1014 1022
f 1018 1028 1031
f 1030 1033 1016
f 1030 1032 1033
f 1026 1000 1024
f 1025 1017 1026
f 1038 1020 1033
f 1025 1026 1024
f 1024 1023 1025
f 1038 1036 1027
f 1017 991 1026
f 1033 1029 994
f 1035 1024 1029
f 1023 1024 1035
f 1031 1028 1023
f 1032 1029 1033
f 1023 1028 1022
f 1035 1031 1023
f 1029 1032 1030
f 1035 1029 1037
f 994 1034 1033
f 1029 1030 1037
f 1038 1033 1034
f 1036 991 1017
f 991 1036 998
f 1036 1038 998
f 1038 1034 994
f 1035 1037 1031
f 1005 1007 962
f 962 1007 1008
f 1006 1008 1009
f 1009 1011 1006
f 1010 1011 1012
f 1007 1015 1022
f 1017 1023 1015
f 1023 1022 1015
f 1021 1029 1024
f 1000 1021 1024
f 998 1038 994
f 1040 1045 1039
f 1040 1048 1045
f 1042 1046 1041
f 1043 1048 1040
f 1041 1049 1043
f 1046 1049 1041
f 1044 1046 1042
f 1045 1044 1042
f 1048 1050 1045
f 1049 1047 1043
f 1045 1052 1044
f 1050 1052 1045
f 1047 1048 1043
f 1047 1050 1048
f 1047 1051 1050
f 1050 1051 1052
f 1054 1052 1051
f 1051 1047 1054
f 1049 1056 1047
f 1054 1055 1052
f 1046 1053 1049
f 1044 1058 1046
f 1052 1058 1044
f 1056 1054 1047
f 1055 1058 1052
f 1053 1056 1049
f 1058 1053 1046
f 1054 1057 1055
f 1227 1230 1226
f 1228 1229 1227
f 1226 1230 1228
f 1227 1234 1230
f 1227 1229 1234
f 1230 1231 1228
f 1234 1233 1230
f 1228 1232 1229
f 1231 1232 1228
f 1229 1232 1234
f 1231 1230 1232
f 1230 1233 1232
f 1234 1235 1233
f 1232 1236 1234
f 1235 1238 1233
f 1236 1235 1234
f 1233 1237 1232
f 1233 1238 1237
f 1235 1239 1238
f 1237 1238 1232
f 1236 1239 1235
f 1232 1240 1236
f 1238 1240 1232
f 1239 1241 1238
f 1236 1240 1239
f 1239 1244 1241
f 1238 1241 1240
f 1240 1242 1239
f 1239 1243 1244
f 1242 1243 1239
f 1241 1242 1240
f 1241 1246 1242
f 1243 1245 1244
f 1242 1245 1243
f 1246 1245 1242
f 1244 1248 1241
f 1245 1249 1244
f 1241 1248 1246
f 1246 1247 1245
f 1247 1249 1245
f 1244 1250 1248
f 1249 1250 1244
f 1247 1246 1249
f 1248 1251 1246
f 1249 1253 1250
f 1246 1252 1249
f 1251 1252 1246
f 1250 1253 1248
f 1252 1253 1249
f 1248 1253 1251
f 1253 1254 1255
f 1251 1256 1252
f 1252 1256 1253
f 1255 1258 1253
f 1253 1258 1251
f 1256 1254 1253
f 1251 1257 1256
f 1257 1259 1256
f 1255 1254 1258
f 1259 1254 1256
f 1251 1258 1257
f 1254 1260 1258
f 1258 1259 1257
f 1260 1264 1258
f 1254 1259 1260
f 1258 1264 1259
f 1264 1262 1259
f 1259 1261 1260
f 1259 1263 1261
f 1262 1263 1259
f 1261 1264 1260
f 1261 1265 1264
f 1262 1266 1263
f 1263 1267 1261
f 1263 1268 1267
f 1272 1274 1269
f 1271 1269 1270
f 1272 1273 1274
f 1270 1273 1272
f 1269 1273 1270
f 1269 1274 1273
f 1273 1274 1276
f 1273 1277 1274
f 1273 1276 1277
f 1274 1275 1276
f 1277 1275 1274
f 1276 1275 1277
f 1275 1281 1277
f 1277 1282 1275
f 1278 1282 1277
f 1281 1278 1277
f 1275 1280 1279
f 1282 1280 1275
f 1283 1288 1287
f 1288 1286 1287
f 1284 1288 1283
f 1285 1286 1284
f 1288 1290 1286
f 1286 1289 1284
f 1284 1290 1288
f 1289 1290 1284
f 1286 1290 1289
f 1290 1291 1289
f 1290 1293 1294
f 1289 1293 1290
f 1290 1292 1291
f 1289 1291 1293
f 1290 1294 1292
f 1292 1294 1291
f 1291 1295 1293
f 1291 1296 1295
f 1294 1293 1291
f 1293 1296 1291
f 1295 1297 1293
f 1296 1299 1295
f 1297 1296 1293
f 1295 1299 1297
f 1299 1298 1297
f 1297 1300 1296
f 1297 1298 1300
f 1296 1300 1299
f 1300 1302 1299
f 1299 1301 1298
f 1298 1302 1300
f 1302 1301 1299
f 1298 1301 1302
f 1301 1305 1302
f 1305 1304 1302
f 1301 1303 1305
f 1304 1301 1302
f 1305 1306 1304
f 1304 1303 1301
f 1304 1307 1303
f 1306 1307 1304
f 1303 1309 1305
f 1305 1309 1306
f 1308 1309 1303
f 1307 1308 1303
f 1309 1310 1306
f 1306 1311 1307
f 1313 1316 1312
f 1314 1317 1315
f 1313 1317 1316
f 1317 1320 1316
f 1316 1320 1314
f 1315 1317 1313
f 1314 1318 1317
f 1318 1319 1317
f 1314 1320 1318
f 1317 1319 1320
f 1320 1319 1324
f 1318 1321 1319
f 1319 1321 1324
f 1320 1321 1318
f 1320 1322 1321
f 1321 1323 1324
f 1321 1322 1323
f 1324 1325 1320
f 1325 1322 1320
f 1326 1328 1324
f 1325 1323 1322
f 1323 1327 1324
f 1331 1333 1332
f 1332 1333 1329
f 1332 1329 1330
f 1329 1333 1331
f 1333 1334 1329
f 1336 1335 1329
f 1334 1336 1329
f 1329 1334 1333
f 1329 1335 1334
f 1335 1337 1334
f 1337 1340 1334
f 1334 1335 1336
f 1334 1340 1335
f 1340 1342 1335
f 1335 1342 1337
f 1337 1339 1340
f 1341 1343 1340
f 1337 1344 1338
f 1342 1344 1337
f 1346 1351 1350
f 1345 1352 1349
f 1348 1349 1347
f 1347 1351 1346
f 1345 1350 1352
f 1351 1353 1350
f 1349 1352 1347
f 1353 1352 1350
f 1352 1354 1347
f 1354 1355 1347
f 1347 1356 1351
f 1353 1359 1352
f 1351 1359 1353
f 1347 1357 1356
f 1355 1357 1347
f 1352 1355 1354
f 1352 1359 1355
f 1351 1356 1359
f 1355 1358 1357
f 1359 1358 1355
f 1357 1359 1356
f 1359 1361 1358
f 1359 1360 1361
f 1358 1361 1357
f 1361 1363 1357
f 1357 1363 1359
f 1359 1366 1360
f 1360 1363 1361
f 1363 1366 1359
f 1360 1362 1363
f 1363 1362 1367
f 1360 1364 1362
f 1360 1365 1364
f 1366 1365 1360
f 1634 1649 1647
f 1635 1651 1649
f 1643 1655 1653
f 1644 1645 1655
f 1655 1656 1654
f 1642 1654 1629
f 1641 1654 1642
f 1652 1641 1639
f 1652 1639 1638
f 1651 1652 1650
f 1636 1650 1638
f 1649 1650 1648
f 1633 1648 1636
f 1646 1633 1631
f 1646 1631 1630
f 1645 1646 1656
f 1656 1630 1629
f 1644 1647 1645
f 1637 1653 1651
f 1647 1644 1632
f 1647 1632 1634
f 1634 1635 1649
f 1635 1637 1651
f 1653 1637 1640
f 1640 1643 1653
f 1643 1644 1655
f 1655 1645 1656
f 1629 1654 1656
f 1653 1655 1654
f 1641 1653 1654
f 1652 1653 1641
f 1638 1650 1652
f 1651 1653 1652
f 1649 1651 1650
f 1636 1648 1650
f 1647 1649 1648
f 1633 1647 1648
f 1646 1647 1633
f 1645 1647 1646
f 1656 1646 1630
f 1147 1151 1145
f 1147 1145 1148
f 1149 1150 1144
f 1149 1144 1146
f 1154 1156 1197
f 1197 1156 1199
f 1175 1176 1213
f 1213 1176 1215
f 1195 1196 1194
f 1224 1194 1190
f 1222 1190 1220
f 1186 1220 1187
f 1185 1220 1183
f 1158 1200 1199
f 1158 1199 1156
f 1218 1182 1217
f 1213 1214 1212
f 1174 1212 1211
f 1173 1211 1172
f 1209 1172 1167
f 1207 1167 1206
f 1163 1206 1165
f 1205 1206 1162
f 1202 1161 1201
f 1198 1157 1155
f 1197 1198 1153
f 1152 1153 1196
f 1159 1202 1200
f 1159 1200 1158
f 1205 1204 1164
f 1207 1164 1166
f 1207 1166 1168
f 1208 1207 1168
f 1208 1168 1170
f 1209 1208 1170
f 1209 1170 1171
f 1210 1209 1171
f 1173 1210 1171
f 1179 1216 1215
f 1179 1215 1176
f 1181 1218 1216
f 1181 1216 1179
f 1184 1219 1218
f 1222 1221 1188
f 1222 1188 1189
f 1223 1222 1189
f 1223 1189 1191
f 1224 1223 1191
f 1224 1191 1193
f 1225 1224 1193
f 1195 1225 1193
f 1190 1187 1220
f 1225 1195 1194
f 1224 1225 1194
f 1192 1190 1194
f 1223 1224 1190
f 1222 1223 1190
f 1220 1186 1183
f 1221 1222 1220
f 1185 1221 1220
f 1180 1178 1217
f 1180 1217 1182
f 1184 1185 1183
f 1182 1184 1183
f 1219 1184 1182
f 1218 1219 1182
f 1178 1177 1214
f 1178 1214 1217
f 1216 1218 1217
f 1217 1214 1215
f 1217 1215 1216
f 1177 1212 1214
f 1213 1215 1214
f 1175 1213 1212
f 1174 1175 1212
f 1173 1174 1211
f 1172 1169 1167
f 1210 1173 1172
f 1209 1210 1172
f 1167 1165 1206
f 1208 1209 1167
f 1207 1208 1167
f 1206 1163 1162
f 1164 1207 1206
f 1205 1164 1206
f 1160 1157 1201
f 1160 1201 1161
f 1204 1205 1162
f 1161 1204 1162
f 1203 1204 1161
f 1202 1203 1161
f 1201 1198 1199
f 1201 1199 1200
f 1200 1202 1201
f 1198 1201 1157
f 1197 1199 1198
f 1153 1198 1155
f 1154 1197 1153
f 1152 1154 1153
f 1195 1152 1196
f 1146 1149 1148
f 1146 1148 1147
f 1 3 2
f 2 3 1
f 3 5 4
f 4 5 3
f 7 6 4
f 5 7 4
f 5 4 10
f 5 10 7
f 4 6 10
f 10 8 7
f 7 9 6
f 6 9 10
f 7 8 9
f 8 12 9
f 10 12 8
f 9 13 10
f 12 14 9
f 9 11 13
f 14 11 9
f 10 13 12
f 12 15 14
f 12 13 15
f 11 15 13
f 14 18 11
f 11 18 15
f 15 18 14
f 14 16 18
f 18 17 14
f 14 19 16
f 21 23 20
f 22 23 21
f 20 23 22
f 22 24 23
f 24 22 23
f 24 25 22
f 22 25 24
f 29 26 25
f 25 27 29
f 25 28 27
f 26 28 25
f 28 29 27
f 32 30 26
f 29 32 26
f 26 30 28
f 31 32 29
f 29 28 31
f 30 31 28
f 31 30 32
f 30 33 32
f 32 33 30
f 33 34 30
f 30 34 33
f 33 37 34
f 34 37 33
f 37 35 34
f 34 36 37
f 35 36 34
f 36 38 37
f 38 39 37
f 39 38 36
f 35 39 36
f 37 39 35
f 39 40 38
f 39 41 40
f 39 38 41
f 38 40 41
f 41 43 40
f 40 42 41
f 45 42 40
f 43 45 40
f 42 44 41
f 44 43 41
f 43 46 45
f 44 46 43
f 42 45 44
f 45 46 44
f 45 48 46
f 45 46 47
f 51 49 50
f 53 52 49
f 52 53 49
f 53 54 55
f 52 54 53
f 53 55 52
f 54 56 55
f 55 58 52
f 56 58 55
f 54 57 56
f 52 57 54
f 52 58 57
f 57 58 56
f 58 59 57
f 58 62 59
f 59 58 57
f 58 61 62
f 59 61 58
f 59 63 61
f 60 63 59
f 59 62 60
f 62 63 60
f 63 62 61
f 62 64 63
f 64 65 63
f 63 64 62
f 65 66 63
f 63 66 64
f 66 65 64
f 65 67 66
f 67 68 66
f 67 65 68
f 66 69 65
f 68 69 66
f 65 69 68
f 68 70 69
f 71 70 68
f 69 71 68
f 70 71 69
f 71 72 70
f 70 73 71
f 71 73 74
f 71 75 72
f 70 72 73
f 74 75 71
f 72 74 73
f 75 74 72
f 74 76 75
f 76 77 75
f 75 78 74
f 80 84 79
f 81 80 79
f 79 84 81
f 81 84 80
f 84 82 81
f 81 82 84
f 82 83 84
f 84 85 86
f 82 84 83
f 84 83 85
f 84 87 83
f 84 86 87
f 85 83 86
f 86 83 88
f 87 88 83
f 86 88 87
f 88 87 89
f 88 90 87
f 88 89 91
f 87 91 89
f 88 91 90
f 87 90 91
f 92 93 91
f 91 94 92
f 91 93 94
f 94 93 92
f 93 95 96
f 93 96 95
f 98 97 96
f 97 98 96
f 98 99 97
f 97 100 98
f 100 101 98
f 99 100 97
f 99 101 100
f 98 101 99
f 100 102 101
f 101 103 100
f 103 102 100
f 106 105 104
f 104 105 106
f 108 110 105
f 107 109 105
f 109 108 105
f 105 109 107
f 105 110 109
f 110 108 109
f 110 111 108
f 108 111 110
f 110 112 111
f 113 112 110
f 111 113 110
f 114 116 115
f 114 119 116
f 117 119 114
f 115 117 114
f 118 115 116
f 119 118 116
f 115 118 117
f 118 119 117
f 119 120 118
f 122 123 121
f 123 124 121
f 123 125 124
f 121 125 123
f 125 126 124
f 121 124 125
f 124 126 125
f 124 127 126
f 129 130 128
f 129 128 130
f 130 131 128
f 128 131 130
f 134 132 131
f 131 132 134
f 132 134 133
f 132 135 134
f 133 137 136
f 133 136 132
f 134 137 133
f 135 137 134
f 137 138 136
f 135 136 137
f 132 136 135
f 136 139 137
f 141 142 140
f 140 142 141
f 142 144 143
f 142 145 144
f 143 145 142
f 146 147 149
f 149 148 146
f 148 151 146
f 147 151 149
f 146 151 147
f 149 151 148
f 148 152 151
f 150 153 151
f 151 152 150
f 148 155 152
f 153 148 151
f 152 154 150
f 156 159 157
f 157 158 156
f 159 161 157
f 157 161 158
f 158 161 156
f 159 160 161
f 160 162 161
f 156 160 159
f 156 161 160
f 161 162 160
f 163 164 160
f 166 171 170
f 168 174 167
f 165 175 169
f 167 171 166
f 174 172 167
f 169 174 168
f 169 175 174
f 170 173 165
f 167 172 171
f 165 173 175
f 170 177 173
f 171 178 170
f 172 176 171
f 175 180 174
f 173 180 175
f 174 179 172
f 182 2968 181
f 183 189 193
f 2973 189 183
f 184 194 2973
f 187 194 184
f 188 187 184
f 193 188 185
f 2973 190 189
f 194 190 2973
f 189 191 193
f 187 192 194
f 188 192 187
f 188 200 192
f 189 195 191
f 190 195 189
f 190 205 195
f 190 216 205
f 194 216 190
f 191 197 193
f 188 196 200
f 193 197 196
f 193 196 188
f 191 198 197
f 198 203 197
f 195 199 198
f 195 198 191
f 196 202 201
f 196 201 200
f 197 203 202
f 197 202 196
f 198 204 203
f 204 209 203
f 199 213 204
f 199 204 198
f 195 213 199
f 200 206 192
f 201 207 206
f 201 206 200
f 202 208 201
f 208 207 201
f 203 209 208
f 203 208 202
f 204 210 209
f 213 210 204
f 194 211 216
f 192 211 194
f 206 214 192
f 207 214 206
f 208 212 207
f 212 214 207
f 209 210 212
f 209 212 208
f 212 217 214
f 210 217 212
f 195 205 213
f 216 215 205
f 211 219 216
f 205 215 213
f 216 220 215
f 219 220 216
f 192 223 211
f 214 223 192
f 213 221 210
f 215 221 213
f 210 221 217
f 214 218 223
f 217 218 214
f 215 222 221
f 223 219 211
f 221 230 217
f 220 222 215
f 222 227 221
f 217 224 218
f 230 224 217
f 221 227 230
f 220 225 222
f 222 225 227
f 219 226 220
f 223 226 219
f 218 228 223
f 220 226 225
f 227 233 230
f 224 228 218
f 223 228 226
f 225 233 227
f 226 229 225
f 228 232 226
f 225 229 233
f 228 234 232
f 231 234 228
f 236 237 245
f 244 235 243
f 241 242 240
f 245 246 235
f 238 246 237
f 240 238 239
f 243 2989 242
f 249 252 247
f 247 251 248
f 248 253 249
f 251 253 248
f 247 254 251
f 252 254 247
f 249 254 252
f 250 254 249
f 249 255 250
f 253 251 249
f 251 256 249
f 254 258 251
f 250 258 254
f 249 256 255
f 255 258 250
f 251 259 256
f 258 257 251
f 251 257 259
f 256 258 255
f 259 260 256
f 258 261 257
f 256 260 258
f 260 262 258
f 257 263 259
f 258 262 261
f 260 259 262
f 261 263 257
f 259 266 262
f 263 264 259
f 261 265 263
f 262 265 261
f 265 264 263
f 264 266 259
f 262 267 265
f 266 267 262
f 265 269 264
f 267 266 265
f 266 268 265
f 265 268 269
f 264 268 266
f 264 269 268
f 268 273 269
f 269 270 268
f 270 273 268
f 269 272 270
f 271 272 269
f 269 273 271
f 272 273 270
f 273 274 271
f 272 276 273
f 271 274 272
f 276 278 273
f 272 274 276
f 273 275 274
f 278 275 273
f 274 279 276
f 275 278 274
f 276 280 278
f 277 279 274
f 278 281 274
f 280 282 278
f 279 280 276
f 274 281 277
f 277 280 279
f 278 283 281
f 278 282 283
f 282 287 283
f 286 282 280
f 277 281 280
f 282 286 287
f 283 284 281
f 281 284 280
f 287 285 283
f 286 288 287
f 280 288 286
f 280 284 288
f 283 289 284
f 285 290 283
f 285 287 290
f 290 289 283
f 289 288 284
f 291 293 288
f 287 288 290
f 289 291 288
f 293 292 288
f 289 294 291
f 290 294 289
f 292 290 288
f 292 296 290
f 291 295 293
f 297 295 291
f 290 296 294
f 294 297 291
f 293 296 292
f 294 296 297
f 293 295 296
f 297 298 295
f 295 300 299
f 298 300 295
f 299 297 296
f 295 299 296
f 299 298 297
f 300 302 299
f 298 301 300
f 299 306 298
f 301 303 300
f 298 303 301
f 299 304 306
f 302 304 299
f 298 306 303
f 302 300 304
f 303 307 300
f 300 307 304
f 304 307 306
f 306 305 303
f 307 305 306
f 303 310 307
f 303 305 310
f 307 308 305
f 305 308 310
f 307 309 308
f 310 309 307
f 309 311 308
f 310 308 312
f 311 313 308
f 310 312 309
f 308 313 312
f 313 316 312
f 309 314 311
f 312 315 309
f 311 314 313
f 316 315 312
f 314 316 313
f 315 318 309
f 309 318 314
f 316 318 315
f 318 317 314
f 318 316 320
f 314 319 316
f 317 319 314
f 318 320 317
f 319 317 316
f 317 320 316
f 320 321 324
f 322 325 320
f 320 323 322
f 324 323 320
f 326 330 329
f 327 328 326
f 326 328 330
f 330 332 328
f 328 331 330
f 328 332 331
f 331 332 330
f 332 334 328
f 328 334 332
f 330 333 332
f 332 333 330
f 332 335 336
f 334 335 332
f 332 336 334
f 336 338 334
f 335 337 336
f 335 339 337
f 334 340 335
f 340 341 335
f 334 338 340
f 335 344 339
f 341 344 335
f 337 342 336
f 342 345 336
f 345 343 336
f 348 351 347
f 346 347 350
f 349 351 348
f 350 354 349
f 347 354 350
f 351 352 347
f 349 353 351
f 354 353 349
f 347 352 354
f 353 354 351
f 351 354 352
f 354 355 351
f 351 355 354
f 355 357 354
f 354 356 355
f 354 357 356
f 355 359 357
f 356 360 355
f 358 359 355
f 360 358 355
f 356 357 361
f 360 363 358
f 356 361 360
f 358 357 359
f 358 362 357
f 357 362 361
f 363 364 358
f 361 363 360
f 362 366 361
f 366 367 361
f 358 365 362
f 364 365 358
f 367 363 361
f 365 366 362
f 364 368 365
f 363 368 364
f 363 367 368
f 366 372 367
f 365 372 366
f 369 372 365
f 367 370 368
f 365 368 369
f 372 370 367
f 369 374 372
f 370 373 368
f 368 374 369
f 372 371 370
f 372 374 371
f 373 374 368
f 370 371 373
f 373 375 374
f 374 375 371
f 371 378 373
f 371 379 378
f 371 377 379
f 375 377 371
f 373 378 375
f 376 377 375
f 378 381 375
f 379 376 378
f 377 376 379
f 375 380 376
f 381 380 375
f 376 381 378
f 380 383 376
f 376 382 381
f 381 382 380
f 383 386 376
f 380 387 383
f 376 385 382
f 382 384 380
f 386 385 376
f 380 384 387
f 382 387 384
f 387 386 383
f 382 385 387
f 386 389 385
f 387 388 386
f 387 390 388
f 385 389 387
f 388 390 386
f 387 391 390
f 389 391 387
f 386 392 389
f 389 392 391
f 392 394 391
f 386 390 392
f 391 393 390
f 391 394 393
f 390 393 392
f 394 395 393
f 392 396 394
f 393 396 392
f 395 398 393
f 394 400 395
f 393 398 396
f 394 396 400
f 398 397 396
f 400 398 395
f 396 399 400
f 397 399 396
f 400 401 398
f 399 401 400
f 397 403 399
f 403 402 399
f 398 402 397
f 401 402 398
f 399 402 401
f 397 402 403
f 401 405 402
f 402 404 401
f 402 407 406
f 405 407 402
f 404 406 401
f 401 406 405
f 402 406 404
f 407 405 406
f 406 408 405
f 406 405 410
f 408 409 405
f 409 411 405
f 406 410 408
f 405 412 410
f 405 411 412
f 408 413 415
f 410 413 408
f 415 409 408
f 410 412 413
f 415 411 409
f 411 414 412
f 412 414 413
f 411 415 418
f 414 416 413
f 411 418 414
f 415 417 418
f 413 416 415
f 415 416 417
f 417 421 418
f 418 421 419
f 416 421 417
f 418 420 414
f 420 416 414
f 420 422 416
f 416 423 421
f 422 423 416
f 424 425 430
f 429 426 425
f 425 431 430
f 427 428 426
f 426 435 425
f 425 435 431
f 428 435 426
f 430 434 428
f 431 434 430
f 434 433 428
f 428 432 435
f 428 433 432
f 432 441 435
f 435 436 431
f 441 436 435
f 431 437 434
f 434 432 433
f 434 437 432
f 431 438 437
f 436 438 431
f 437 440 432
f 432 439 441
f 432 440 439
f 436 437 438
f 436 441 437
f 437 442 440
f 441 442 437
f 439 442 441
f 442 439 440
f 442 444 439
f 439 443 442
f 444 443 439
f 442 443 444
f 443 447 449
f 443 445 447
f 444 445 443
f 443 446 444
f 449 446 443
f 446 448 444
f 444 448 445
f 446 449 448
f 448 447 445
f 447 450 449
f 449 450 448
f 448 451 447
f 447 452 450
f 450 451 448
f 451 452 447
f 450 453 451
f 452 451 450
f 450 454 453
f 450 456 454
f 451 456 450
f 453 454 451
f 451 458 456
f 451 454 458
f 459 457 454
f 454 457 458
f 456 455 454
f 454 455 459
f 458 460 456
f 455 461 459
f 465 468 464
f 463 464 462
f 462 466 467
f 466 468 465
f 464 470 462
f 468 471 464
f 471 470 464
f 466 471 468
f 462 470 466
f 466 469 471
f 470 469 466
f 471 474 470
f 469 472 471
f 469 473 472
f 470 473 469
f 472 476 471
f 474 473 470
f 476 474 471
f 473 476 472
f 476 475 474
f 475 477 474
f 478 480 476
f 473 479 476
f 475 476 477
f 476 481 478
f 479 481 476
f 486 488 483
f 484 489 486
f 485 489 484
f 487 489 485
f 487 482 489
f 489 488 486
f 482 490 489
f 483 490 482
f 483 488 490
f 490 492 489
f 489 493 488
f 491 493 489
f 488 492 490
f 489 492 491
f 493 494 488
f 488 494 495
f 491 492 493
f 488 495 492
f 495 496 492
f 496 497 492
f 492 497 493
f 494 498 495
f 493 497 494
f 497 499 494
f 499 500 494
f 495 501 496
f 498 501 495
f 502 503 505
f 505 504 502
f 502 504 503
f 504 505 503
f 506 505 503
f 505 506 503
f 505 507 506
f 506 508 505
f 505 510 507
f 507 509 506
f 508 510 505
f 506 509 508
f 510 513 507
f 509 511 508
f 508 511 510
f 507 512 509
f 513 512 507
f 510 516 513
f 511 515 510
f 512 514 509
f 509 517 511
f 514 517 509
f 512 513 514
f 515 516 510
f 513 517 514
f 516 518 513
f 513 518 517
f 516 519 518
f 518 519 517
f 520 519 516
f 519 511 517
f 515 521 516
f 511 521 515
f 519 521 511
f 516 524 520
f 521 524 516
f 519 522 521
f 519 523 522
f 520 524 519
f 519 524 523
f 523 525 522
f 522 526 521
f 525 526 522
f 524 528 523
f 528 524 521
f 526 525 521
f 525 527 521
f 528 525 523
f 521 527 528
f 525 530 527
f 527 529 528
f 528 531 525
f 525 531 530
f 528 529 531
f 530 532 527
f 531 529 530
f 529 534 530
f 532 529 527
f 534 533 530
f 533 535 530
f 532 534 529
f 530 535 532
f 534 536 533
f 532 535 534
f 535 536 534
f 533 536 535
f 536 537 535
f 535 538 536
f 537 538 535
f 536 538 537
f 537 540 538
f 537 538 540
f 540 542 539
f 539 541 540
f 540 541 544
f 540 544 542
f 542 543 539
f 539 543 541
f 543 544 541
f 544 543 542
f 544 546 543
f 543 545 544
f 546 547 543
f 544 545 546
f 548 552 550
f 549 552 548
f 550 552 549
f 551 553 548
f 552 551 548
f 548 553 552
f 553 551 552
f 551 554 552
f 552 555 551
f 554 555 552
f 555 554 551
f 554 556 555
f 556 557 555
f 555 557 554
f 557 559 554
f 556 558 557
f 554 559 556
f 559 562 556
f 562 558 556
f 557 560 559
f 559 560 562
f 562 561 558
f 557 563 560
f 561 564 558
f 562 564 561
f 560 565 562
f 558 563 557
f 558 568 563
f 564 568 558
f 565 572 562
f 563 565 560
f 562 566 564
f 572 566 562
f 563 567 565
f 563 568 567
f 567 569 565
f 565 569 572
f 568 570 567
f 567 571 569
f 570 571 567
f 564 566 568
f 571 570 569
f 568 566 570
f 570 574 569
f 566 573 570
f 572 573 566
f 569 574 572
f 570 573 574
f 574 573 572
f 574 575 573
f 573 576 574
f 576 575 574
f 573 577 576
f 575 577 573
f 576 577 578
f 576 578 575
f 578 580 575
f 577 579 578
f 580 577 575
f 579 580 578
f 577 580 579
f 579 581 580
f 580 582 579
f 581 582 580
f 582 585 579
f 579 585 581
f 582 584 585
f 583 584 582
f 582 586 583
f 585 582 581
f 582 585 586
f 588 586 585
f 584 588 585
f 586 584 583
f 586 587 584
f 584 587 588
f 586 589 587
f 588 589 586
f 587 592 588
f 587 591 592
f 588 590 589
f 592 593 588
f 596 600 595
f 597 599 596
f 598 594 597
f 595 601 594
f 599 600 596
f 597 600 599
f 594 601 597
f 595 600 601
f 601 600 597
f 601 604 600
f 600 602 601
f 603 606 600
f 602 604 601
f 600 604 602
f 600 605 603
f 600 606 604
f 604 605 600
f 604 607 605
f 603 608 606
f 606 610 604
f 606 608 610
f 605 607 603
f 607 609 603
f 603 609 608
f 610 611 604
f 607 612 609
f 611 614 604
f 608 613 610
f 604 614 607
f 614 615 607
f 621 620 616
f 620 618 619
f 617 622 621
f 620 624 618
f 621 622 620
f 622 624 620
f 617 623 622
f 618 624 617
f 622 623 624
f 617 624 623
f 623 629 624
f 624 626 625
f 624 629 623
f 624 627 626
f 629 627 624
f 624 628 629
f 625 628 624
f 625 626 628
f 627 629 626
f 629 630 626
f 630 628 626
f 628 631 629
f 630 631 628
f 629 632 630
f 629 633 632
f 631 633 629
f 632 634 630
f 630 635 631
f 634 636 630
f 630 637 635
f 636 638 630
f 641 645 640
f 644 639 643
f 640 646 639
f 639 649 643
f 645 646 640
f 646 649 639
f 645 648 646
f 642 647 645
f 643 647 642
f 647 648 645
f 649 647 643
f 647 650 648
f 649 651 647
f 646 651 649
f 648 653 646
f 650 653 648
f 651 652 647
f 652 650 647
f 646 655 651
f 653 654 646
f 654 655 646
f 655 652 651
f 650 654 653
f 654 656 655
f 655 650 652
f 655 656 658
f 655 658 650
f 650 656 654
f 650 658 656
f 657 658 656
f 656 659 657
f 657 659 658
f 658 662 656
f 660 662 658
f 659 660 658
f 659 661 660
f 656 662 659
f 662 664 659
f 663 666 659
f 664 663 659
f 660 664 662
f 659 666 661
f 661 666 660
f 666 665 660
f 665 668 660
f 660 668 664
f 664 666 663
f 664 667 666
f 664 668 667
f 668 670 667
f 667 671 666
f 666 669 665
f 667 670 671
f 665 670 668
f 666 671 669
f 665 669 670
f 670 673 671
f 672 673 670
f 673 674 671
f 671 674 669
f 672 675 673
f 670 675 672
f 669 674 670
f 673 676 674
f 670 674 675
f 676 678 674
f 675 676 673
f 679 676 675
f 674 678 677
f 674 680 675
f 677 680 674
f 675 680 679
f 676 681 678
f 678 685 684
f 681 685 678
f 680 682 679
f 678 684 677
f 682 683 679
f 683 686 679
f 684 687 677
f 688 692 693
f 690 688 689
f 692 690 691
f 692 695 690
f 688 694 696
f 688 696 692
f 690 695 688
f 695 694 688
f 692 696 695
f 695 697 694
f 694 697 696
f 696 699 698
f 696 700 695
f 698 700 696
f 704 705 703
f 709 707 704
f 702 709 701
f 705 706 703
f 704 707 705
f 703 706 702
f 702 710 709
f 706 710 702
f 705 708 706
f 707 708 705
f 709 711 707
f 708 714 706
f 707 715 708
f 709 712 711
f 710 712 709
f 711 715 707
f 706 714 710
f 712 713 711
f 710 713 712
f 710 716 713
f 714 717 710
f 717 716 710
f 715 714 708
f 711 718 715
f 715 718 714
f 714 722 717
f 711 719 718
f 713 720 711
f 720 719 711
f 717 721 716
f 724 728 723
f 726 724 725
f 723 728 727
f 727 729 724
f 726 727 724
f 729 728 724
f 723 727 726
f 729 731 728
f 727 730 729
f 728 733 727
f 727 733 730
f 728 731 733
f 729 730 731
f 733 732 730
f 731 730 733
f 730 734 733
f 736 739 737
f 735 738 736
f 737 739 738
f 738 740 736
f 739 740 738
f 740 739 736
f 739 740 741
f 739 741 740
f 742 741 740
f 740 741 742
f 744 743 741
f 741 748 742
f 743 745 741
f 745 746 741
f 747 749 742
f 753 755 754
f 751 753 750
f 751 756 753
f 752 756 751
f 756 755 753
f 752 754 756
f 755 760 754
f 756 759 755
f 759 761 755
f 754 760 758
f 755 757 760
f 761 757 755
f 754 758 756
f 761 760 757
f 756 758 759
f 760 763 758
f 758 763 759
f 761 759 762
f 760 764 763
f 761 762 760
f 762 764 760
f 765 759 763
f 764 765 763
f 762 765 764
f 762 766 765
f 759 766 762
f 759 765 766
f 766 767 765
f 767 768 765
f 765 770 766
f 765 768 770
f 766 770 767
f 768 767 770
f 770 769 767
f 769 772 767
f 770 771 769
f 770 774 771
f 773 775 767
f 772 776 767
f 777 778 781
f 779 783 778
f 780 783 779
f 781 785 782
f 778 785 781
f 778 783 785
f 780 787 783
f 782 784 780
f 784 787 780
f 785 784 782
f 783 787 785
f 785 788 784
f 787 786 785
f 785 787 788
f 786 787 785
f 788 787 784
f 790 789 787
f 787 792 791
f 789 792 787
f 791 790 787
f 789 793 792
f 790 794 789
f 791 792 790
f 789 794 793
f 793 796 792
f 792 794 790
f 792 795 794
f 795 797 794
f 799 800 803
f 801 802 800
f 798 803 802
f 803 804 802
f 800 810 803
f 802 808 800
f 802 804 807
f 810 805 803
f 808 806 800
f 803 807 804
f 807 808 802
f 803 805 807
f 800 806 810
f 810 809 805
f 807 805 808
f 808 811 806
f 806 815 810
f 809 813 805
f 810 815 809
f 808 812 811
f 805 812 808
f 815 814 809
f 811 815 806
f 805 813 812
f 809 816 813
f 809 817 816
f 814 817 809
f 820 823 819
f 821 823 820
f 819 822 818
f 822 824 821
f 823 822 819
f 821 827 823
f 823 825 822
f 827 825 823
f 821 826 827
f 824 826 821
f 824 822 826
f 822 825 826
f 827 830 825
f 825 828 826
f 826 828 827
f 830 828 825
f 827 831 830
f 828 831 827
f 830 829 828
f 828 829 831
f 831 832 830
f 829 833 831
f 832 834 830
f 831 833 832
f 830 833 829
f 830 834 833
f 833 835 832
f 834 832 833
f 832 835 833
f 835 837 832
f 832 836 835
f 837 838 832
f 832 838 836
f 837 835 838
f 835 839 838
f 835 840 839
f 836 841 835
f 839 842 838
f 841 843 835
f 847 849 846
f 845 848 844
f 845 850 848
f 846 850 845
f 848 852 847
f 850 851 848
f 849 850 846
f 848 851 852
f 847 852 849
f 850 849 851
f 851 849 852
f 849 853 851
f 855 854 849
f 854 853 849
f 851 855 849
f 854 855 853
f 855 857 853
f 857 856 853
f 851 858 855
f 860 859 865
f 864 859 860
f 870 864 860
f 859 862 865
f 865 863 869
f 863 871 869
f 903 867 933
f 871 863 910
f 896 859 864
f 861 864 870
f 864 861 896
f 868 865 869
f 862 909 865
f 865 909 863
f 877 869 871
f 872 869 877
f 865 868 870
f 865 870 860
f 869 872 868
f 870 868 866
f 866 868 873
f 877 881 872
f 872 873 868
f 913 876 910
f 861 893 896
f 871 910 876
f 877 871 876
f 875 873 872
f 913 909 879
f 907 874 914
f 923 872 881
f 874 907 914
f 877 876 885
f 878 915 879
f 921 881 877
f 880 885 876
f 921 877 885
f 923 881 921
f 885 919 921
f 876 878 888
f 880 876 888
f 880 888 886
f 880 889 885
f 885 882 920
f 919 885 920
f 882 885 889
f 890 886 888
f 889 880 886
f 891 889 886
f 919 918 922
f 890 891 886
f 918 901 922
f 918 891 901
f 892 891 890
f 893 894 897
f 870 893 861
f 893 895 896
f 894 893 870
f 895 897 896
f 896 898 859
f 893 897 895
f 870 866 894
f 899 896 897
f 898 896 899
f 899 859 898
f 900 875 872
f 923 900 872
f 901 900 923
f 923 922 901
f 883 905 926
f 891 892 908
f 891 908 901
f 901 908 900
f 875 900 908
f 875 908 892
f 913 878 876
f 913 910 911
f 909 913 911
f 910 863 912
f 903 906 912
f 906 867 911
f 906 911 912
f 863 909 911
f 867 903 911
f 863 911 912
f 911 903 912
f 911 910 912
f 907 914 917
f 907 917 916
f 914 907 916
f 913 879 916
f 915 913 916
f 915 916 917
f 879 915 917
f 914 916 917
f 916 879 917
f 878 913 915
f 891 918 889
f 918 919 920
f 889 926 927
f 889 918 926
f 920 882 927
f 905 927 926
f 904 883 927
f 918 920 926
f 882 889 927
f 883 926 927
f 905 904 927
f 919 922 924
f 884 902 924
f 884 924 925
f 921 919 925
f 923 921 925
f 924 922 923
f 923 925 924
f 919 924 925
f 887 884 924
f 902 887 924
f 884 925 924
f 927 926 920
f 931 928 929
f 929 930 931
f 934 929 928
f 934 930 929
f 934 928 931
f 930 932 931
f 931 932 906
f 932 946 906
f 955 931 903
f 906 946 933
f 955 934 931
f 930 944 932
f 903 931 906
f 936 955 903
f 933 867 906
f 903 933 936
f 938 933 946
f 944 930 934
f 932 935 946
f 944 934 955
f 932 944 935
f 952 938 946
f 941 939 938
f 943 944 955
f 907 936 933
f 933 938 907
f 939 907 938
f 937 945 942
f 941 938 952
f 947 952 946
f 943 942 944
f 950 942 940
f 874 907 939
f 948 939 941
f 945 940 942
f 947 946 935
f 950 944 942
f 935 944 950
f 936 907 874
f 949 947 935
f 939 948 937
f 937 948 945
f 935 951 949
f 948 941 952
f 952 947 953
f 945 950 940
f 951 947 949
f 950 945 954
f 945 948 954
f 904 948 952
f 947 951 902
f 950 954 902
f 935 950 902
f 953 883 952
f 902 951 935
f 883 954 948
f 902 884 947
f 887 954 947
f 954 953 947
f 883 953 954
f 887 947 884
f 904 952 883
f 887 902 954
f 904 905 948
f 905 883 948
f 957 943 955
f 959 957 955
f 959 955 956
f 937 942 958
f 1005 962 961
f 963 967 961
f 961 962 965
f 961 968 1005
f 967 966 961
f 966 967 969
f 1006 970 965
f 968 973 1005
f 966 969 968
f 967 964 972
f 969 967 978
f 967 972 978
f 972 964 974
f 971 973 977
f 975 973 968
f 978 981 969
f 969 975 968
f 971 979 1010
f 978 972 974
f 971 977 979
f 969 981 975
f 976 977 973
f 978 974 982
f 975 989 973
f 983 981 978
f 978 982 983
f 981 985 975
f 988 974 980
f 975 985 989
f 982 986 983
f 974 988 982
f 1000 983 1021
f 987 984 976
f 987 976 989
f 988 986 982
f 1026 981 983
f 1021 983 986
f 981 1026 985
f 985 995 989
f 991 995 985
f 986 994 1021
f 985 1026 991
f 992 993 986
f 996 986 993
f 994 986 998
f 995 991 998
f 996 995 998
f 960 963 961
f 961 966 968
f 965 962 1006
f 976 973 989
f 986 988 990
f 986 996 998
f 973 971 999
f 1005 973 999
f 1010 979 970
f 983 1000 1026
f 1003 1002 976
f 989 1003 987
f 976 984 1003
f 1004 995 996
f 1004 1003 995
f 989 995 1003
f 1003 984 987
f 979 1002 1001
f 977 1002 979
f 977 976 1002
f 996 997 1004
f 962 1008 1006
f 1005 999 1007
f 999 971 1010
f 1007 999 1013
f 1011 970 1006
f 970 1011 1010
f 1010 1019 999
f 1019 1013 999
f 1019 1010 1012
f 1013 1017 1007
f 1007 1017 1015
f 1014 1007 1022
f 1011 1016 1020
f 1020 1012 1011
f 1019 1017 1013
f 1019 1027 1017
f 1016 1033 1020
f 1020 1019 1012
f 1019 1020 1027
f 1023 1017 1025
f 1028 1018 1014
f 1037 1030 1018
f 1018 1031 1037
f 1029 1021 994
f 1038 1027 1020
f 1036 1017 1027
f 1028 1014 1022
f 1018 1028 1031
f 1030 1033 1016
f 1030 1032 1033
f 1026 1000 1024
f 1025 1017 1026
f 1038 1020 1033
f 1025 1026 1024
f 1024 1023 1025
f 1038 1036 1027
f 1017 991 1026
f 1033 1029 994
f 1035 1024 1029
f 1023 1024 1035
f 1031 1028 1023
f 1032 1029 1033
f 1023 1028 1022
f 1035 1031 1023
f 1029 1032 1030
f 1035 1029 1037
f 994 1034 1033
f 1029 1030 1037
f 1038 1033 1034
f 1036 991 1017
f 991 1036 998
f 1036 1038 998
f 1038 1034 994
f 1035 1037 1031
f 1005 1007 962
f 962 1007 1008
f 1006 1008 1009
f 1009 1011 1006
f 1010 1011 1012
f 1007 1015 1022
f 1017 1023 1015
f 1023 1022 1015
f 1021 1029 1024
f 1000 1021 1024
f 998 1038 994
f 1040 1045 1039
f 1040 1048 1045
f 1042 1046 1041
f 1043 1048 1040
f 1041 1049 1043
f 1046 1049 1041
f 1044 1046 1042
f 1045 1044 1042
f 1048 1050 1045
f 1049 1047 1043
f 1045 1052 1044
f 1050 1052 1045
f 1047 1048 1043
f 1047 1050 1048
f 1047 1051 1050
f 1050 1051 1052
f 1054 1052 1051
f 1051 1047 1054
f 1049 1056 1047
f 1054 1055 1052
f 1046 1053 1049
f 1044 1058 1046
f 1052 1058 1044
f 1056 1054 1047
f 1055 1058 1052
f 1053 1056 1049
f 1058 1053 1046
f 1054 1057 1055
f 1227 1230 1226
f 1228 1229 1227
f 1226 1230 1228
f 1227 1234 1230
f 1227 1229 1234
f 1230 1231 1228
f 1234 1233 1230
f 1228 1232 1229
f 1231 1232 1228
f 1229 1232 1234
f 1231 1230 1232
f 1230 1233 1232
f 1234 1235 1233
f 1232 1236 1234
f 1235 1238 1233
f 1236 1235 1234
f 1233 1237 1232
f 1233 1238 1237
f 1235 1239 1238
f 1237 1238 1232
f 1236 1239 1235
f 1232 1240 1236
f 1238 1240 1232
f 1239 1241 1238
f 1236 1240 1239
f 1239 1244 1241
f 1238 1241 1240
f 1240 1242 1239
f 1239 1243 1244
f 1242 1243 1239
f 1241 1242 1240
f 1241 1246 1242
f 1243 1245 1244
f 1242 1245 1243
f 1246 1245 1242
f 1244 1248 1241
f 1245 1249 1244
f 1241 1248 1246
f 1246 1247 1245
f 1247 1249 1245
f 1244 1250 1248
f 1249 1250 1244
f 1247 1246 1249
f 1248 1251 1246
f 1249 1253 1250
f 1246 1252 1249
f 1251 1252 1246
f 1250 1253 1248
f 1252 1253 1249
f 1248 1253 1251
f 1253 1254 1255
f 1251 1256 1252
f 1252 1256 1253
f 1255 1258 1253
f 1253 1258 1251
f 1256 1254 1253
f 1251 1257 1256
f 1257 1259 1256
f 1255 1254 1258
f 1259 1254 1256
f 1251 1258 1257
f 1254 1260 1258
f 1258 1259 1257
f 1260 1264 1258
f 1254 1259 1260
f 1258 1264 1259
f 1264 1262 1259
f 1259 1261 1260
f 1259 1263 1261
f 1262 1263 1259
f 1261 1264 1260
f 1261 1265 1264
f 1262 1266 1263
f 1263 1267 1261
f 1263 1268 1267
f 1272 1274 1269
f 1271 1269 1270
f 1272 1273 1274
f 1270 1273 1272
f 1269 1273 1270
f 1269 1274 1273
f 1273 1274 1276
f 1273 1277 1274
f 1273 1276 1277
f 1274 1275 1276
f 1277 1275 1274
f 1276 1275 1277
f 1275 1281 1277
f 1277 1282 1275
f 1278 1282 1277
f 1281 1278 1277
f 1275 1280 1279
f 1282 1280 1275
f 1283 1288 1287
f 1288 1286 1287
f 1284 1288 1283
f 1285 1286 1284
f 1288 1290 1286
f 1286 1289 1284
f 1284 1290 1288
f 1289 1290 1284
f 1286 1290 1289
f 1290 1291 1289
f 1290 1293 1294
f 1289 1293 1290
f 1290 1292 1291
f 1289 1291 1293
f 1290 1294 1292
f 1292 1294 1291
f 1291 1295 1293
f 1291 1296 1295
f 1294 1293 1291
f 1293 1296 1291
f 1295 1297 1293
f 1296 1299 1295
f 1297 1296 1293
f 1295 1299 1297
f 1299 1298 1297
f 1297 1300 1296
f 1297 1298 1300
f 1296 1300 1299
f 1300 1302 1299
f 1299 1301 1298
f 1298 1302 1300
f 1302 1301 1299
f 1298 1301 1302
f 1301 1305 1302
f 1305 1304 1302
f 1301 1303 1305
f 1304 1301 1302
f 1305 1306 1304
f 1304 1303 1301
f 1304 1307 1303
f 1306 1307 1304
f 1303 1309 1305
f 1305 1309 1306
f 1308 1309 1303
f 1307 1308 1303
f 1309 1310 1306
f 1306 1311 1307
f 1313 1316 1312
f 1314 1317 1315
f 1313 1317 1316
f 1317 1320 1316
f 1316 1320 1314
f 1315 1317 1313
f 1314 1318 1317
f 1318 1319 1317
f 1314 1320 1318
f 1317 1319 1320
f 1320 1319 1324
f 1318 1321 1319
f 1319 1321 1324
f 1320 1321 1318
f 1320 1322 1321
f 1321 1323 1324
f 1321 1322 1323
f 1324 1325 1320
f 1325 1322 1320
f 1326 1328 1324
f 1325 1323 1322
f 1323 1327 1324
f 1331 1333 1332
f 1332 1333 1329
f 1332 1329 1330
f 1329 1333 1331
f 1333 1334 1329
f 1336 1335 1329
f 1334 1336 1329
f 1329 1334 1333
f 1329 1335 1334
f 1335 1337 1334
f 1337 1340 1334
f 1334 1335 1336
f 1334 1340 1335
f 1340 1342 1335
f 1335 1342 1337
f 1337 1339 1340
f 1341 1343 1340
f 1337 1344 1338
f 1342 1344 1337
f 1346 1351 1350
f 1345 1352 1349
f 1348 1349 1347
f 1347 1351 1346
f 1345 1350 1352
f 1351 1353 1350
f 1349 1352 1347
f 1353 1352 1350
f 1352 1354 1347
f 1354 1355 1347
f 1347 1356 1351
f 1353 1359 1352
f 1351 1359 1353
f 1347 1357 1356
f 1355 1357 1347
f 1352 1355 1354
f 1352 1359 1355
f 1351 1356 1359
f 1355 1358 1357
f 1359 1358 1355
f 1357 1359 1356
f 1359 1361 1358
f 1359 1360 1361
f 1358 1361 1357
f 1361 1363 1357
f 1357 1363 1359
f 1359 1366 1360
f 1360 1363 1361
f 1363 1366 1359
f 1360 1362 1363
f 1363 1362 1367
f 1360 1364 1362
f 1360 1365 1364
f 1366 1365 1360
f 1657 1659 1673
f 2110 2111 2104
f 1662 1660 1661
f 2421 2418 2469
f 1668 1667 1669
f 1667 1673 1669
f 1673 1666 1657
f 2140 2113 2109
f 1982 1971 1970
f 1658 1659 1660
f 1670 1672 1671
f 2037 2032 2034
f 2302 2279 2301
f 1663 1662 1685
f 1685 1662 1686
f 1690 1689 1692
f 1793 1792 1834
f 1681 1679 1658
f 1899 1897 1901
f 1668 1670 1671
f 1668 1671 1664
f 1700 1701 1702
f 1719 1700 1702
f 2451 2455 2453
f 1688 1705 1706
f 1723 1721 1707
f 1711 1708 1713
f 1705 1710 1709
f 1713 1709 1711
f 1713 1714 1709
f 1719 1715 1700
f 2454 2461 2458
f 1716 1715 1719
f 1869 1870 1868
f 2458 2466 2501
f 1695 1698 1697
f 1956 2024 1952
f 2348 2343 2344
f 1755 1725 1726
f 1726 1729 1755
f 1730 1757 1758
f 1732 1705 1714
f 1706 1735 1714
f 1737 1756 1738
f 1740 1737 1738
f 1742 1737 1740
f 1663 1685 1760
f 1747 1744 1742
f 2500 2464 2504
f 1708 1721 1750
f 1743 1741 1759
f 1681 1683 1679
f 1757 1756 1737
f 1741 1738 1756
f 1761 1690 1692
f 2153 2147 2162
f 2182 2187 2184
f 2213 2242 2212
f 1776 1771 1772
f 2235 2234 2259
f 1770 1773 1780
f 2212 2242 2236
f 1782 1781 1768
f 1926 1927 1925
f 2263 2293 2289
f 2249 2247 2272
f 1786 1785 1787
f 2028 2029 2027
f 1708 1724 1693
f 2426 2445 2386
f 1783 1790 1799
f 1804 1829 1792
f 2045 2053 2042
f 1876 1879 1894
f 2022 2023 2021
f 1806 1801 1804
f 1806 1836 1801
f 1809 1762 1808
f 1809 1763 1762
f 1810 1809 1812
f 1729 1756 1755
f 1793 1834 1816
f 1797 1796 1820
f 1750 1748 1724
f 2468 2417 2432
f 2088 2086 2096
f 1874 1893 1891
f 1832 1828 1835
f 2009 2011 1993
f 1829 1832 1792
f 1792 1832 1834
f 2260 2259 2234
f 2175 2181 2185
f 1794 1780 1775
f 1786 1789 1784
f 1841 1799 1790
f 1935 1936 1917
f 1842 1765 1767
f 2173 2181 2175
f 2173 2175 2172
f 1791 1807 1844
f 1841 1791 1844
f 1845 1844 1842
f 1851 1763 1810
f 1847 1764 1763
f 1867 1838 1868
f 1817 1871 1855
f 1855 1875 1853
f 1859 1825 1860
f 1859 1860 1864
f 1868 1838 1869
f 2213 2121 2075
f 2284 2303 2279
f 1840 1872 1839
f 1824 1873 1840
f 1874 1891 1873
f 1857 1853 1880
f 1880 1876 1894
f 1733 1734 1704
f 1733 1704 1705
f 2276 2272 2275
f 2084 2061 2097
f 1857 1880 1881
f 1871 1905 1875
f 1890 1877 1875
f 1698 1710 1688
f 1891 1892 1889
f 1891 1879 1892
f 1819 1818 1817
f 1831 1866 1833
f 1898 1896 1894
f 1689 1761 1691
f 2330 2327 2329
f 1887 1904 1886
f 1888 1938 1887
f 1875 1905 1922
f 1889 1906 1872
f 1838 1871 1816
f 1910 1929 1911
f 1910 1911 1912
f 1897 1913 1898
f 1666 1672 1674
f 1666 1674 1657
f 1745 1748 1722
f 1745 1722 1747
f 1908 1909 1916
f 2290 2319 2292
f 1827 1826 1831
f 2018 2019 2013
f 1920 1919 1887
f 1938 1920 1887
f 2249 2244 2247
f 1796 1797 1785
f 1690 1661 1683
f 1690 1683 1689
f 1732 1735 1733
f 1909 1908 1928
f 2421 2469 2475
f 2421 2475 2474
f 1864 1865 1828
f 1816 1839 1838
f 1930 1933 1931
f 1937 1935 1920
f 2337 2338 2336
f 2195 2193 2194
f 1933 1938 1934
f 2389 2383 2380
f 1936 1946 1942
f 1708 1695 1713
f 2273 2279 2275
f 1936 1942 1939
f 1665 1672 1666
f 1851 1850 1847
f 1845 1842 1846
f 1944 1945 1948
f 1947 1946 1936
f 1772 1771 1778
f 1945 1941 1948
f 1946 1948 1941
f 1947 1944 1948
f 1949 1843 1849
f 2439 2437 2435
f 1812 1809 1807
f 1812 1807 1791
f 2135 2134 2138
f 1958 1950 1952
f 1940 1941 1945
f 2186 2188 2176
f 1957 1964 1965
f 2055 2042 2037
f 1966 1957 1973
f 1971 1968 1969
f 1970 1971 1969
f 1972 1968 1967
f 2196 2190 2188
f 2333 2137 2204
f 1742 1747 1746
f 1967 1976 1977
f 1742 1740 1741
f 1977 1978 1967
f 1977 1976 1981
f 1753 1757 1728
f 1978 1977 1981
f 2023 1982 1970
f 2029 1983 2030
f 1815 1845 1846
f 1980 1991 1979
f 2250 2246 2217
f 1853 1877 1876
f 2361 2425 2375
f 1813 1811 1799
f 1992 1990 1993
f 2088 2091 2090
f 1921 1906 1907
f 1921 1907 1924
f 1992 1993 2008
f 1718 1743 1744
f 1946 1941 1942
f 1870 1887 1884
f 1870 1884 1868
f 2002 2006 2005
f 1974 1975 1969
f 2429 2430 2426
f 2344 2341 2342
f 1961 1959 1958
f 1961 1958 1952
f 2238 2288 2209
f 2018 2012 2017
f 1819 1820 1796
f 1819 1796 1794
f 2006 2004 2005
f 2006 1996 2015
f 2006 2019 2010
f 2160 2174 2170
f 1705 1688 1710
f 1961 2024 2025
f 1815 1852 1810
f 2026 2028 2022
f 1691 1697 1696
f 2028 2027 2022
f 1678 1679 1676
f 2415 2416 2414
f 1709 1714 1705
f 2367 2387 2365
f 2463 2464 2500
f 2032 2031 2034
f 2349 2347 2346
f 2170 2174 2180
f 1675 1674 1680
f 1806 1805 1836
f 2063 2085 2087
f 1829 1804 1800
f 2049 2051 2033
f 2051 2049 2050
f 2053 2036 2051
f 1911 1934 1912
f 2023 1970 1964
f 2037 2038 2054
f 2055 2045 2042
f 2181 2170 2180
f 2046 2056 2055
f 2056 2068 2055
f 2327 2325 2311
f 1784 1781 1794
f 2057 2081 2049
f 2059 2081 2058
f 2050 2052 2051
f 2060 2061 2085
f 1819 1823 1820
f 2062 2060 2063
f 2063 2060 2085
f 2068 2065 2045
f 2066 2063 2067
f 2047 2066 2070
f 2379 2349 2377
f 1872 1887 1870
f 2078 2072 2056
f 2076 2073 2074
f 2472 2488 2485
f 2079 2078 2076
f 1717 1718 1744
f 1717 1744 1722
f 2079 2075 2078
f 2472 2468 2432
f 2472 2432 2423
f 1960 1959 1961
f 1997 2008 2007
f 2082 2081 2080
f 2329 2323 2326
f 2329 2326 2330
f 2501 2410 2458
f 1758 1757 1739
f 2120 2206 2207
f 2087 2085 2089
f 1877 1890 1892
f 2092 2094 2093
f 2210 2211 2239
f 2125 2084 2126
f 2441 2435 2398
f 2038 2034 2035
f 2359 2360 2351
f 2459 2400 2404
f 1983 1982 2023
f 1983 2023 1984
f 2100 2067 2088
f 2072 2071 2069
f 2072 2094 2092
f 1934 1921 1912
f 2076 2074 2103
f 2140 2218 2136
f 2107 2134 2127
f 2107 2127 2075
f 2105 2077 2104
f 2027 2029 2030
f 2125 2114 2116
f 2034 2033 2035
f 2183 2184 2193
f 2281 2307 2310
f 2500 2501 2463
f 2368 2373 2369
f 2106 2103 2130
f 2152 2151 2150
f 2351 2411 2407
f 1676 1661 1657
f 2107 2075 2102
f 1906 1888 1872
f 2459 2448 2400
f 2109 2133 2108
f 2108 2134 2107
f 2057 2049 2033
f 2057 2033 2034
f 2109 2108 2130
f 2140 2130 2218
f 2298 2309 2320
f 1957 1953 1962
f 1701 1720 1723
f 1701 1723 1702
f 2099 2098 2126
f 2099 2126 2084
f 2132 2105 2104
f 2135 2216 2134
f 2229 2135 2138
f 2319 2290 2317
f 2137 2140 2139
f 1871 1867 1885
f 1871 1885 1905
f 2210 2118 2119
f 1995 2002 1987
f 1995 1987 1988
f 2254 2219 2256
f 2041 2142 2031
f 1741 1729 1758
f 2069 2068 2056
f 2154 2041 2148
f 2154 2146 2147
f 2158 2149 2151
f 2100 2065 2067
f 2150 2153 2152
f 2041 2154 2150
f 2020 2021 1963
f 2225 2192 2105
f 2197 2198 2196
f 2125 2116 2085
f 2125 2085 2084
f 1937 1938 1933
f 1732 1714 1736
f 1853 1857 1855
f 1795 1840 1779
f 2016 2011 2009
f 2161 2157 2158
f 2088 2087 2091
f 1894 1895 1882
f 2167 2166 2156
f 2163 2166 2167
f 2147 2153 2154
f 2477 2475 2476
f 2351 2407 2406
f 2172 2160 2171
f 2171 2168 2172
f 1866 1831 1801
f 1866 1801 1836
f 2428 2445 2447
f 2174 2160 2175
f 2310 2305 2284
f 2499 2501 2500
f 2182 2174 2175
f 1861 1864 1860
f 1974 1969 1968
f 2179 2112 2192
f 2192 2112 2105
f 2192 2191 2178
f 1950 1958 1951
f 1957 1965 1973
f 2071 2070 2066
f 2183 2182 2184
f 2309 2271 2282
f 1876 1877 1878
f 2361 2342 2370
f 2024 1956 1966
f 2192 2178 2179
f 1739 1742 1744
f 1739 1744 1759
f 2192 2225 2191
f 2331 2141 2140
f 2331 2140 2231
f 2169 2168 2159
f 2169 2159 2163
f 2196 2188 2195
f 2313 2283 2315
f 2106 2102 2103
f 1854 1824 1822
f 1721 1723 1720
f 2429 2415 2430
f 2039 2057 2034
f 2039 2034 2031
f 1748 1750 1749
f 2415 2433 2416
f 2366 2365 2362
f 2280 2219 2278
f 2203 2139 2141
f 1837 1834 1835
f 2203 2333 2204
f 2122 2206 2120
f 1933 1930 1937
f 2106 2108 2107
f 2236 2206 2122
f 2212 2236 2122
f 1921 1924 1912
f 1737 1742 1739
f 2443 2398 2448
f 2155 2163 2159
f 2135 2131 2216
f 1773 1775 1780
f 2164 2163 2112
f 2253 2221 2215
f 2301 2303 2304
f 2301 2304 2302
f 2227 2226 2224
f 2231 2140 2136
f 2042 2053 2051
f 2042 2051 2052
f 1815 1813 1845
f 2102 2075 2079
f 2231 2222 2223
f 2188 2190 2189
f 1760 1685 1686
f 2260 2233 2232
f 2235 2259 2237
f 1861 1858 1827
f 1839 1805 1806
f 1839 1806 1840
f 2239 2211 2265
f 1671 1672 1665
f 1821 1820 1823
f 1821 1823 1822
f 2449 2396 2393
f 2215 2282 2245
f 2235 2237 2262
f 1851 1847 1763
f 2217 2247 2244
f 1991 2003 2004
f 1991 2004 1993
f 2028 2026 1966
f 2150 2151 2142
f 2150 2142 2143
f 2282 2215 2221
f 2253 2215 2245
f 2096 2065 2100
f 2222 2254 2223
f 2382 2379 2377
f 2254 2256 2255
f 1933 1934 1932
f 2257 2226 2227
f 2241 2240 2209
f 2209 2288 2241
f 2354 2357 2356
f 2093 2101 2074
f 2093 2074 2047
f 1688 1692 1689
f 2261 2259 2260
f 2226 2221 2220
f 2266 2238 2264
f 2118 2098 2086
f 2265 2266 2264
f 1824 1840 1822
f 1880 1853 1876
f 2249 2268 2244
f 2046 2055 2054
f 2274 2268 2249
f 1937 1936 1935
f 1943 1926 1939
f 2193 2184 2194
f 2039 2145 2057
f 2269 2267 2274
f 2134 2108 2133
f 2251 2255 2273
f 2251 2273 2248
f 2471 2472 2485
f 2085 2117 2089
f 1760 1761 1689
f 1760 1689 1684
f 2342 2361 2375
f 2278 2277 2279
f 2279 2302 2278
f 2420 2434 2423
f 2281 2280 2306
f 2252 2283 2282
f 2258 2282 2283
f 1888 1887 1872
f 1873 1891 1889
f 1873 1889 1872
f 2256 2285 2255
f 2229 2333 2230
f 2162 2161 2152
f 1683 1681 1684
f 2257 2311 2283
f 1972 1978 1989
f 1972 1989 1974
f 2093 2070 2071
f 2093 2071 2092
f 2267 2268 2274
f 2157 2171 2160
f 2157 2160 2156
f 2318 2293 2319
f 2288 2266 2295
f 2241 2288 2295
f 1816 1871 1817
f 1816 1817 1793
f 2300 2296 2297
f 2298 2271 2309
f 2263 2260 2232
f 2263 2232 2236
f 2297 2298 2321
f 2490 2447 2456
f 2218 2130 2131
f 2277 2276 2275
f 2120 2121 2122
f 2258 2253 2282
f 1964 1970 1969
f 2315 2308 2324
f 2322 2296 2300
f 1748 1745 1743
f 2323 2329 2315
f 1708 1750 1724
f 2313 2314 2287
f 2331 2203 2141
f 2161 2162 2159
f 2294 2317 2316
f 2140 2137 2113
f 2311 2324 2308
f 2311 2308 2283
f 2300 2297 2321
f 2299 2320 2322
f 1797 1820 1821
f 1797 1821 1798
f 2420 2368 2371
f 2391 2392 2440
f 2322 2320 2309
f 2056 2048 2078
f 2327 2311 2312
f 2213 2124 2214
f 2470 2494 2473
f 2470 2473 2469
f 2177 2182 2175
f 2317 2290 2316
f 2262 2208 2207
f 2348 2349 2346
f 2247 2217 2246
f 2330 2326 2327
f 2331 2231 2332
f 2231 2136 2222
f 2261 2260 2263
f 2169 2173 2172
f 2169 2172 2168
f 2334 2332 2230
f 2149 2039 2142
f 2075 2072 2078
f 2210 2126 2098
f 2210 2098 2118
f 1842 1808 1765
f 2339 2370 2345
f 2444 2449 2440
f 2444 2440 2442
f 2341 2370 2342
f 2343 2340 2341
f 2014 1996 1998
f 2343 2341 2344
f 1673 1659 1658
f 2009 2010 2019
f 2338 2347 2336
f 2286 2287 2257
f 2346 2343 2348
f 2359 2406 2353
f 2351 2406 2359
f 2096 2086 2098
f 2096 2098 2099
f 2187 2182 2177
f 1845 1799 1841
f 1849 1843 1848
f 1849 1848 1850
f 2156 2144 2158
f 2156 2158 2157
f 1689 1691 1699
f 1752 1754 1753
f 1752 1753 1751
f 2422 2373 2421
f 1722 1750 1721
f 2333 2334 2230
f 2362 2364 2366
f 2432 2367 2420
f 1668 1664 1665
f 1668 1665 1667
f 1945 1944 1929
f 2477 2478 2475
f 2371 2370 2339
f 2371 2339 2347
f 2284 2273 2255
f 2284 2255 2285
f 1663 1760 1684
f 2420 2371 2372
f 2373 2361 2369
f 1663 1684 1681
f 1663 1681 1660
f 2252 2282 2221
f 2252 2221 2226
f 2376 2372 2349
f 2158 2151 2152
f 2218 2219 2136
f 1719 1703 1693
f 2406 2407 2408
f 2065 2099 2097
f 2065 2097 2061
f 2382 2377 2350
f 2381 2375 2425
f 2382 2350 2378
f 2380 2379 2381
f 2383 2379 2380
f 2386 2445 2384
f 2363 2362 2365
f 2379 2388 2374
f 2009 1993 2004
f 2387 2429 2386
f 2435 2376 2374
f 2391 2390 2392
f 1934 1911 1932
f 1984 2023 2022
f 1984 2022 2030
f 1795 1779 1783
f 2090 2089 2118
f 1753 1754 1756
f 1753 1756 1757
f 1979 1968 1971
f 2404 2400 2399
f 1860 1825 1858
f 2404 2395 2403
f 1844 1807 1809
f 1863 1866 1835
f 1998 2012 2014
f 2018 2013 2012
f 2404 2401 2409
f 2337 2346 2338
f 1684 1689 1683
f 1706 1714 1713
f 2200 2202 2201
f 2372 2371 2347
f 2417 2416 2433
f 1926 1925 1908
f 2366 2413 2421
f 1999 1991 1980
f 2421 2413 2418
f 2145 2144 2080
f 2229 2223 2135
f 2422 2474 2480
f 2440 2392 2389
f 2434 2420 2376
f 2244 2267 2270
f 2440 2380 2424
f 2440 2424 2483
f 2483 2422 2480
f 2424 2381 2425
f 1722 1721 1717
f 2053 2044 2036
f 2386 2429 2426
f 1975 1973 1965
f 1975 1965 1969
f 1755 1751 1725
f 2415 2431 2430
f 2415 2414 2431
f 2432 2417 2433
f 2433 2415 2429
f 1688 1689 1687
f 1688 1687 1699
f 2093 2047 2070
f 2112 2058 2083
f 2335 2341 2340
f 2439 2489 2437
f 1770 1780 1777
f 2441 2439 2435
f 1867 1871 1838
f 2179 2178 2165
f 1917 1916 1935
f 1794 1796 1785
f 1794 1785 1784
f 2054 2063 2066
f 1981 1979 1991
f 1996 2002 1995
f 2487 2486 2467
f 1986 1980 1971
f 1986 1971 1982
f 2443 2444 2441
f 1963 1962 1953
f 1963 1953 1951
f 2484 2438 2440
f 1670 1668 1658
f 2052 2059 2146
f 2439 2442 2438
f 1927 1940 1945
f 1927 1945 1928
f 2231 2223 2230
f 2446 2457 2447
f 2046 2054 2066
f 2046 2066 2047
f 1958 1959 1951
f 1982 1983 1985
f 2462 2459 2405
f 2461 2455 2460
f 1756 1729 1741
f 2501 2466 2463
f 2447 2397 2446
f 2367 2368 2420
f 1973 1975 2029
f 2485 2419 2468
f 2419 2467 2418
f 2064 2065 2061
f 2037 2042 2043
f 2163 2164 2166
f 2314 2315 2329
f 2314 2329 2328
f 1867 1884 1885
f 2040 2041 2031
f 2040 2031 2032
f 1802 1804 1792
f 1802 1792 1793
f 2128 2103 2123
f 2479 2478 2477
f 1766 1763 1764
f 2436 2479 2423
f 2483 2481 2482
f 2068 2045 2055
f 2485 2467 2419
f 2487 2467 2485
f 2470 2467 2486
f 1712 1713 1695
f 1712 1695 1697
f 2199 2202 2189
f 2482 2436 2489
f 2483 2425 2422
f 2489 2438 2484
f 2438 2489 2439
f 2490 2428 2447
f 2492 2430 2491
f 2492 2490 2446
f 2210 2115 2126
f 2457 2456 2447
f 2490 2456 2457
f 2494 2470 2493
f 2496 2493 2470
f 2499 2352 2497
f 2491 2490 2492
f 1777 1782 1779
f 1777 1779 1778
f 2145 2080 2057
f 2293 2291 2289
f 1750 1722 1749
f 2052 2148 2042
f 2503 2351 2360
f 2464 2465 2412
f 2191 2111 2110
f 1779 1774 1772
f 2504 2464 2412
f 1661 1660 1659
f 1663 1660 1662
f 1664 1671 1665
f 1675 1680 1677
f 1880 1894 1882
f 1667 1666 1673
f 1670 1677 1680
f 2228 2221 2253
f 2228 2253 2258
f 1658 1677 1670
f 1677 1678 1675
f 1678 1676 1675
f 1658 1679 1678
f 1681 1658 1660
f 1670 1680 1672
f 1680 1674 1672
f 1676 1679 1682
f 1682 1679 1683
f 2269 2276 2277
f 1676 1682 1661
f 1682 1683 1661
f 1686 1662 1661
f 1686 1661 1690
f 1699 1687 1689
f 1688 1699 1696
f 1819 1794 1818
f 2444 2442 2441
f 1691 1688 1712
f 2031 2142 2039
f 1761 1688 1691
f 1695 1694 1710
f 1695 1708 1694
f 1710 1698 1695
f 1691 1696 1699
f 1696 1697 1698
f 2413 2366 2364
f 2413 2364 2414
f 1701 1715 1720
f 1700 1715 1701
f 1702 1703 1719
f 1703 1702 1723
f 1693 1694 1708
f 1836 1837 1866
f 2462 2466 2458
f 1706 1712 1688
f 1723 1707 1693
f 1936 1939 1917
f 1710 1707 1711
f 1716 1720 1715
f 1706 1713 1712
f 2028 1966 1973
f 2028 1973 2029
f 1718 1716 1724
f 1717 1720 1716
f 1717 1716 1718
f 2110 2104 2081
f 2110 2081 2082
f 1724 1716 1719
f 1717 1721 1720
f 1727 1731 1726
f 1693 1724 1719
f 1707 1721 1708
f 1707 1708 1711
f 1753 1728 1725
f 1726 1725 1727
f 1725 1728 1727
f 1729 1726 1731
f 1731 1730 1758
f 1731 1727 1730
f 1730 1727 1728
f 1757 1730 1728
f 1733 1705 1732
f 1758 1729 1731
f 1733 1735 1734
f 1704 1735 1706
f 1735 1704 1734
f 1736 1735 1732
f 1743 1759 1744
f 2398 2435 2388
f 1745 1741 1743
f 1746 1747 1742
f 1724 1748 1718
f 1718 1748 1743
f 1747 1722 1744
f 1748 1749 1722
f 2079 2076 2102
f 1668 1669 1658
f 1752 1751 1755
f 1752 1755 1754
f 1753 1725 1751
f 1741 1740 1738
f 1676 1657 1674
f 1676 1674 1675
f 1758 1759 1741
f 1739 1757 1737
f 1739 1759 1758
f 1766 1765 1762
f 1761 1686 1690
f 1761 1760 1686
f 1986 1999 1980
f 1762 1763 1766
f 1767 1765 1766
f 1769 1768 1784
f 1769 1784 1789
f 1959 2020 1951
f 1778 1779 1772
f 1780 1782 1777
f 1782 1780 1781
f 1782 1783 1779
f 2446 2397 2426
f 1783 1782 1768
f 1768 1781 1784
f 1768 1769 1783
f 1788 1785 1797
f 1803 1776 1774
f 2497 2501 2499
f 2455 2454 2452
f 1789 1790 1769
f 1831 1833 1862
f 1831 1862 1827
f 1787 1785 1788
f 1786 1791 1789
f 1841 1790 1789
f 1841 1789 1791
f 1787 1791 1786
f 1795 1783 1799
f 1803 1802 1776
f 1775 1776 1802
f 1794 1775 1818
f 2198 2199 2196
f 1658 1669 1673
f 1798 1811 1797
f 1783 1769 1790
f 2210 2239 2115
f 1800 1804 1801
f 1798 1799 1811
f 1803 1804 1802
f 1806 1774 1779
f 1774 1806 1803
f 1803 1806 1804
f 1779 1840 1806
f 1788 1814 1812
f 1810 1763 1809
f 1787 1788 1812
f 1791 1787 1812
f 1938 1937 1920
f 1814 1788 1815
f 1813 1815 1788
f 2091 2087 2089
f 1854 1823 1819
f 1819 1817 1854
f 1994 1992 2008
f 1826 1828 1830
f 1825 1859 1826
f 1859 1828 1826
f 2357 2359 2353
f 1830 1832 1829
f 1829 1800 1831
f 1831 1826 1830
f 1832 1830 1828
f 1794 1781 1780
f 1834 1832 1835
f 1833 1866 1863
f 1837 1836 1805
f 1805 1839 1837
f 1866 1837 1835
f 1862 1861 1827
f 1916 1909 1918
f 1840 1873 1872
f 1710 1711 1709
f 1845 1813 1799
f 1844 1809 1808
f 1842 1844 1808
f 1843 1842 1767
f 1846 1842 1843
f 1766 1848 1843
f 1766 1843 1767
f 2436 2434 2437
f 1849 1850 1851
f 1848 1766 1764
f 1847 1848 1764
f 1848 1847 1850
f 2313 2315 2314
f 1949 1849 1851
f 2248 2272 2247
f 1855 1871 1875
f 1854 1817 1855
f 1856 1855 1857
f 1874 1856 1857
f 1826 1827 1825
f 1827 1858 1825
f 1828 1859 1864
f 1858 1861 1860
f 1865 1863 1835
f 1865 1835 1828
f 1865 1864 1861
f 1865 1862 1833
f 1862 1865 1861
f 1833 1863 1865
f 1868 1884 1867
f 2302 2304 2306
f 1882 1881 1880
f 1839 1869 1838
f 1839 1870 1869
f 1839 1872 1870
f 1824 1856 1873
f 1856 1874 1873
f 1878 1879 1876
f 1874 1901 1893
f 2382 2381 2379
f 1901 1874 1883
f 1883 1857 1881
f 1886 1885 1884
f 1884 1887 1886
f 1879 1891 1893
f 2137 2229 2138
f 1892 1878 1877
f 1892 1879 1878
f 1890 1889 1892
f 1902 1914 1899
f 1902 1899 1900
f 1895 1894 1896
f 1879 1898 1894
f 1893 1898 1879
f 1895 1896 1913
f 1901 1897 1893
f 2366 2373 2368
f 1904 1919 1903
f 1904 1885 1886
f 1910 1922 1905
f 1905 1885 1910
f 1907 1906 1890
f 1907 1890 1923
f 1906 1889 1890
f 1890 1875 1923
f 1923 1875 1922
f 2355 2353 2406
f 1909 1928 1929
f 1904 1903 1929
f 1898 1913 1896
f 1897 1915 1913
f 1915 1897 1899
f 1915 1899 1914
f 2404 2403 2401
f 1903 1918 1909
f 1935 1916 1918
f 1922 1924 1923
f 1919 1935 1918
f 1919 1920 1935
f 1910 1904 1929
f 1922 1910 1912
f 1924 1922 1912
f 1925 1927 1908
f 1924 1907 1923
f 1883 1881 1882
f 1883 1882 1900
f 1917 1926 1908
f 1928 1908 1927
f 1929 1928 1945
f 1908 1916 1917
f 1930 1931 1944
f 1937 1930 1947
f 1911 1929 1932
f 1933 1932 1931
f 1938 1921 1934
f 2146 2059 2058
f 2146 2058 2155
f 1692 1688 1761
f 2083 2058 2077
f 1917 1939 1926
f 1927 1926 1943
f 1939 1942 1943
f 1937 1947 1936
f 1897 1898 1893
f 1947 1930 1944
f 1947 1948 1946
f 1949 1846 1843
f 2258 2283 2313
f 2258 2313 2286
f 1955 1954 1953
f 1815 1846 1852
f 1846 1949 1852
f 1857 1883 1874
f 2199 2189 2190
f 2199 2190 2196
f 1950 1951 1953
f 1954 1950 1953
f 1957 1955 1953
f 2471 2485 2468
f 1955 1957 1966
f 1960 2020 1959
f 2274 2249 2272
f 1963 2023 1962
f 2023 1964 1962
f 1837 1816 1834
f 1957 1962 1964
f 1966 1956 1955
f 2016 2017 2012
f 1965 1964 1969
f 1899 1901 1883
f 1972 1974 1968
f 2132 2220 2225
f 2132 2225 2105
f 2333 2229 2137
f 1775 1802 1793
f 1775 1793 1818
f 1985 1975 1974
f 2480 2474 2478
f 1723 1693 1703
f 1978 1972 1967
f 1981 1976 1979
f 1983 1984 2030
f 1885 1904 1910
f 1975 1985 1983
f 1975 1983 2029
f 1989 1985 1974
f 1986 1985 1989
f 1985 1986 1982
f 2000 1986 1989
f 1990 1987 1978
f 1990 1981 1991
f 1987 1992 1988
f 1992 1987 1990
f 2020 1963 1951
f 2003 1991 1999
f 1990 1991 1993
f 1992 1994 1988
f 1995 1988 1994
f 2008 1997 1998
f 2008 1998 1994
f 1995 1994 1996
f 1998 1996 1994
f 1999 1986 2000
f 1999 2000 2001
f 2001 2000 2002
f 1999 2001 2003
f 2002 2005 2001
f 2004 2003 2001
f 2004 2001 2005
f 2007 2012 1997
f 2002 1996 2006
f 2010 2009 2004
f 1993 2011 2008
f 1788 1797 1811
f 1823 1854 1822
f 2012 1998 1997
f 2007 2008 2011
f 1996 2014 2015
f 2013 2014 2012
f 2011 2016 2007
f 2012 2007 2016
f 2016 2018 2017
f 2018 2016 2009
f 2009 2019 2018
f 2019 2006 2015
f 1735 1736 1714
f 2006 2010 2004
f 2026 2021 2020
f 2024 1961 1952
f 2021 2023 1963
f 1883 1900 1899
f 2025 1960 1961
f 2020 1960 2025
f 2021 2026 2022
f 2026 2024 1966
f 2026 2025 2024
f 2025 2026 2020
f 1942 1941 1940
f 1942 1940 1943
f 2022 2027 2030
f 2148 2052 2146
f 2038 2035 2044
f 2038 2037 2034
f 1678 1677 1658
f 2037 2040 2032
f 2040 2043 2148
f 2148 2041 2040
f 2043 2042 2148
f 2037 2043 2040
f 2053 2062 2044
f 2038 2044 2054
f 2054 2044 2063
f 2313 2287 2286
f 2056 2046 2047
f 2056 2047 2073
f 2036 2044 2035
f 2054 2055 2037
f 2449 2444 2450
f 1747 1742 1741
f 1747 1741 1745
f 2080 2081 2057
f 2059 2049 2081
f 2059 2050 2049
f 2052 2050 2059
f 2064 2061 2060
f 2063 2044 2062
f 2045 2064 2062
f 2062 2064 2060
f 2045 2065 2064
f 2067 2065 2068
f 2068 2069 2067
f 2067 2069 2066
f 2048 2073 2078
f 2069 2071 2066
f 2067 2063 2087
f 2088 2067 2087
f 2056 2072 2069
f 2048 2056 2073
f 2073 2076 2078
f 2084 2085 2061
f 2127 2124 2213
f 2058 2081 2077
f 1822 1840 1795
f 1822 1795 1821
f 2088 2118 2086
f 2088 2090 2118
f 2090 2091 2089
f 2094 2095 2093
f 2101 2093 2095
f 2280 2302 2306
f 2065 2096 2099
f 2154 2148 2146
f 2084 2097 2099
f 1712 1697 1691
f 2220 2224 2226
f 2100 2088 2096
f 2072 2092 2071
f 2116 2117 2085
f 2101 2103 2074
f 2075 2094 2072
f 2128 2123 2124
f 2307 2304 2305
f 2108 2106 2130
f 2076 2103 2102
f 2102 2106 2107
f 2114 2126 2115
f 2178 2191 2110
f 2450 2444 2443
f 2178 2110 2082
f 2077 2081 2104
f 2105 2083 2077
f 2105 2112 2083
f 2116 2114 2115
f 2121 2120 2101
f 2118 2089 2117
f 2119 2118 2117
f 2101 2095 2121
f 2212 2121 2213
f 2123 2101 2120
f 2123 2103 2101
f 2123 2120 2207
f 2121 2212 2122
f 1774 1776 1772
f 2112 2163 2155
f 2112 2155 2058
f 2126 2114 2125
f 2075 2095 2094
f 2075 2121 2095
f 2130 2103 2128
f 2075 2127 2213
f 2124 2129 2128
f 2127 2129 2124
f 1770 1771 1773
f 2127 2216 2129
f 2134 2216 2127
f 2138 2133 2109
f 2140 2109 2130
f 2138 2134 2133
f 2111 2132 2104
f 2111 2220 2132
f 2109 2113 2138
f 2307 2306 2304
f 2137 2138 2113
f 1773 1771 1776
f 1773 1776 1775
f 1657 1661 1659
f 2141 2139 2140
f 2143 2142 2041
f 2149 2145 2039
f 2147 2146 2155
f 2149 2158 2144
f 2158 2152 2161
f 2142 2151 2149
f 2153 2150 2154
f 2074 2073 2047
f 2143 2041 2150
f 2241 2211 2240
f 2498 2499 2500
f 2162 2152 2153
f 2159 2147 2155
f 2159 2162 2147
f 2161 2171 2157
f 2161 2168 2171
f 2168 2161 2159
f 2080 2164 2082
f 2080 2144 2166
f 2166 2164 2080
f 2164 2165 2082
f 2175 2176 2177
f 2112 2179 2164
f 2144 2156 2166
f 2170 2167 2156
f 2169 2167 2170
f 1755 1756 1754
f 2167 2169 2163
f 2156 2160 2170
f 2170 2173 2169
f 2172 2175 2160
f 2165 2164 2179
f 2173 2170 2181
f 2174 2182 2183
f 2358 2359 2357
f 2358 2357 2354
f 2180 2183 2185
f 2180 2185 2181
f 2183 2180 2174
f 2183 2186 2185
f 2186 2176 2175
f 2185 2186 2175
f 2209 2116 2115
f 2209 2115 2238
f 2346 2337 2340
f 2177 2176 2188
f 2177 2188 2187
f 2187 2188 2189
f 2186 2195 2188
f 2204 2137 2139
f 2193 2186 2183
f 2186 2193 2195
f 2187 2200 2184
f 1694 1693 1707
f 1694 1707 1710
f 2200 2194 2184
f 2013 2019 2015
f 2013 2015 2014
f 1979 1971 1980
f 2197 2196 2195
f 2197 2201 2198
f 2202 2200 2189
f 2201 2194 2200
f 2202 2198 2201
f 2199 2198 2202
f 2203 2204 2139
f 2233 2206 2236
f 2117 2205 2211
f 2239 2238 2115
f 2117 2116 2205
f 2117 2211 2119
f 2205 2116 2209
f 2272 2276 2274
f 2211 2210 2119
f 2208 2123 2207
f 2420 2423 2432
f 2214 2242 2213
f 2367 2365 2366
f 2214 2124 2123
f 2214 2123 2208
f 2214 2208 2242
f 2131 2135 2250
f 2218 2131 2250
f 2111 2224 2220
f 2251 2250 2135
f 2219 2218 2250
f 2223 2251 2135
f 2254 2222 2136
f 2225 2224 2191
f 2225 2227 2224
f 2191 2224 2111
f 2228 2225 2220
f 2225 2228 2227
f 2228 2220 2221
f 2230 2223 2229
f 2233 2236 2232
f 2240 2205 2209
f 2206 2233 2235
f 2271 2297 2296
f 2235 2262 2207
f 2235 2233 2234
f 2260 2234 2233
f 2219 2250 2217
f 2219 2217 2244
f 2207 2206 2235
f 2243 2208 2262
f 2239 2264 2238
f 2448 2398 2394
f 2448 2394 2400
f 2423 2476 2472
f 2211 2241 2265
f 2240 2211 2205
f 2352 2355 2406
f 1817 1818 1793
f 1913 1915 1914
f 1913 1914 1895
f 2242 2263 2236
f 2208 2243 2242
f 2245 2282 2271
f 2248 2247 2246
f 2278 2219 2244
f 2226 2257 2252
f 2254 2136 2219
f 2223 2255 2251
f 2223 2254 2255
f 2227 2228 2257
f 2228 2258 2257
f 2237 2259 2261
f 1929 1903 1909
f 2237 2261 2292
f 2201 2197 2195
f 2201 2195 2194
f 2261 2263 2289
f 2242 2243 2262
f 2242 2262 2263
f 2263 2262 2293
f 2265 2264 2239
f 2288 2238 2266
f 2265 2241 2295
f 2265 2295 2266
f 2296 2322 2309
f 2244 2268 2267
f 2269 2270 2267
f 1798 1795 1799
f 2296 2245 2271
f 2272 2248 2273
f 2272 2273 2275
f 2274 2276 2269
f 2129 2131 2130
f 1906 1921 1938
f 1906 1938 1888
f 2278 2270 2277
f 2279 2277 2275
f 2280 2278 2302
f 2273 2284 2279
f 2280 2256 2219
f 2269 2277 2270
f 2309 2282 2245
f 2309 2245 2296
f 2285 2256 2280
f 2281 2285 2280
f 2257 2283 2252
f 2253 2245 2282
f 2257 2287 2311
f 2258 2286 2257
f 2292 2261 2289
f 2316 2291 2294
f 2246 2250 2251
f 2334 2203 2331
f 2292 2291 2290
f 2289 2291 2292
f 2291 2316 2290
f 2262 2237 2293
f 2293 2237 2292
f 1902 1895 1914
f 2319 2293 2292
f 2293 2318 2294
f 2294 2291 2293
f 2297 2271 2298
f 2321 2298 2299
f 2320 2299 2298
f 2129 2130 2128
f 1940 1927 1943
f 2303 2301 2279
f 2284 2285 2310
f 2278 2244 2270
f 2305 2304 2303
f 2368 2367 2366
f 2315 2283 2308
f 2305 2310 2307
f 2305 2303 2284
f 2310 2285 2281
f 2200 2187 2189
f 2287 2314 2312
f 1777 1778 1770
f 1931 1932 1929
f 2287 2312 2311
f 1795 1798 1821
f 2294 2318 2317
f 2318 2319 2317
f 2322 2321 2299
f 2325 2326 2323
f 2325 2323 2324
f 2322 2300 2321
f 2323 2315 2324
f 2324 2311 2325
f 2312 2314 2328
f 2327 2328 2329
f 2328 2327 2312
f 1989 1987 2002
f 1989 2002 2000
f 2325 2327 2326
f 2231 2230 2332
f 2331 2332 2334
f 1831 1830 1829
f 1952 1950 1954
f 2203 2334 2333
f 2335 2340 2337
f 2335 2337 2336
f 1900 1882 1895
f 1900 1895 1902
f 2343 2346 2340
f 2335 2336 2345
f 2341 2335 2370
f 2345 2370 2335
f 2336 2347 2345
f 2347 2339 2345
f 2346 2347 2338
f 1788 1811 1813
f 2344 2377 2348
f 1967 1968 1979
f 1967 1979 1976
f 2344 2350 2377
f 2360 2359 2358
f 2377 2349 2348
f 2356 2353 2355
f 2357 2353 2356
f 2145 2149 2144
f 2356 2355 2352
f 1824 1854 1855
f 1824 1855 1856
f 1887 1919 1904
f 2364 2363 2385
f 1771 1770 1778
f 1851 1810 1852
f 1851 1852 1949
f 1952 1954 1956
f 2365 2387 2363
f 1839 1816 1837
f 2367 2432 2387
f 2371 2368 2369
f 2370 2371 2369
f 2361 2370 2369
f 2376 2420 2372
f 2409 2407 2411
f 1845 1841 1844
f 2378 2350 2344
f 2349 2372 2347
f 2375 2378 2342
f 2374 2376 2349
f 1808 1762 1765
f 2344 2342 2378
f 1903 1919 1918
f 2379 2374 2349
f 1989 1978 1987
f 2381 2378 2375
f 2382 2378 2381
f 2385 2363 2384
f 2384 2445 2385
f 2363 2387 2384
f 1785 1786 1784
f 2387 2386 2384
f 2383 2389 2390
f 2388 2435 2374
f 2383 2388 2379
f 2390 2388 2383
f 2165 2178 2082
f 2389 2392 2390
f 2394 2390 2391
f 2388 2390 2394
f 2388 2394 2398
f 2394 2391 2393
f 2393 2395 2394
f 2399 2394 2395
f 2395 2393 2396
f 2400 2394 2399
f 2404 2399 2395
f 2403 2410 2401
f 2395 2396 2402
f 2395 2402 2403
f 2410 2403 2402
f 2306 2307 2281
f 2408 2352 2406
f 2428 2414 2385
f 2408 2497 2352
f 2401 2407 2409
f 2408 2407 2401
f 2401 2410 2501
f 2401 2501 2408
f 2351 2503 2411
f 2501 2497 2408
f 2409 2411 2404
f 2405 2404 2411
f 2412 2465 2411
f 2364 2385 2414
f 1875 1877 1853
f 2416 2413 2414
f 2416 2417 2413
f 2413 2417 2419
f 2418 2413 2419
f 2468 2419 2417
f 2373 2366 2421
f 2045 2062 2053
f 2422 2361 2373
f 2425 2361 2422
f 1956 1954 1955
f 2422 2421 2474
f 2381 2424 2380
f 2483 2424 2425
f 2445 2428 2385
f 2426 2430 2427
f 2431 2414 2428
f 2430 2431 2428
f 2429 2387 2432
f 2433 2429 2432
f 2376 2435 2434
f 2434 2436 2423
f 2437 2434 2435
f 2440 2389 2380
f 2443 2441 2398
f 2442 2440 2438
f 2391 2440 2449
f 2391 2449 2393
f 2441 2442 2439
f 1696 1698 1688
f 2426 2397 2445
f 2447 2445 2397
f 1704 1706 1705
f 2363 2364 2362
f 2446 2426 2427
f 2430 2446 2427
f 2492 2446 2430
f 2402 2396 2449
f 2448 2459 2451
f 2448 2451 2450
f 2449 2450 2453
f 2449 2453 2452
f 2450 2443 2448
f 2452 2454 2449
f 2451 2453 2450
f 2455 2461 2454
f 1801 1831 1800
f 2455 2452 2453
f 2454 2410 2402
f 2251 2248 2246
f 2454 2402 2449
f 2405 2459 2404
f 2454 2458 2410
f 2451 2459 2460
f 2451 2460 2455
f 2462 2460 2459
f 2461 2462 2458
f 2460 2462 2461
f 2411 2465 2466
f 2411 2466 2405
f 2463 2466 2465
f 2464 2463 2465
f 1978 1981 1990
f 2405 2466 2462
f 2471 2468 2472
f 2469 2418 2467
f 2470 2469 2467
f 2474 2475 2478
f 1929 1944 1931
f 2472 2473 2488
f 2475 2469 2473
f 2477 2476 2423
f 2476 2475 2472
f 2473 2472 2475
f 1667 1665 1666
f 1810 1812 1814
f 1810 1814 1815
f 2480 2481 2483
f 2423 2479 2477
f 2481 2480 2478
f 2479 2481 2478
f 2482 2481 2479
f 2482 2484 2483
f 2486 2487 2495
f 2489 2436 2437
f 2436 2482 2479
f 2440 2483 2484
f 2489 2484 2482
f 2491 2428 2490
f 2491 2430 2428
f 2446 2490 2457
f 2129 2216 2131
f 2496 2486 2495
f 2496 2470 2486
f 2033 2051 2036
f 2033 2036 2035
f 2493 2496 2488
f 2493 2488 2494
f 2495 2487 2485
f 2495 2485 2488
f 2495 2488 2496
f 2356 2499 2354
f 2488 2473 2494
f 2499 2356 2352
f 2498 2358 2354
f 2498 2354 2499
f 2502 2498 2500
f 2503 2360 2358
f 2503 2358 2502
f 2503 2412 2411
f 2412 2503 2502
f 2412 2502 2504
f 2498 2502 2358
f 2504 2502 2500
f 1147 1151 1145
f 1147 1145 1148
f 1149 1150 1144
f 1149 1144 1146
f 1154 1156 1197
f 1197 1156 1199
f 1175 1176 1213
f 1213 1176 1215
f 1195 1196 1194
f 1224 1194 1190
f 1222 1190 1220
f 1186 1220 1187
f 1185 1220 1183
f 1158 1200 1199
f 1158 1199 1156
f 1218 1182 1217
f 1213 1214 1212
f 1174 1212 1211
f 1173 1211 1172
f 1209 1172 1167
f 1207 1167 1206
f 1163 1206 1165
f 1205 1206 1162
f 1202 1161 1201
f 1198 1157 1155
f 1197 1198 1153
f 1152 1153 1196
f 1159 1202 1200
f 1159 1200 1158
f 1205 1204 1164
f 1207 1164 1166
f 1207 1166 1168
f 1208 1207 1168
f 1208 1168 1170
f 1209 1208 1170
f 1209 1170 1171
f 1210 1209 1171
f 1173 1210 1171
f 1179 1216 1215
f 1179 1215 1176
f 1181 1218 1216
f 1181 1216 1179
f 1184 1219 1218
f 1222 1221 1188
f 1222 1188 1189
f 1223 1222 1189
f 1223 1189 1191
f 1224 1223 1191
f 1224 1191 1193
f 1225 1224 1193
f 1195 1225 1193
f 1190 1187 1220
f 1225 1195 1194
f 1224 1225 1194
f 1192 1190 1194
f 1223 1224 1190
f 1222 1223 1190
f 1220 1186 1183
f 1221 1222 1220
f 1185 1221 1220
f 1180 1178 1217
f 1180 1217 1182
f 1184 1185 1183
f 1182 1184 1183
f 1219 1184 1182
f 1218 1219 1182
f 1178 1177 1214
f 1178 1214 1217
f 1216 1218 1217
f 1217 1214 1215
f 1217 1215 1216
f 1177 1212 1214
f 1213 1215 1214
f 1175 1213 1212
f 1174 1175 1212
f 1173 1174 1211
f 1172 1169 1167
f 1210 1173 1172
f 1209 1210 1172
f 1167 1165 1206
f 1208 1209 1167
f 1207 1208 1167
f 1206 1163 1162
f 1164 1207 1206
f 1205 1164 1206
f 1160 1157 1201
f 1160 1201 1161
f 1204 1205 1162
f 1161 1204 1162
f 1203 1204 1161
f 1202 1203 1161
f 1201 1198 1199
f 1201 1199 1200
f 1200 1202 1201
f 1198 1201 1157
f 1197 1199 1198
f 1153 1198 1155
f 1154 1197 1153
f 1152 1154 1153
f 1195 1152 1196
f 1146 1149 1148
f 1146 1148 1147
f 1 3 2
f 2 3 1
f 3 5 4
f 4 5 3
f 7 6 4
f 5 7 4
f 5 4 10
f 5 10 7
f 4 6 10
f 10 8 7
f 7 9 6
f 6 9 10
f 7 8 9
f 8 12 9
f 10 12 8
f 9 13 10
f 12 14 9
f 9 11 13
f 14 11 9
f 10 13 12
f 12 15 14
f 12 13 15
f 11 15 13
f 14 18 11
f 11 18 15
f 15 18 14
f 14 16 18
f 18 17 14
f 14 19 16
f 21 23 20
f 22 23 21
f 20 23 22
f 22 24 23
f 24 22 23
f 24 25 22
f 22 25 24
f 29 26 25
f 25 27 29
f 25 28 27
f 26 28 25
f 28 29 27
f 32 30 26
f 29 32 26
f 26 30 28
f 31 32 29
f 29 28 31
f 30 31 28
f 31 30 32
f 30 33 32
f 32 33 30
f 33 34 30
f 30 34 33
f 33 37 34
f 34 37 33
f 37 35 34
f 34 36 37
f 35 36 34
f 36 38 37
f 38 39 37
f 39 38 36
f 35 39 36
f 37 39 35
f 39 40 38
f 39 41 40
f 39 38 41
f 38 40 41
f 41 43 40
f 40 42 41
f 45 42 40
f 43 45 40
f 42 44 41
f 44 43 41
f 43 46 45
f 44 46 43
f 42 45 44
f 45 46 44
f 45 48 46
f 45 46 47
f 51 49 50
f 53 52 49
f 52 53 49
f 53 54 55
f 52 54 53
f 53 55 52
f 54 56 55
f 55 58 52
f 56 58 55
f 54 57 56
f 52 57 54
f 52 58 57
f 57 58 56
f 58 59 57
f 58 62 59
f 59 58 57
f 58 61 62
f 59 61 58
f 59 63 61
f 60 63 59
f 59 62 60
f 62 63 60
f 63 62 61
f 62 64 63
f 64 65 63
f 63 64 62
f 65 66 63
f 63 66 64
f 66 65 64
f 65 67 66
f 67 68 66
f 67 65 68
f 66 69 65
f 68 69 66
f 65 69 68
f 68 70 69
f 71 70 68
f 69 71 68
f 70 71 69
f 71 72 70
f 70 73 71
f 71 73 74
f 71 75 72
f 70 72 73
f 74 75 71
f 72 74 73
f 75 74 72
f 74 76 75
f 76 77 75
f 75 78 74
f 80 84 79
f 81 80 79
f 79 84 81
f 81 84 80
f 84 82 81
f 81 82 84
f 82 83 84
f 84 85 86
f 82 84 83
f 84 83 85
f 84 87 83
f 84 86 87
f 85 83 86
f 86 83 88
f 87 88 83
f 86 88 87
f 88 87 89
f 88 90 87
f 88 89 91
f 87 91 89
f 88 91 90
f 87 90 91
f 92 93 91
f 91 94 92
f 91 93 94
f 94 93 92
f 93 95 96
f 93 96 95
f 98 97 96
f 97 98 96
f 98 99 97
f 97 100 98
f 100 101 98
f 99 100 97
f 99 101 100
f 98 101 99
f 100 102 101
f 101 103 100
f 103 102 100
f 106 105 104
f 104 105 106
f 108 110 105
f 107 109 105
f 109 108 105
f 105 109 107
f 105 110 109
f 110 108 109
f 110 111 108
f 108 111 110
f 110 112 111
f 113 112 110
f 111 113 110
f 114 116 115
f 114 119 116
f 117 119 114
f 115 117 114
f 118 115 116
f 119 118 116
f 115 118 117
f 118 119 117
f 119 120 118
f 122 123 121
f 123 124 121
f 123 125 124
f 121 125 123
f 125 126 124
f 121 124 125
f 124 126 125
f 124 127 126
f 129 130 128
f 129 128 130
f 130 131 128
f 128 131 130
f 134 132 131
f 131 132 134
f 132 134 133
f 132 135 134
f 133 137 136
f 133 136 132
f 134 137 133
f 135 137 134
f 137 138 136
f 135 136 137
f 132 136 135
f 136 139 137
f 141 142 140
f 140 142 141
f 142 144 143
f 142 145 144
f 143 145 142
f 146 147 149
f 149 148 146
f 148 151 146
f 147 151 149
f 146 151 147
f 149 151 148
f 148 152 151
f 150 153 151
f 151 152 150
f 148 155 152
f 153 148 151
f 152 154 150
f 156 159 157
f 157 158 156
f 159 161 157
f 157 161 158
f 158 161 156
f 159 160 161
f 160 162 161
f 156 160 159
f 156 161 160
f 161 162 160
f 163 164 160
f 166 171 170
f 168 174 167
f 165 175 169
f 167 171 166
f 174 172 167
f 169 174 168
f 169 175 174
f 170 173 165
f 167 172 171
f 165 173 175
f 170 177 173
f 171 178 170
f 172 176 171
f 175 180 174
f 173 180 175
f 174 179 172
f 182 2968 181
f 183 189 193
f 2973 189 183
f 184 194 2973
f 187 194 184
f 188 187 184
f 193 188 185
f 2973 190 189
f 194 190 2973
f 189 191 193
f 187 192 194
f 188 192 187
f 188 200 192
f 189 195 191
f 190 195 189
f 190 205 195
f 190 216 205
f 194 216 190
f 191 197 193
f 188 196 200
f 193 197 196
f 193 196 188
f 191 198 197
f 198 203 197
f 195 199 198
f 195 198 191
f 196 202 201
f 196 201 200
f 197 203 202
f 197 202 196
f 198 204 203
f 204 209 203
f 199 213 204
f 199 204 198
f 195 213 199
f 200 206 192
f 201 207 206
f 201 206 200
f 202 208 201
f 208 207 201
f 203 209 208
f 203 208 202
f 204 210 209
f 213 210 204
f 194 211 216
f 192 211 194
f 206 214 192
f 207 214 206
f 208 212 207
f 212 214 207
f 209 210 212
f 209 212 208
f 212 217 214
f 210 217 212
f 195 205 213
f 216 215 205
f 211 219 216
f 205 215 213
f 216 220 215
f 219 220 216
f 192 223 211
f 214 223 192
f 213 221 210
f 215 221 213
f 210 221 217
f 214 218 223
f 217 218 214
f 215 222 221
f 223 219 211
f 221 230 217
f 220 222 215
f 222 227 221
f 217 224 218
f 230 224 217
f 221 227 230
f 220 225 222
f 222 225 227
f 219 226 220
f 223 226 219
f 218 228 223
f 220 226 225
f 227 233 230
f 224 228 218
f 223 228 226
f 225 233 227
f 226 229 225
f 228 232 226
f 225 229 233
f 228 234 232
f 231 234 228
f 236 237 245
f 244 235 243
f 241 242 240
f 245 246 235
f 238 246 237
f 240 238 239
f 243 2989 242
f 249 252 247
f 247 251 248
f 248 253 249
f 251 253 248
f 247 254 251
f 252 254 247
f 249 254 252
f 250 254 249
f 249 255 250
f 253 251 249
f 251 256 249
f 254 258 251
f 250 258 254
f 249 256 255
f 255 258 250
f 251 259 256
f 258 257 251
f 251 257 259
f 256 258 255
f 259 260 256
f 258 261 257
f 256 260 258
f 260 262 258
f 257 263 259
f 258 262 261
f 260 259 262
f 261 263 257
f 259 266 262
f 263 264 259
f 261 265 263
f 262 265 261
f 265 264 263
f 264 266 259
f 262 267 265
f 266 267 262
f 265 269 264
f 267 266 265
f 266 268 265
f 265 268 269
f 264 268 266
f 264 269 268
f 268 273 269
f 269 270 268
f 270 273 268
f 269 272 270
f 271 272 269
f 269 273 271
f 272 273 270
f 273 274 271
f 272 276 273
f 271 274 272
f 276 278 273
f 272 274 276
f 273 275 274
f 278 275 273
f 274 279 276
f 275 278 274
f 276 280 278
f 277 279 274
f 278 281 274
f 280 282 278
f 279 280 276
f 274 281 277
f 277 280 279
f 278 283 281
f 278 282 283
f 282 287 283
f 286 282 280
f 277 281 280
f 282 286 287
f 283 284 281
f 281 284 280
f 287 285 283
f 286 288 287
f 280 288 286
f 280 284 288
f 283 289 284
f 285 290 283
f 285 287 290
f 290 289 283
f 289 288 284
f 291 293 288
f 287 288 290
f 289 291 288
f 293 292 288
f 289 294 291
f 290 294 289
f 292 290 288
f 292 296 290
f 291 295 293
f 297 295 291
f 290 296 294
f 294 297 291
f 293 296 292
f 294 296 297
f 293 295 296
f 297 298 295
f 295 300 299
f 298 300 295
f 299 297 296
f 295 299 296
f 299 298 297
f 300 302 299
f 298 301 300
f 299 306 298
f 301 303 300
f 298 303 301
f 299 304 306
f 302 304 299
f 298 306 303
f 302 300 304
f 303 307 300
f 300 307 304
f 304 307 306
f 306 305 303
f 307 305 306
f 303 310 307
f 303 305 310
f 307 308 305
f 305 308 310
f 307 309 308
f 310 309 307
f 309 311 308
f 310 308 312
f 311 313 308
f 310 312 309
f 308 313 312
f 313 316 312
f 309 314 311
f 312 315 309
f 311 314 313
f 316 315 312
f 314 316 313
f 315 318 309
f 309 318 314
f 316 318 315
f 318 317 314
f 318 316 320
f 314 319 316
f 317 319 314
f 318 320 317
f 319 317 316
f 317 320 316
f 320 321 324
f 322 325 320
f 320 323 322
f 324 323 320
f 326 330 329
f 327 328 326
f 326 328 330
f 330 332 328
f 328 331 330
f 328 332 331
f 331 332 330
f 332 334 328
f 328 334 332
f 330 333 332
f 332 333 330
f 332 335 336
f 334 335 332
f 332 336 334
f 336 338 334
f 335 337 336
f 335 339 337
f 334 340 335
f 340 341 335
f 334 338 340
f 335 344 339
f 341 344 335
f 337 342 336
f 342 345 336
f 345 343 336
f 348 351 347
f 346 347 350
f 349 351 348
f 350 354 349
f 347 354 350
f 351 352 347
f 349 353 351
f 354 353 349
f 347 352 354
f 353 354 351
f 351 354 352
f 354 355 351
f 351 355 354
f 355 357 354
f 354 356 355
f 354 357 356
f 355 359 357
f 356 360 355
f 358 359 355
f 360 358 355
f 356 357 361
f 360 363 358
f 356 361 360
f 358 357 359
f 358 362 357
f 357 362 361
f 363 364 358
f 361 363 360
f 362 366 361
f 366 367 361
f 358 365 362
f 364 365 358
f 367 363 361
f 365 366 362
f 364 368 365
f 363 368 364
f 363 367 368
f 366 372 367
f 365 372 366
f 369 372 365
f 367 370 368
f 365 368 369
f 372 370 367
f 369 374 372
f 370 373 368
f 368 374 369
f 372 371 370
f 372 374 371
f 373 374 368
f 370 371 373
f 373 375 374
f 374 375 371
f 371 378 373
f 371 379 378
f 371 377 379
f 375 377 371
f 373 378 375
f 376 377 375
f 378 381 375
f 379 376 378
f 377 376 379
f 375 380 376
f 381 380 375
f 376 381 378
f 380 383 376
f 376 382 381
f 381 382 380
f 383 386 376
f 380 387 383
f 376 385 382
f 382 384 380
f 386 385 376
f 380 384 387
f 382 387 384
f 387 386 383
f 382 385 387
f 386 389 385
f 387 388 386
f 387 390 388
f 385 389 387
f 388 390 386
f 387 391 390
f 389 391 387
f 386 392 389
f 389 392 391
f 392 394 391
f 386 390 392
f 391 393 390
f 391 394 393
f 390 393 392
f 394 395 393
f 392 396 394
f 393 396 392
f 395 398 393
f 394 400 395
f 393 398 396
f 394 396 400
f 398 397 396
f 400 398 395
f 396 399 400
f 397 399 396
f 400 401 398
f 399 401 400
f 397 403 399
f 403 402 399
f 398 402 397
f 401 402 398
f 399 402 401
f 397 402 403
f 401 405 402
f 402 404 401
f 402 407 406
f 405 407 402
f 404 406 401
f 401 406 405
f 402 406 404
f 407 405 406
f 406 408 405
f 406 405 410
f 408 409 405
f 409 411 405
f 406 410 408
f 405 412 410
f 405 411 412
f 408 413 415
f 410 413 408
f 415 409 408
f 410 412 413
f 415 411 409
f 411 414 412
f 412 414 413
f 411 415 418
f 414 416 413
f 411 418 414
f 415 417 418
f 413 416 415
f 415 416 417
f 417 421 418
f 418 421 419
f 416 421 417
f 418 420 414
f 420 416 414
f 420 422 416
f 416 423 421
f 422 423 416
f 424 425 430
f 429 426 425
f 425 431 430
f 427 428 426
f 426 435 425
f 425 435 431
f 428 435 426
f 430 434 428
f 431 434 430
f 434 433 428
f 428 432 435
f 428 433 432
f 432 441 435
f 435 436 431
f 441 436 435
f 431 437 434
f 434 432 433
f 434 437 432
f 431 438 437
f 436 438 431
f 437 440 432
f 432 439 441
f 432 440 439
f 436 437 438
f 436 441 437
f 437 442 440
f 441 442 437
f 439 442 441
f 442 439 440
f 442 444 439
f 439 443 442
f 444 443 439
f 442 443 444
f 443 447 449
f 443 445 447
f 444 445 443
f 443 446 444
f 449 446 443
f 446 448 444
f 444 448 445
f 446 449 448
f 448 447 445
f 447 450 449
f 449 450 448
f 448 451 447
f 447 452 450
f 450 451 448
f 451 452 447
f 450 453 451
f 452 451 450
f 450 454 453
f 450 456 454
f 451 456 450
f 453 454 451
f 451 458 456
f 451 454 458
f 459 457 454
f 454 457 458
f 456 455 454
f 454 455 459
f 458 460 456
f 455 461 459
f 465 468 464
f 463 464 462
f 462 466 467
f 466 468 465
f 464 470 462
f 468 471 464
f 471 470 464
f 466 471 468
f 462 470 466
f 466 469 471
f 470 469 466
f 471 474 470
f 469 472 471
f 469 473 472
f 470 473 469
f 472 476 471
f 474 473 470
f 476 474 471
f 473 476 472
f 476 475 474
f 475 477 474
f 478 480 476
f 473 479 476
f 475 476 477
f 476 481 478
f 479 481 476
f 486 488 483
f 484 489 486
f 485 489 484
f 487 489 485
f 487 482 489
f 489 488 486
f 482 490 489
f 483 490 482
f 483 488 490
f 490 492 489
f 489 493 488
f 491 493 489
f 488 492 490
f 489 492 491
f 493 494 488
f 488 494 495
f 491 492 493
f 488 495 492
f 495 496 492
f 496 497 492
f 492 497 493
f 494 498 495
f 493 497 494
f 497 499 494
f 499 500 494
f 495 501 496
f 498 501 495
f 502 503 505
f 505 504 502
f 502 504 503
f 504 505 503
f 506 505 503
f 505 506 503
f 505 507 506
f 506 508 505
f 505 510 507
f 507 509 506
f 508 510 505
f 506 509 508
f 510 513 507
f 509 511 508
f 508 511 510
f 507 512 509
f 513 512 507
f 510 516 513
f 511 515 510
f 512 514 509
f 509 517 511
f 514 517 509
f 512 513 514
f 515 516 510
f 513 517 514
f 516 518 513
f 513 518 517
f 516 519 518
f 518 519 517
f 520 519 516
f 519 511 517
f 515 521 516
f 511 521 515
f 519 521 511
f 516 524 520
f 521 524 516
f 519 522 521
f 519 523 522
f 520 524 519
f 519 524 523
f 523 525 522
f 522 526 521
f 525 526 522
f 524 528 523
f 528 524 521
f 526 525 521
f 525 527 521
f 528 525 523
f 521 527 528
f 525 530 527
f 527 529 528
f 528 531 525
f 525 531 530
f 528 529 531
f 530 532 527
f 531 529 530
f 529 534 530
f 532 529 527
f 534 533 530
f 533 535 530
f 532 534 529
f 530 535 532
f 534 536 533
f 532 535 534
f 535 536 534
f 533 536 535
f 536 537 535
f 535 538 536
f 537 538 535
f 536 538 537
f 537 540 538
f 537 538 540
f 540 542 539
f 539 541 540
f 540 541 544
f 540 544 542
f 542 543 539
f 539 543 541
f 543 544 541
f 544 543 542
f 544 546 543
f 543 545 544
f 546 547 543
f 544 545 546
f 548 552 550
f 549 552 548
f 550 552 549
f 551 553 548
f 552 551 548
f 548 553 552
f 553 551 552
f 551 554 552
f 552 555 551
f 554 555 552
f 555 554 551
f 554 556 555
f 556 557 555
f 555 557 554
f 557 559 554
f 556 558 557
f 554 559 556
f 559 562 556
f 562 558 556
f 557 560 559
f 559 560 562
f 562 561 558
f 557 563 560
f 561 564 558
f 562 564 561
f 560 565 562
f 558 563 557
f 558 568 563
f 564 568 558
f 565 572 562
f 563 565 560
f 562 566 564
f 572 566 562
f 563 567 565
f 563 568 567
f 567 569 565
f 565 569 572
f 568 570 567
f 567 571 569
f 570 571 567
f 564 566 568
f 571 570 569
f 568 566 570
f 570 574 569
f 566 573 570
f 572 573 566
f 569 574 572
f 570 573 574
f 574 573 572
f 574 575 573
f 573 576 574
f 576 575 574
f 573 577 576
f 575 577 573
f 576 577 578
f 576 578 575
f 578 580 575
f 577 579 578
f 580 577 575
f 579 580 578
f 577 580 579
f 579 581 580
f 580 582 579
f 581 582 580
f 582 585 579
f 579 585 581
f 582 584 585
f 583 584 582
f 582 586 583
f 585 582 581
f 582 585 586
f 588 586 585
f 584 588 585
f 586 584 583
f 586 587 584
f 584 587 588
f 586 589 587
f 588 589 586
f 587 592 588
f 587 591 592
f 588 590 589
f 592 593 588
f 596 600 595
f 597 599 596
f 598 594 597
f 595 601 594
f 599 600 596
f 597 600 599
f 594 601 597
f 595 600 601
f 601 600 597
f 601 604 600
f 600 602 601
f 603 606 600
f 602 604 601
f 600 604 602
f 600 605 603
f 600 606 604
f 604 605 600
f 604 607 605
f 603 608 606
f 606 610 604
f 606 608 610
f 605 607 603
f 607 609 603
f 603 609 608
f 610 611 604
f 607 612 609
f 611 614 604
f 608 613 610
f 604 614 607
f 614 615 607
f 621 620 616
f 620 618 619
f 617 622 621
f 620 624 618
f 621 622 620
f 622 624 620
f 617 623 622
f 618 624 617
f 622 623 624
f 617 624 623
f 623 629 624
f 624 626 625
f 624 629 623
f 624 627 626
f 629 627 624
f 624 628 629
f 625 628 624
f 625 626 628
f 627 629 626
f 629 630 626
f 630 628 626
f 628 631 629
f 630 631 628
f 629 632 630
f 629 633 632
f 631 633 629
f 632 634 630
f 630 635 631
f 634 636 630
f 630 637 635
f 636 638 630
f 641 645 640
f 644 639 643
f 640 646 639
f 639 649 643
f 645 646 640
f 646 649 639
f 645 648 646
f 642 647 645
f 643 647 642
f 647 648 645
f 649 647 643
f 647 650 648
f 649 651 647
f 646 651 649
f 648 653 646
f 650 653 648
f 651 652 647
f 652 650 647
f 646 655 651
f 653 654 646
f 654 655 646
f 655 652 651
f 650 654 653
f 654 656 655
f 655 650 652
f 655 656 658
f 655 658 650
f 650 656 654
f 650 658 656
f 657 658 656
f 656 659 657
f 657 659 658
f 658 662 656
f 660 662 658
f 659 660 658
f 659 661 660
f 656 662 659
f 662 664 659
f 663 666 659
f 664 663 659
f 660 664 662
f 659 666 661
f 661 666 660
f 666 665 660
f 665 668 660
f 660 668 664
f 664 666 663
f 664 667 666
f 664 668 667
f 668 670 667
f 667 671 666
f 666 669 665
f 667 670 671
f 665 670 668
f 666 671 669
f 665 669 670
f 670 673 671
f 672 673 670
f 673 674 671
f 671 674 669
f 672 675 673
f 670 675 672
f 669 674 670
f 673 676 674
f 670 674 675
f 676 678 674
f 675 676 673
f 679 676 675
f 674 678 677
f 674 680 675
f 677 680 674
f 675 680 679
f 676 681 678
f 678 685 684
f 681 685 678
f 680 682 679
f 678 684 677
f 682 683 679
f 683 686 679
f 684 687 677
f 688 692 693
f 690 688 689
f 692 690 691
f 692 695 690
f 688 694 696
f 688 696 692
f 690 695 688
f 695 694 688
f 692 696 695
f 695 697 694
f 694 697 696
f 696 699 698
f 696 700 695
f 698 700 696
f 704 705 703
f 709 707 704
f 702 709 701
f 705 706 703
f 704 707 705
f 703 706 702
f 702 710 709
f 706 710 702
f 705 708 706
f 707 708 705
f 709 711 707
f 708 714 706
f 707 715 708
f 709 712 711
f 710 712 709
f 711 715 707
f 706 714 710
f 712 713 711
f 710 713 712
f 710 716 713
f 714 717 710
f 717 716 710
f 715 714 708
f 711 718 715
f 715 718 714
f 714 722 717
f 711 719 718
f 713 720 711
f 720 719 711
f 717 721 716
f 724 728 723
f 726 724 725
f 723 728 727
f 727 729 724
f 726 727 724
f 729 728 724
f 723 727 726
f 729 731 728
f 727 730 729
f 728 733 727
f 727 733 730
f 728 731 733
f 729 730 731
f 733 732 730
f 731 730 733
f 730 734 733
f 736 739 737
f 735 738 736
f 737 739 738
f 738 740 736
f 739 740 738
f 740 739 736
f 739 740 741
f 739 741 740
f 742 741 740
f 740 741 742
f 744 743 741
f 741 748 742
f 743 745 741
f 745 746 741
f 747 749 742
f 753 755 754
f 751 753 750
f 751 756 753
f 752 756 751
f 756 755 753
f 752 754 756
f 755 760 754
f 756 759 755
f 759 761 755
f 754 760 758
f 755 757 760
f 761 757 755
f 754 758 756
f 761 760 757
f 756 758 759
f 760 763 758
f 758 763 759
f 761 759 762
f 760 764 763
f 761 762 760
f 762 764 760
f 765 759 763
f 764 765 763
f 762 765 764
f 762 766 765
f 759 766 762
f 759 765 766
f 766 767 765
f 767 768 765
f 765 770 766
f 765 768 770
f 766 770 767
f 768 767 770
f 770 769 767
f 769 772 767
f 770 771 769
f 770 774 771
f 773 775 767
f 772 776 767
f 777 778 781
f 779 783 778
f 780 783 779
f 781 785 782
f 778 785 781
f 778 783 785
f 780 787 783
f 782 784 780
f 784 787 780
f 785 784 782
f 783 787 785
f 785 788 784
f 787 786 785
f 785 787 788
f 786 787 785
f 788 787 784
f 790 789 787
f 787 792 791
f 789 792 787
f 791 790 787
f 789 793 792
f 790 794 789
f 791 792 790
f 789 794 793
f 793 796 792
f 792 794 790
f 792 795 794
f 795 797 794
f 799 800 803
f 801 802 800
f 798 803 802
f 803 804 802
f 800 810 803
f 802 808 800
f 802 804 807
f 810 805 803
f 808 806 800
f 803 807 804
f 807 808 802
f 803 805 807
f 800 806 810
f 810 809 805
f 807 805 808
f 808 811 806
f 806 815 810
f 809 813 805
f 810 815 809
f 808 812 811
f 805 812 808
f 815 814 809
f 811 815 806
f 805 813 812
f 809 816 813
f 809 817 816
f 814 817 809
f 820 823 819
f 821 823 820
f 819 822 818
f 822 824 821
f 823 822 819
f 821 827 823
f 823 825 822
f 827 825 823
f 821 826 827
f 824 826 821
f 824 822 826
f 822 825 826
f 827 830 825
f 825 828 826
f 826 828 827
f 830 828 825
f 827 831 830
f 828 831 827
f 830 829 828
f 828 829 831
f 831 832 830
f 829 833 831
f 832 834 830
f 831 833 832
f 830 833 829
f 830 834 833
f 833 835 832
f 834 832 833
f 832 835 833
f 835 837 832
f 832 836 835
f 837 838 832
f 832 838 836
f 837 835 838
f 835 839 838
f 835 840 839
f 836 841 835
f 839 842 838
f 841 843 835
f 847 849 846
f 845 848 844
f 845 850 848
f 846 850 845
f 848 852 847
f 850 851 848
f 849 850 846
f 848 851 852
f 847 852 849
f 850 849 851
f 851 849 852
f 849 853 851
f 855 854 849
f 854 853 849
f 851 855 849
f 854 855 853
f 855 857 853
f 857 856 853
f 851 858 855
f 860 859 865
f 864 859 860
f 870 864 860
f 859 862 865
f 865 863 869
f 863 871 869
f 903 867 933
f 871 863 910
f 896 859 864
f 861 864 870
f 864 861 896
f 868 865 869
f 862 909 865
f 865 909 863
f 877 869 871
f 872 869 877
f 865 868 870
f 865 870 860
f 869 872 868
f 870 868 866
f 866 868 873
f 877 881 872
f 872 873 868
f 913 876 910
f 861 893 896
f 871 910 876
f 877 871 876
f 875 873 872
f 913 909 879
f 907 874 914
f 923 872 881
f 874 907 914
f 877 876 885
f 878 915 879
f 921 881 877
f 880 885 876
f 921 877 885
f 923 881 921
f 885 919 921
f 876 878 888
f 880 876 888
f 880 888 886
f 880 889 885
f 885 882 920
f 919 885 920
f 882 885 889
f 890 886 888
f 889 880 886
f 891 889 886
f 919 918 922
f 890 891 886
f 918 901 922
f 918 891 901
f 892 891 890
f 893 894 897
f 870 893 861
f 893 895 896
f 894 893 870
f 895 897 896
f 896 898 859
f 893 897 895
f 870 866 894
f 899 896 897
f 898 896 899
f 899 859 898
f 900 875 872
f 923 900 872
f 901 900 923
f 923 922 901
f 883 905 926
f 891 892 908
f 891 908 901
f 901 908 900
f 875 900 908
f 875 908 892
f 913 878 876
f 913 910 911
f 909 913 911
f 910 863 912
f 903 906 912
f 906 867 911
f 906 911 912
f 863 909 911
f 867 903 911
f 863 911 912
f 911 903 912
f 911 910 912
f 907 914 917
f 907 917 916
f 914 907 916
f 913 879 916
f 915 913 916
f 915 916 917
f 879 915 917
f 914 916 917
f 916 879 917
f 878 913 915
f 891 918 889
f 918 919 920
f 889 926 927
f 889 918 926
f 920 882 927
f 905 927 926
f 904 883 927
f 918 920 926
f 882 889 927
f 883 926 927
f 905 904 927
f 919 922 924
f 884 902 924
f 884 924 925
f 921 919 925
f 923 921 925
f 924 922 923
f 923 925 924
f 919 924 925
f 887 884 924
f 902 887 924
f 884 925 924
f 927 926 920
f 931 928 929
f 929 930 931
f 934 929 928
f 934 930 929
f 934 928 931
f 930 932 931
f 931 932 906
f 932 946 906
f 955 931 903
f 906 946 933
f 955 934 931
f 930 944 932
f 903 931 906
f 936 955 903
f 933 867 906
f 903 933 936
f 938 933 946
f 944 930 934
f 932 935 946
f 944 934 955
f 932 944 935
f 952 938 946
f 941 939 938
f 943 944 955
f 907 936 933
f 933 938 907
f 939 907 938
f 937 945 942
f 941 938 952
f 947 952 946
f 943 942 944
f 950 942 940
f 874 907 939
f 948 939 941
f 945 940 942
f 947 946 935
f 950 944 942
f 935 944 950
f 936 907 874
f 949 947 935
f 939 948 937
f 937 948 945
f 935 951 949
f 948 941 952
f 952 947 953
f 945 950 940
f 951 947 949
f 950 945 954
f 945 948 954
f 904 948 952
f 947 951 902
f 950 954 902
f 935 950 902
f 953 883 952
f 902 951 935
f 883 954 948
f 902 884 947
f 887 954 947
f 954 953 947
f 883 953 954
f 887 947 884
f 904 952 883
f 887 902 954
f 904 905 948
f 905 883 948
f 957 943 955
f 959 957 955
f 959 955 956
f 937 942 958
f 1005 962 961
f 963 967 961
f 961 962 965
f 961 968 1005
f 967 966 961
f 966 967 969
f 1006 970 965
f 968 973 1005
f 966 969 968
f 967 964 972
f 969 967 978
f 967 972 978
f 972 964 974
f 971 973 977
f 975 973 968
f 978 981 969
f 969 975 968
f 971 979 1010
f 978 972 974
f 971 977 979
f 969 981 975
f 976 977 973
f 978 974 982
f 975 989 973
f 983 981 978
f 978 982 983
f 981 985 975
f 988 974 980
f 975 985 989
f 982 986 983
f 974 988 982
f 1000 983 1021
f 987 984 976
f 987 976 989
f 988 986 982
f 1026 981 983
f 1021 983 986
f 981 1026 985
f 985 995 989
f 991 995 985
f 986 994 1021
f 985 1026 991
f 992 993 986
f 996 986 993
f 994 986 998
f 995 991 998
f 996 995 998
f 960 963 961
f 961 966 968
f 965 962 1006
f 976 973 989
f 986 988 990
f 986 996 998
f 973 971 999
f 1005 973 999
f 1010 979 970
f 983 1000 1026
f 1003 1002 976
f 989 1003 987
f 976 984 1003
f 1004 995 996
f 1004 1003 995
f 989 995 1003
f 1003 984 987
f 979 1002 1001
f 977 1002 979
f 977 976 1002
f 996 997 1004
f 962 1008 1006
f 1005 999 1007
f 999 971 1010
f 1007 999 1013
f 1011 970 1006
f 970 1011 1010
f 1010 1019 999
f 1019 1013 999
f 1019 1010 1012
f 1013 1017 1007
f 1007 1017 1015
f 1014 1007 1022
f 1011 1016 1020
f 1020 1012 1011
f 1019 1017 1013
f 1019 1027 1017
f 1016 1033 1020
f 1020 1019 1012
f 1019 1020 1027
f 1023 1017 1025
f 1028 1018 1014
f 1037 1030 1018
f 1018 1031 1037
f 1029 1021 994
f 1038 1027 1020
f 1036 1017 1027
f 1028 1014 1022
f 1018 1028 1031
f 1030 1033 1016
f 1030 1032 1033
f 1026 1000 1024
f 1025 1017 1026
f 1038 1020 1033
f 1025 1026 1024
f 1024 1023 1025
f 1038 1036 1027
f 1017 991 1026
f 1033 1029 994
f 1035 1024 1029
f 1023 1024 1035
f 1031 1028 1023
f 1032 1029 1033
f 1023 1028 1022
f 1035 1031 1023
f 1029 1032 1030
f 1035 1029 1037
f 994 1034 1033
f 1029 1030 1037
f 1038 1033 1034
f 1036 991 1017
f 991 1036 998
f 1036 1038 998
f 1038 1034 994
f 1035 1037 1031
f 1005 1007 962
f 962 1007 1008
f 1006 1008 1009
f 1009 1011 1006
f 1010 1011 1012
f 1007 1015 1022
f 1017 1023 1015
f 1023 1022 1015
f 1021 1029 1024
f 1000 1021 1024
f 998 1038 994
f 1040 1045 1039
f 1040 1048 1045
f 1042 1046 1041
f 1043 1048 1040
f 1041 1049 1043
f 1046 1049 1041
f 1044 1046 1042
f 1045 1044 1042
f 1048 1050 1045
f 1049 1047 1043
f 1045 1052 1044
f 1050 1052 1045
f 1047 1048 1043
f 1047 1050 1048
f 1047 1051 1050
f 1050 1051 1052
f 1054 1052 1051
f 1051 1047 1054
f 1049 1056 1047
f 1054 1055 1052
f 1046 1053 1049
f 1044 1058 1046
f 1052 1058 1044
f 1056 1054 1047
f 1055 1058 1052
f 1053 1056 1049
f 1058 1053 1046
f 1054 1057 1055
f 1227 1230 1226
f 1228 1229 1227
f 1226 1230 1228
f 1227 1234 1230
f 1227 1229 1234
f 1230 1231 1228
f 1234 1233 1230
f 1228 1232 1229
f 1231 1232 1228
f 1229 1232 1234
f 1231 1230 1232
f 1230 1233 1232
f 1234 1235 1233
f 1232 1236 1234
f 1235 1238 1233
f 1236 1235 1234
f 1233 1237 1232
f 1233 1238 1237
f 1235 1239 1238
f 1237 1238 1232
f 1236 1239 1235
f 1232 1240 1236
f 1238 1240 1232
f 1239 1241 1238
f 1236 1240 1239
f 1239 1244 1241
f 1238 1241 1240
f 1240 1242 1239
f 1239 1243 1244
f 1242 1243 1239
f 1241 1242 1240
f 1241 1246 1242
f 1243 1245 1244
f 1242 1245 1243
f 1246 1245 1242
f 1244 1248 1241
f 1245 1249 1244
f 1241 1248 1246
f 1246 1247 1245
f 1247 1249 1245
f 1244 1250 1248
f 1249 1250 1244
f 1247 1246 1249
f 1248 1251 1246
f 1249 1253 1250
f 1246 1252 1249
f 1251 1252 1246
f 1250 1253 1248
f 1252 1253 1249
f 1248 1253 1251
f 1253 1254 1255
f 1251 1256 1252
f 1252 1256 1253
f 1255 1258 1253
f 1253 1258 1251
f 1256 1254 1253
f 1251 1257 1256
f 1257 1259 1256
f 1255 1254 1258
f 1259 1254 1256
f 1251 1258 1257
f 1254 1260 1258
f 1258 1259 1257
f 1260 1264 1258
f 1254 1259 1260
f 1258 1264 1259
f 1264 1262 1259
f 1259 1261 1260
f 1259 1263 1261
f 1262 1263 1259
f 1261 1264 1260
f 1261 1265 1264
f 1262 1266 1263
f 1263 1267 1261
f 1263 1268 1267
f 1272 1274 1269
f 1271 1269 1270
f 1272 1273 1274
f 1270 1273 1272
f 1269 1273 1270
f 1269 1274 1273
f 1273 1274 1276
f 1273 1277 1274
f 1273 1276 1277
f 1274 1275 1276
f 1277 1275 1274
f 1276 1275 1277
f 1275 1281 1277
f 1277 1282 1275
f 1278 1282 1277
f 1281 1278 1277
f 1275 1280 1279
f 1282 1280 1275
f 1283 1288 1287
f 1288 1286 1287
f 1284 1288 1283
f 1285 1286 1284
f 1288 1290 1286
f 1286 1289 1284
f 1284 1290 1288
f 1289 1290 1284
f 1286 1290 1289
f 1290 1291 1289
f 1290 1293 1294
f 1289 1293 1290
f 1290 1292 1291
f 1289 1291 1293
f 1290 1294 1292
f 1292 1294 1291
f 1291 1295 1293
f 1291 1296 1295
f 1294 1293 1291
f 1293 1296 1291
f 1295 1297 1293
f 1296 1299 1295
f 1297 1296 1293
f 1295 1299 1297
f 1299 1298 1297
f 1297 1300 1296
f 1297 1298 1300
f 1296 1300 1299
f 1300 1302 1299
f 1299 1301 1298
f 1298 1302 1300
f 1302 1301 1299
f 1298 1301 1302
f 1301 1305 1302
f 1305 1304 1302
f 1301 1303 1305
f 1304 1301 1302
f 1305 1306 1304
f 1304 1303 1301
f 1304 1307 1303
f 1306 1307 1304
f 1303 1309 1305
f 1305 1309 1306
f 1308 1309 1303
f 1307 1308 1303
f 1309 1310 1306
f 1306 1311 1307
f 1313 1316 1312
f 1314 1317 1315
f 1313 1317 1316
f 1317 1320 1316
f 1316 1320 1314
f 1315 1317 1313
f 1314 1318 1317
f 1318 1319 1317
f 1314 1320 1318
f 1317 1319 1320
f 1320 1319 1324
f 1318 1321 1319
f 1319 1321 1324
f 1320 1321 1318
f 1320 1322 1321
f 1321 1323 1324
f 1321 1322 1323
f 1324 1325 1320
f 1325 1322 1320
f 1326 1328 1324
f 1325 1323 1322
f 1323 1327 1324
f 1331 1333 1332
f 1332 1333 1329
f 1332 1329 1330
f 1329 1333 1331
f 1333 1334 1329
f 1336 1335 1329
f 1334 1336 1329
f 1329 1334 1333
f 1329 1335 1334
f 1335 1337 1334
f 1337 1340 1334
f 1334 1335 1336
f 1334 1340 1335
f 1340 1342 1335
f 1335 1342 1337
f 1337 1339 1340
f 1341 1343 1340
f 1337 1344 1338
f 1342 1344 1337
f 1346 1351 1350
f 1345 1352 1349
f 1348 1349 1347
f 1347 1351 1346
f 1345 1350 1352
f 1351 1353 1350
f 1349 1352 1347
f 1353 1352 1350
f 1352 1354 1347
f 1354 1355 1347
f 1347 1356 1351
f 1353 1359 1352
f 1351 1359 1353
f 1347 1357 1356
f 1355 1357 1347
f 1352 1355 1354
f 1352 1359 1355
f 1351 1356 1359
f 1355 1358 1357
f 1359 1358 1355
f 1357 1359 1356
f 1359 1361 1358
f 1359 1360 1361
f 1358 1361 1357
f 1361 1363 1357
f 1357 1363 1359
f 1359 1366 1360
f 1360 1363 1361
f 1363 1366 1359
f 1360 1362 1363
f 1363 1362 1367
f 1360 1364 1362
f 1360 1365 1364
f 1366 1365 1360
f 2507 2506 2505
f 2507 2505 2506
f 2507 2506 2509
f 2506 2511 2509
f 2507 2511 2506
f 2507 2509 2511
f 2511 2508 2509
f 2511 2509 2510
f 2509 2508 2510
f 2538 2508 2511
f 2510 2524 2511
f 2508 2518 2510
f 2538 2511 2524
f 2522 2516 2518
f 2521 2515 2514
f 2530 2512 2513
f 2512 2531 2513
f 2525 2513 2535
f 2523 2513 2525
f 2538 2524 2517
f 2538 2520 2518
f 2538 2518 2508
f 2530 2519 2512
f 2515 2512 2519
f 2531 2512 2600
f 2510 2518 2513
f 2518 2516 2524
f 2518 2524 2513
f 2522 2541 2516
f 2518 2527 2522
f 2515 2598 2512
f 2510 2513 2524
f 2516 2541 2524
f 2538 2517 2529
f 2534 2598 2521
f 2598 2515 2521
f 2530 2513 2523
f 2531 2535 2513
f 2527 2541 2522
f 2545 2518 2520
f 2515 2519 2530
f 2515 2530 2514
f 2534 2521 2514
f 2550 2538 2529
f 2538 2545 2520
f 2523 2525 2539
f 2539 2599 2523
f 2599 2530 2523
f 2528 2542 2541
f 2524 2541 2553
f 2525 2535 2546
f 2549 2541 2527
f 2549 2527 2518
f 2549 2528 2541
f 2540 2536 2529
f 2533 2514 2530
f 2533 2530 2599
f 2596 2534 2514
f 2556 2531 2601
f 2561 2532 2526
f 2532 2561 2537
f 2537 2542 2528
f 2548 2525 2554
f 2528 2543 2537
f 2539 2525 2548
f 2545 2538 2550
f 2535 2531 2556
f 2553 2541 2542
f 2535 2547 2564
f 2564 2546 2535
f 2543 2536 2532
f 2549 2518 2545
f 2549 2544 2528
f 2560 2529 2536
f 2525 2546 2554
f 2536 2543 2557
f 2560 2536 2557
f 2550 2566 2545
f 2534 2551 2552
f 2534 2552 2598
f 2535 2556 2547
f 2537 2553 2542
f 2532 2537 2543
f 2549 2545 2566
f 2548 2558 2539
f 2550 2529 2560
f 2556 2601 2555
f 2543 2528 2544
f 2566 2550 2560
f 2556 2555 2561
f 2561 2553 2547
f 2537 2561 2553
f 2554 2546 2559
f 2544 2549 2567
f 2563 2539 2558
f 2547 2556 2561
f 2561 2562 2553
f 2544 2586 2543
f 2558 2548 2569
f 2569 2548 2554
f 2547 2553 2562
f 2562 2564 2547
f 2559 2546 2564
f 2543 2565 2557
f 2563 2558 2569
f 2568 2569 2554
f 2612 2586 2544
f 2581 2549 2566
f 2581 2567 2549
f 2568 2554 2559
f 2560 2557 2566
f 2565 2543 2586
f 2565 2567 2557
f 2563 2569 2574
f 2557 2567 2570
f 2566 2557 2570
f 2574 2581 2566
f 2564 2562 2585
f 2567 2612 2544
f 2562 2561 2587
f 2564 2572 2559
f 2578 2559 2572
f 2574 2566 2570
f 2571 2587 2561
f 2571 2561 2555
f 2587 2585 2562
f 2564 2585 2572
f 2577 2568 2559
f 2565 2586 2567
f 2580 2612 2567
f 2577 2569 2568
f 2594 2585 2587
f 2586 2580 2567
f 2569 2573 2574
f 2574 2570 2567
f 2559 2578 2577
f 2612 2577 2576
f 2581 2574 2567
f 2579 2586 2612
f 2569 2577 2612
f 2599 2539 2563
f 2582 2587 2571
f 2585 2589 2572
f 2577 2578 2572
f 2577 2572 2589
f 2577 2584 2576
f 2573 2569 2581
f 2569 2612 2581
f 2526 2608 2561
f 2586 2583 2584
f 2586 2579 2584
f 2581 2611 2588
f 2594 2589 2585
f 2586 2584 2588
f 2611 2586 2588
f 2606 2581 2588
f 2582 2594 2587
f 2590 2577 2589
f 2588 2584 2577
f 2606 2588 2592
f 2594 2593 2589
f 2588 2577 2590
f 2591 2594 2582
f 2595 2588 2590
f 2592 2588 2595
f 2593 2590 2589
f 2595 2590 2593
f 2595 2594 2591
f 2595 2593 2594
f 2596 2597 2534
f 2597 2551 2534
f 2597 2514 2533
f 2551 2597 2552
f 2533 2599 2597
f 2597 2614 2600
f 2598 2597 2600
f 2597 2598 2552
f 2599 2615 2597
f 2602 2512 2598
f 2598 2600 2602
f 2600 2512 2602
f 2601 2531 2600
f 2514 2597 2596
f 2606 2603 2563
f 2603 2607 2605
f 2606 2563 2575
f 2606 2592 2603
f 2575 2574 2606
f 2524 2553 2609
f 2524 2609 2517
f 2609 2553 2561
f 2609 2540 2529
f 2608 2609 2561
f 2540 2609 2610
f 2532 2536 2526
f 2606 2574 2581
f 2574 2573 2581
f 2574 2575 2563
f 2586 2611 2580
f 2611 2581 2580
f 2579 2612 2584
f 2612 2576 2584
f 2586 2584 2583
f 2613 2580 2581
f 2613 2581 2612
f 2580 2613 2612
f 2535 2524 2513
f 2513 2524 2535
f 2599 2563 2604
f 2604 2615 2599
f 2597 2615 2614
f 2600 2614 2601
f 2603 2592 2607
f 2603 2605 2604
f 2604 2563 2603
f 2609 2529 2517
f 2536 2540 2610
f 2610 2616 2536
f 2526 2536 2616
f 1147 1151 1145
f 1147 1145 1148
f 1149 1150 1144
f 1149 1144 1146
f 1154 1156 1197
f 1197 1156 1199
f 1175 1176 1213
f 1213 1176 1215
f 1195 1196 1194
f 1224 1194 1190
f 1222 1190 1220
f 1186 1220 1187
f 1185 1220 1183
f 1158 1200 1199
f 1158 1199 1156
f 1218 1182 1217
f 1213 1214 1212
f 1174 1212 1211
f 1173 1211 1172
f 1209 1172 1167
f 1207 1167 1206
f 1163 1206 1165
f 1205 1206 1162
f 1202 1161 1201
f 1198 1157 1155
f 1197 1198 1153
f 1152 1153 1196
f 1159 1202 1200
f 1159 1200 1158
f 1205 1204 1164
f 1207 1164 1166
f 1207 1166 1168
f 1208 1207 1168
f 1208 1168 1170
f 1209 1208 1170
f 1209 1170 1171
f 1210 1209 1171
f 1173 1210 1171
f 1179 1216 1215
f 1179 1215 1176
f 1181 1218 1216
f 1181 1216 1179
f 1184 1219 1218
f 1222 1221 1188
f 1222 1188 1189
f 1223 1222 1189
f 1223 1189 1191
f 1224 1223 1191
f 1224 1191 1193
f 1225 1224 1193
f 1195 1225 1193
f 1190 1187 1220
f 1225 1195 1194
f 1224 1225 1194
f 1192 1190 1194
f 1223 1224 1190
f 1222 1223 1190
f 1220 1186 1183
f 1221 1222 1220
f 1185 1221 1220
f 1180 1178 1217
f 1180 1217 1182
f 1184 1185 1183
f 1182 1184 1183
f 1219 1184 1182
f 1218 1219 1182
f 1178 1177 1214
f 1178 1214 1217
f 1216 1218 1217
f 1217 1214 1215
f 1217 1215 1216
f 1177 1212 1214
f 1213 1215 1214
f 1175 1213 1212
f 1174 1175 1212
f 1173 1174 1211
f 1172 1169 1167
f 1210 1173 1172
f 1209 1210 1172
f 1167 1165 1206
f 1208 1209 1167
f 1207 1208 1167
f 1206 1163 1162
f 1164 1207 1206
f 1205 1164 1206
f 1160 1157 1201
f 1160 1201 1161
f 1204 1205 1162
f 1161 1204 1162
f 1203 1204 1161
f 1202 1203 1161
f 1201 1198 1199
f 1201 1199 1200
f 1200 1202 1201
f 1198 1201 1157
f 1197 1199 1198
f 1153 1198 1155
f 1154 1197 1153
f 1152 1154 1153
f 1195 1152 1196
f 1146 1149 1148
f 1146 1148 1147
f 1 3 2
f 2 3 1
f 3 5 4
f 4 5 3
f 7 6 4
f 5 7 4
f 5 4 10
f 5 10 7
f 4 6 10
f 10 8 7
f 7 9 6
f 6 9 10
f 7 8 9
f 8 12 9
f 10 12 8
f 9 13 10
f 12 14 9
f 9 11 13
f 14 11 9
f 10 13 12
f 12 15 14
f 12 13 15
f 11 15 13
f 14 18 11
f 11 18 15
f 15 18 14
f 14 16 18
f 18 17 14
f 14 19 16
f 21 23 20
f 22 23 21
f 20 23 22
f 22 24 23
f 24 22 23
f 24 25 22
f 22 25 24
f 29 26 25
f 25 27 29
f 25 28 27
f 26 28 25
f 28 29 27
f 32 30 26
f 29 32 26
f 26 30 28
f 31 32 29
f 29 28 31
f 30 31 28
f 31 30 32
f 30 33 32
f 32 33 30
f 33 34 30
f 30 34 33
f 33 37 34
f 34 37 33
f 37 35 34
f 34 36 37
f 35 36 34
f 36 38 37
f 38 39 37
f 39 38 36
f 35 39 36
f 37 39 35
f 39 40 38
f 39 41 40
f 39 38 41
f 38 40 41
f 41 43 40
f 40 42 41
f 45 42 40
f 43 45 40
f 42 44 41
f 44 43 41
f 43 46 45
f 44 46 43
f 42 45 44
f 45 46 44
f 45 48 46
f 45 46 47
f 51 49 50
f 53 52 49
f 52 53 49
f 53 54 55
f 52 54 53
f 53 55 52
f 54 56 55
f 55 58 52
f 56 58 55
f 54 57 56
f 52 57 54
f 52 58 57
f 57 58 56
f 58 59 57
f 58 62 59
f 59 58 57
f 58 61 62
f 59 61 58
f 59 63 61
f 60 63 59
f 59 62 60
f 62 63 60
f 63 62 61
f 62 64 63
f 64 65 63
f 63 64 62
f 65 66 63
f 63 66 64
f 66 65 64
f 65 67 66
f 67 68 66
f 67 65 68
f 66 69 65
f 68 69 66
f 65 69 68
f 68 70 69
f 71 70 68
f 69 71 68
f 70 71 69
f 71 72 70
f 70 73 71
f 71 73 74
f 71 75 72
f 70 72 73
f 74 75 71
f 72 74 73
f 75 74 72
f 74 76 75
f 76 77 75
f 75 78 74
f 80 84 79
f 81 80 79
f 79 84 81
f 81 84 80
f 84 82 81
f 81 82 84
f 82 83 84
f 84 85 86
f 82 84 83
f 84 83 85
f 84 87 83
f 84 86 87
f 85 83 86
f 86 83 88
f 87 88 83
f 86 88 87
f 88 87 89
f 88 90 87
f 88 89 91
f 87 91 89
f 88 91 90
f 87 90 91
f 92 93 91
f 91 94 92
f 91 93 94
f 94 93 92
f 93 95 96
f 93 96 95
f 98 97 96
f 97 98 96
f 98 99 97
f 97 100 98
f 100 101 98
f 99 100 97
f 99 101 100
f 98 101 99
f 100 102 101
f 101 103 100
f 103 102 100
f 106 105 104
f 104 105 106
f 108 110 105
f 107 109 105
f 109 108 105
f 105 109 107
f 105 110 109
f 110 108 109
f 110 111 108
f 108 111 110
f 110 112 111
f 113 112 110
f 111 113 110
f 114 116 115
f 114 119 116
f 117 119 114
f 115 117 114
f 118 115 116
f 119 118 116
f 115 118 117
f 118 119 117
f 119 120 118
f 122 123 121
f 123 124 121
f 123 125 124
f 121 125 123
f 125 126 124
f 121 124 125
f 124 126 125
f 124 127 126
f 129 130 128
f 129 128 130
f 130 131 128
f 128 131 130
f 134 132 131
f 131 132 134
f 132 134 133
f 132 135 134
f 133 137 136
f 133 136 132
f 134 137 133
f 135 137 134
f 137 138 136
f 135 136 137
f 132 136 135
f 136 139 137
f 141 142 140
f 140 142 141
f 142 144 143
f 142 145 144
f 143 145 142
f 146 147 149
f 149 148 146
f 148 151 146
f 147 151 149
f 146 151 147
f 149 151 148
f 148 152 151
f 150 153 151
f 151 152 150
f 148 155 152
f 153 148 151
f 152 154 150
f 156 159 157
f 157 158 156
f 159 161 157
f 157 161 158
f 158 161 156
f 159 160 161
f 160 162 161
f 156 160 159
f 156 161 160
f 161 162 160
f 163 164 160
f 166 171 170
f 168 174 167
f 165 175 169
f 167 171 166
f 174 172 167
f 169 174 168
f 169 175 174
f 170 173 165
f 167 172 171
f 165 173 175
f 170 177 173
f 171 178 170
f 172 176 171
f 175 180 174
f 173 180 175
f 174 179 172
f 182 2968 181
f 183 189 193
f 2973 189 183
f 184 194 2973
f 187 194 184
f 188 187 184
f 193 188 185
f 2973 190 189
f 194 190 2973
f 189 191 193
f 187 192 194
f 188 192 187
f 188 200 192
f 189 195 191
f 190 195 189
f 190 205 195
f 190 216 205
f 194 216 190
f 191 197 193
f 188 196 200
f 193 197 196
f 193 196 188
f 191 198 197
f 198 203 197
f 195 199 198
f 195 198 191
f 196 202 201
f 196 201 200
f 197 203 202
f 197 202 196
f 198 204 203
f 204 209 203
f 199 213 204
f 199 204 198
f 195 213 199
f 200 206 192
f 201 207 206
f 201 206 200
f 202 208 201
f 208 207 201
f 203 209 208
f 203 208 202
f 204 210 209
f 213 210 204
f 194 211 216
f 192 211 194
f 206 214 192
f 207 214 206
f 208 212 207
f 212 214 207
f 209 210 212
f 209 212 208
f 212 217 214
f 210 217 212
f 195 205 213
f 216 215 205
f 211 219 216
f 205 215 213
f 216 220 215
f 219 220 216
f 192 223 211
f 214 223 192
f 213 221 210
f 215 221 213
f 210 221 217
f 214 218 223
f 217 218 214
f 215 222 221
f 223 219 211
f 221 230 217
f 220 222 215
f 222 227 221
f 217 224 218
f 230 224 217
f 221 227 230
f 220 225 222
f 222 225 227
f 219 226 220
f 223 226 219
f 218 228 223
f 220 226 225
f 227 233 230
f 224 228 218
f 223 228 226
f 225 233 227
f 226 229 225
f 228 232 226
f 225 229 233
f 228 234 232
f 231 234 228
f 236 237 245
f 244 235 243
f 241 242 240
f 245 246 235
f 238 246 237
f 240 238 239
f 243 2989 242
f 249 252 247
f 247 251 248
f 248 253 249
f 251 253 248
f 247 254 251
f 252 254 247
f 249 254 252
f 250 254 249
f 249 255 250
f 253 251 249
f 251 256 249
f 254 258 251
f 250 258 254
f 249 256 255
f 255 258 250
f 251 259 256
f 258 257 251
f 251 257 259
f 256 258 255
f 259 260 256
f 258 261 257
f 256 260 258
f 260 262 258
f 257 263 259
f 258 262 261
f 260 259 262
f 261 263 257
f 259 266 262
f 263 264 259
f 261 265 263
f 262 265 261
f 265 264 263
f 264 266 259
f 262 267 265
f 266 267 262
f 265 269 264
f 267 266 265
f 266 268 265
f 265 268 269
f 264 268 266
f 264 269 268
f 268 273 269
f 269 270 268
f 270 273 268
f 269 272 270
f 271 272 269
f 269 273 271
f 272 273 270
f 273 274 271
f 272 276 273
f 271 274 272
f 276 278 273
f 272 274 276
f 273 275 274
f 278 275 273
f 274 279 276
f 275 278 274
f 276 280 278
f 277 279 274
f 278 281 274
f 280 282 278
f 279 280 276
f 274 281 277
f 277 280 279
f 278 283 281
f 278 282 283
f 282 287 283
f 286 282 280
f 277 281 280
f 282 286 287
f 283 284 281
f 281 284 280
f 287 285 283
f 286 288 287
f 280 288 286
f 280 284 288
f 283 289 284
f 285 290 283
f 285 287 290
f 290 289 283
f 289 288 284
f 291 293 288
f 287 288 290
f 289 291 288
f 293 292 288
f 289 294 291
f 290 294 289
f 292 290 288
f 292 296 290
f 291 295 293
f 297 295 291
f 290 296 294
f 294 297 291
f 293 296 292
f 294 296 297
f 293 295 296
f 297 298 295
f 295 300 299
f 298 300 295
f 299 297 296
f 295 299 296
f 299 298 297
f 300 302 299
f 298 301 300
f 299 306 298
f 301 303 300
f 298 303 301
f 299 304 306
f 302 304 299
f 298 306 303
f 302 300 304
f 303 307 300
f 300 307 304
f 304 307 306
f 306 305 303
f 307 305 306
f 303 310 307
f 303 305 310
f 307 308 305
f 305 308 310
f 307 309 308
f 310 309 307
f 309 311 308
f 310 308 312
f 311 313 308
f 310 312 309
f 308 313 312
f 313 316 312
f 309 314 311
f 312 315 309
f 311 314 313
f 316 315 312
f 314 316 313
f 315 318 309
f 309 318 314
f 316 318 315
f 318 317 314
f 318 316 320
f 314 319 316
f 317 319 314
f 318 320 317
f 319 317 316
f 317 320 316
f 320 321 324
f 322 325 320
f 320 323 322
f 324 323 320
f 326 330 329
f 327 328 326
f 326 328 330
f 330 332 328
f 328 331 330
f 328 332 331
f 331 332 330
f 332 334 328
f 328 334 332
f 330 333 332
f 332 333 330
f 332 335 336
f 334 335 332
f 332 336 334
f 336 338 334
f 335 337 336
f 335 339 337
f 334 340 335
f 340 341 335
f 334 338 340
f 335 344 339
f 341 344 335
f 337 342 336
f 342 345 336
f 345 343 336
f 348 351 347
f 346 347 350
f 349 351 348
f 350 354 349
f 347 354 350
f 351 352 347
f 349 353 351
f 354 353 349
f 347 352 354
f 353 354 351
f 351 354 352
f 354 355 351
f 351 355 354
f 355 357 354
f 354 356 355
f 354 357 356
f 355 359 357
f 356 360 355
f 358 359 355
f 360 358 355
f 356 357 361
f 360 363 358
f 356 361 360
f 358 357 359
f 358 362 357
f 357 362 361
f 363 364 358
f 361 363 360
f 362 366 361
f 366 367 361
f 358 365 362
f 364 365 358
f 367 363 361
f 365 366 362
f 364 368 365
f 363 368 364
f 363 367 368
f 366 372 367
f 365 372 366
f 369 372 365
f 367 370 368
f 365 368 369
f 372 370 367
f 369 374 372
f 370 373 368
f 368 374 369
f 372 371 370
f 372 374 371
f 373 374 368
f 370 371 373
f 373 375 374
f 374 375 371
f 371 378 373
f 371 379 378
f 371 377 379
f 375 377 371
f 373 378 375
f 376 377 375
f 378 381 375
f 379 376 378
f 377 376 379
f 375 380 376
f 381 380 375
f 376 381 378
f 380 383 376
f 376 382 381
f 381 382 380
f 383 386 376
f 380 387 383
f 376 385 382
f 382 384 380
f 386 385 376
f 380 384 387
f 382 387 384
f 387 386 383
f 382 385 387
f 386 389 385
f 387 388 386
f 387 390 388
f 385 389 387
f 388 390 386
f 387 391 390
f 389 391 387
f 386 392 389
f 389 392 391
f 392 394 391
f 386 390 392
f 391 393 390
f 391 394 393
f 390 393 392
f 394 395 393
f 392 396 394
f 393 396 392
f 395 398 393
f 394 400 395
f 393 398 396
f 394 396 400
f 398 397 396
f 400 398 395
f 396 399 400
f 397 399 396
f 400 401 398
f 399 401 400
f 397 403 399
f 403 402 399
f 398 402 397
f 401 402 398
f 399 402 401
f 397 402 403
f 401 405 402
f 402 404 401
f 402 407 406
f 405 407 402
f 404 406 401
f 401 406 405
f 402 406 404
f 407 405 406
f 406 408 405
f 406 405 410
f 408 409 405
f 409 411 405
f 406 410 408
f 405 412 410
f 405 411 412
f 408 413 415
f 410 413 408
f 415 409 408
f 410 412 413
f 415 411 409
f 411 414 412
f 412 414 413
f 411 415 418
f 414 416 413
f 411 418 414
f 415 417 418
f 413 416 415
f 415 416 417
f 417 421 418
f 418 421 419
f 416 421 417
f 418 420 414
f 420 416 414
f 420 422 416
f 416 423 421
f 422 423 416
f 424 425 430
f 429 426 425
f 425 431 430
f 427 428 426
f 426 435 425
f 425 435 431
f 428 435 426
f 430 434 428
f 431 434 430
f 434 433 428
f 428 432 435
f 428 433 432
f 432 441 435
f 435 436 431
f 441 436 435
f 431 437 434
f 434 432 433
f 434 437 432
f 431 438 437
f 436 438 431
f 437 440 432
f 432 439 441
f 432 440 439
f 436 437 438
f 436 441 437
f 437 442 440
f 441 442 437
f 439 442 441
f 442 439 440
f 442 444 439
f 439 443 442
f 444 443 439
f 442 443 444
f 443 447 449
f 443 445 447
f 444 445 443
f 443 446 444
f 449 446 443
f 446 448 444
f 444 448 445
f 446 449 448
f 448 447 445
f 447 450 449
f 449 450 448
f 448 451 447
f 447 452 450
f 450 451 448
f 451 452 447
f 450 453 451
f 452 451 450
f 450 454 453
f 450 456 454
f 451 456 450
f 453 454 451
f 451 458 456
f 451 454 458
f 459 457 454
f 454 457 458
f 456 455 454
f 454 455 459
f 458 460 456
f 455 461 459
f 465 468 464
f 463 464 462
f 462 466 467
f 466 468 465
f 464 470 462
f 468 471 464
f 471 470 464
f 466 471 468
f 462 470 466
f 466 469 471
f 470 469 466
f 471 474 470
f 469 472 471
f 469 473 472
f 470 473 469
f 472 476 471
f 474 473 470
f 476 474 471
f 473 476 472
f 476 475 474
f 475 477 474
f 478 480 476
f 473 479 476
f 475 476 477
f 476 481 478
f 479 481 476
f 486 488 483
f 484 489 486
f 485 489 484
f 487 489 485
f 487 482 489
f 489 488 486
f 482 490 489
f 483 490 482
f 483 488 490
f 490 492 489
f 489 493 488
f 491 493 489
f 488 492 490
f 489 492 491
f 493 494 488
f 488 494 495
f 491 492 493
f 488 495 492
f 495 496 492
f 496 497 492
f 492 497 493
f 494 498 495
f 493 497 494
f 497 499 494
f 499 500 494
f 495 501 496
f 498 501 495
f 502 503 505
f 505 504 502
f 502 504 503
f 504 505 503
f 506 505 503
f 505 506 503
f 505 507 506
f 506 508 505
f 505 510 507
f 507 509 506
f 508 510 505
f 506 509 508
f 510 513 507
f 509 511 508
f 508 511 510
f 507 512 509
f 513 512 507
f 510 516 513
f 511 515 510
f 512 514 509
f 509 517 511
f 514 517 509
f 512 513 514
f 515 516 510
f 513 517 514
f 516 518 513
f 513 518 517
f 516 519 518
f 518 519 517
f 520 519 516
f 519 511 517
f 515 521 516
f 511 521 515
f 519 521 511
f 516 524 520
f 521 524 516
f 519 522 521
f 519 523 522
f 520 524 519
f 519 524 523
f 523 525 522
f 522 526 521
f 525 526 522
f 524 528 523
f 528 524 521
f 526 525 521
f 525 527 521
f 528 525 523
f 521 527 528
f 525 530 527
f 527 529 528
f 528 531 525
f 525 531 530
f 528 529 531
f 530 532 527
f 531 529 530
f 529 534 530
f 532 529 527
f 534 533 530
f 533 535 530
f 532 534 529
f 530 535 532
f 534 536 533
f 532 535 534
f 535 536 534
f 533 536 535
f 536 537 535
f 535 538 536
f 537 538 535
f 536 538 537
f 537 540 538
f 537 538 540
f 540 542 539
f 539 541 540
f 540 541 544
f 540 544 542
f 542 543 539
f 539 543 541
f 543 544 541
f 544 543 542
f 544 546 543
f 543 545 544
f 546 547 543
f 544 545 546
f 548 552 550
f 549 552 548
f 550 552 549
f 551 553 548
f 552 551 548
f 548 553 552
f 553 551 552
f 551 554 552
f 552 555 551
f 554 555 552
f 555 554 551
f 554 556 555
f 556 557 555
f 555 557 554
f 557 559 554
f 556 558 557
f 554 559 556
f 559 562 556
f 562 558 556
f 557 560 559
f 559 560 562
f 562 561 558
f 557 563 560
f 561 564 558
f 562 564 561
f 560 565 562
f 558 563 557
f 558 568 563
f 564 568 558
f 565 572 562
f 563 565 560
f 562 566 564
f 572 566 562
f 563 567 565
f 563 568 567
f 567 569 565
f 565 569 572
f 568 570 567
f 567 571 569
f 570 571 567
f 564 566 568
f 571 570 569
f 568 566 570
f 570 574 569
f 566 573 570
f 572 573 566
f 569 574 572
f 570 573 574
f 574 573 572
f 574 575 573
f 573 576 574
f 576 575 574
f 573 577 576
f 575 577 573
f 576 577 578
f 576 578 575
f 578 580 575
f 577 579 578
f 580 577 575
f 579 580 578
f 577 580 579
f 579 581 580
f 580 582 579
f 581 582 580
f 582 585 579
f 579 585 581
f 582 584 585
f 583 584 582
f 582 586 583
f 585 582 581
f 582 585 586
f 588 586 585
f 584 588 585
f 586 584 583
f 586 587 584
f 584 587 588
f 586 589 587
f 588 589 586
f 587 592 588
f 587 591 592
f 588 590 589
f 592 593 588
f 596 600 595
f 597 599 596
f 598 594 597
f 595 601 594
f 599 600 596
f 597 600 599
f 594 601 597
f 595 600 601
f 601 600 597
f 601 604 600
f 600 602 601
f 603 606 600
f 602 604 601
f 600 604 602
f 600 605 603
f 600 606 604
f 604 605 600
f 604 607 605
f 603 608 606
f 606 610 604
f 606 608 610
f 605 607 603
f 607 609 603
f 603 609 608
f 610 611 604
f 607 612 609
f 611 614 604
f 608 613 610
f 604 614 607
f 614 615 607
f 621 620 616
f 620 618 619
f 617 622 621
f 620 624 618
f 621 622 620
f 622 624 620
f 617 623 622
f 618 624 617
f 622 623 624
f 617 624 623
f 623 629 624
f 624 626 625
f 624 629 623
f 624 627 626
f 629 627 624
f 624 628 629
f 625 628 624
f 625 626 628
f 627 629 626
f 629 630 626
f 630 628 626
f 628 631 629
f 630 631 628
f 629 632 630
f 629 633 632
f 631 633 629
f 632 634 630
f 630 635 631
f 634 636 630
f 630 637 635
f 636 638 630
f 641 645 640
f 644 639 643
f 640 646 639
f 639 649 643
f 645 646 640
f 646 649 639
f 645 648 646
f 642 647 645
f 643 647 642
f 647 648 645
f 649 647 643
f 647 650 648
f 649 651 647
f 646 651 649
f 648 653 646
f 650 653 648
f 651 652 647
f 652 650 647
f 646 655 651
f 653 654 646
f 654 655 646
f 655 652 651
f 650 654 653
f 654 656 655
f 655 650 652
f 655 656 658
f 655 658 650
f 650 656 654
f 650 658 656
f 657 658 656
f 656 659 657
f 657 659 658
f 658 662 656
f 660 662 658
f 659 660 658
f 659 661 660
f 656 662 659
f 662 664 659
f 663 666 659
f 664 663 659
f 660 664 662
f 659 666 661
f 661 666 660
f 666 665 660
f 665 668 660
f 660 668 664
f 664 666 663
f 664 667 666
f 664 668 667
f 668 670 667
f 667 671 666
f 666 669 665
f 667 670 671
f 665 670 668
f 666 671 669
f 665 669 670
f 670 673 671
f 672 673 670
f 673 674 671
f 671 674 669
f 672 675 673
f 670 675 672
f 669 674 670
f 673 676 674
f 670 674 675
f 676 678 674
f 675 676 673
f 679 676 675
f 674 678 677
f 674 680 675
f 677 680 674
f 675 680 679
f 676 681 678
f 678 685 684
f 681 685 678
f 680 682 679
f 678 684 677
f 682 683 679
f 683 686 679
f 684 687 677
f 688 692 693
f 690 688 689
f 692 690 691
f 692 695 690
f 688 694 696
f 688 696 692
f 690 695 688
f 695 694 688
f 692 696 695
f 695 697 694
f 694 697 696
f 696 699 698
f 696 700 695
f 698 700 696
f 704 705 703
f 709 707 704
f 702 709 701
f 705 706 703
f 704 707 705
f 703 706 702
f 702 710 709
f 706 710 702
f 705 708 706
f 707 708 705
f 709 711 707
f 708 714 706
f 707 715 708
f 709 712 711
f 710 712 709
f 711 715 707
f 706 714 710
f 712 713 711
f 710 713 712
f 710 716 713
f 714 717 710
f 717 716 710
f 715 714 708
f 711 718 715
f 715 718 714
f 714 722 717
f 711 719 718
f 713 720 711
f 720 719 711
f 717 721 716
f 724 728 723
f 726 724 725
f 723 728 727
f 727 729 724
f 726 727 724
f 729 728 724
f 723 727 726
f 729 731 728
f 727 730 729
f 728 733 727
f 727 733 730
f 728 731 733
f 729 730 731
f 733 732 730
f 731 730 733
f 730 734 733
f 736 739 737
f 735 738 736
f 737 739 738
f 738 740 736
f 739 740 738
f 740 739 736
f 739 740 741
f 739 741 740
f 742 741 740
f 740 741 742
f 744 743 741
f 741 748 742
f 743 745 741
f 745 746 741
f 747 749 742
f 753 755 754
f 751 753 750
f 751 756 753
f 752 756 751
f 756 755 753
f 752 754 756
f 755 760 754
f 756 759 755
f 759 761 755
f 754 760 758
f 755 757 760
f 761 757 755
f 754 758 756
f 761 760 757
f 756 758 759
f 760 763 758
f 758 763 759
f 761 759 762
f 760 764 763
f 761 762 760
f 762 764 760
f 765 759 763
f 764 765 763
f 762 765 764
f 762 766 765
f 759 766 762
f 759 765 766
f 766 767 765
f 767 768 765
f 765 770 766
f 765 768 770
f 766 770 767
f 768 767 770
f 770 769 767
f 769 772 767
f 770 771 769
f 770 774 771
f 773 775 767
f 772 776 767
f 777 778 781
f 779 783 778
f 780 783 779
f 781 785 782
f 778 785 781
f 778 783 785
f 780 787 783
f 782 784 780
f 784 787 780
f 785 784 782
f 783 787 785
f 785 788 784
f 787 786 785
f 785 787 788
f 786 787 785
f 788 787 784
f 790 789 787
f 787 792 791
f 789 792 787
f 791 790 787
f 789 793 792
f 790 794 789
f 791 792 790
f 789 794 793
f 793 796 792
f 792 794 790
f 792 795 794
f 795 797 794
f 799 800 803
f 801 802 800
f 798 803 802
f 803 804 802
f 800 810 803
f 802 808 800
f 802 804 807
f 810 805 803
f 808 806 800
f 803 807 804
f 807 808 802
f 803 805 807
f 800 806 810
f 810 809 805
f 807 805 808
f 808 811 806
f 806 815 810
f 809 813 805
f 810 815 809
f 808 812 811
f 805 812 808
f 815 814 809
f 811 815 806
f 805 813 812
f 809 816 813
f 809 817 816
f 814 817 809
f 820 823 819
f 821 823 820
f 819 822 818
f 822 824 821
f 823 822 819
f 821 827 823
f 823 825 822
f 827 825 823
f 821 826 827
f 824 826 821
f 824 822 826
f 822 825 826
f 827 830 825
f 825 828 826
f 826 828 827
f 830 828 825
f 827 831 830
f 828 831 827
f 830 829 828
f 828 829 831
f 831 832 830
f 829 833 831
f 832 834 830
f 831 833 832
f 830 833 829
f 830 834 833
f 833 835 832
f 834 832 833
f 832 835 833
f 835 837 832
f 832 836 835
f 837 838 832
f 832 838 836
f 837 835 838
f 835 839 838
f 835 840 839
f 836 841 835
f 839 842 838
f 841 843 835
f 847 849 846
f 845 848 844
f 845 850 848
f 846 850 845
f 848 852 847
f 850 851 848
f 849 850 846
f 848 851 852
f 847 852 849
f 850 849 851
f 851 849 852
f 849 853 851
f 855 854 849
f 854 853 849
f 851 855 849
f 854 855 853
f 855 857 853
f 857 856 853
f 851 858 855
f 860 859 865
f 864 859 860
f 870 864 860
f 859 862 865
f 865 863 869
f 863 871 869
f 903 867 933
f 871 863 910
f 896 859 864
f 861 864 870
f 864 861 896
f 868 865 869
f 862 909 865
f 865 909 863
f 877 869 871
f 872 869 877
f 865 868 870
f 865 870 860
f 869 872 868
f 870 868 866
f 866 868 873
f 877 881 872
f 872 873 868
f 913 876 910
f 861 893 896
f 871 910 876
f 877 871 876
f 875 873 872
f 913 909 879
f 907 874 914
f 923 872 881
f 874 907 914
f 877 876 885
f 878 915 879
f 921 881 877
f 880 885 876
f 921 877 885
f 923 881 921
f 885 919 921
f 876 878 888
f 880 876 888
f 880 888 886
f 880 889 885
f 885 882 920
f 919 885 920
f 882 885 889
f 890 886 888
f 889 880 886
f 891 889 886
f 919 918 922
f 890 891 886
f 918 901 922
f 918 891 901
f 892 891 890
f 893 894 897
f 870 893 861
f 893 895 896
f 894 893 870
f 895 897 896
f 896 898 859
f 893 897 895
f 870 866 894
f 899 896 897
f 898 896 899
f 899 859 898
f 900 875 872
f 923 900 872
f 901 900 923
f 923 922 901
f 883 905 926
f 891 892 908
f 891 908 901
f 901 908 900
f 875 900 908
f 875 908 892
f 913 878 876
f 913 910 911
f 909 913 911
f 910 863 912
f 903 906 912
f 906 867 911
f 906 911 912
f 863 909 911
f 867 903 911
f 863 911 912
f 911 903 912
f 911 910 912
f 907 914 917
f 907 917 916
f 914 907 916
f 913 879 916
f 915 913 916
f 915 916 917
f 879 915 917
f 914 916 917
f 916 879 917
f 878 913 915
f 891 918 889
f 918 919 920
f 889 926 927
f 889 918 926
f 920 882 927
f 905 927 926
f 904 883 927
f 918 920 926
f 882 889 927
f 883 926 927
f 905 904 927
f 919 922 924
f 884 902 924
f 884 924 925
f 921 919 925
f 923 921 925
f 924 922 923
f 923 925 924
f 919 924 925
f 887 884 924
f 902 887 924
f 884 925 924
f 927 926 920
f 931 928 929
f 929 930 931
f 934 929 928
f 934 930 929
f 934 928 931
f 930 932 931
f 931 932 906
f 932 946 906
f 955 931 903
f 906 946 933
f 955 934 931
f 930 944 932
f 903 931 906
f 936 955 903
f 933 867 906
f 903 933 936
f 938 933 946
f 944 930 934
f 932 935 946
f 944 934 955
f 932 944 935
f 952 938 946
f 941 939 938
f 943 944 955
f 907 936 933
f 933 938 907
f 939 907 938
f 937 945 942
f 941 938 952
f 947 952 946
f 943 942 944
f 950 942 940
f 874 907 939
f 948 939 941
f 945 940 942
f 947 946 935
f 950 944 942
f 935 944 950
f 936 907 874
f 949 947 935
f 939 948 937
f 937 948 945
f 935 951 949
f 948 941 952
f 952 947 953
f 945 950 940
f 951 947 949
f 950 945 954
f 945 948 954
f 904 948 952
f 947 951 902
f 950 954 902
f 935 950 902
f 953 883 952
f 902 951 935
f 883 954 948
f 902 884 947
f 887 954 947
f 954 953 947
f 883 953 954
f 887 947 884
f 904 952 883
f 887 902 954
f 904 905 948
f 905 883 948
f 957 943 955
f 959 957 955
f 959 955 956
f 937 942 958
f 1005 962 961
f 963 967 961
f 961 962 965
f 961 968 1005
f 967 966 961
f 966 967 969
f 1006 970 965
f 968 973 1005
f 966 969 968
f 967 964 972
f 969 967 978
f 967 972 978
f 972 964 974
f 971 973 977
f 975 973 968
f 978 981 969
f 969 975 968
f 971 979 1010
f 978 972 974
f 971 977 979
f 969 981 975
f 976 977 973
f 978 974 982
f 975 989 973
f 983 981 978
f 978 982 983
f 981 985 975
f 988 974 980
f 975 985 989
f 982 986 983
f 974 988 982
f 1000 983 1021
f 987 984 976
f 987 976 989
f 988 986 982
f 1026 981 983
f 1021 983 986
f 981 1026 985
f 985 995 989
f 991 995 985
f 986 994 1021
f 985 1026 991
f 992 993 986
f 996 986 993
f 994 986 998
f 995 991 998
f 996 995 998
f 960 963 961
f 961 966 968
f 965 962 1006
f 976 973 989
f 986 988 990
f 986 996 998
f 973 971 999
f 1005 973 999
f 1010 979 970
f 983 1000 1026
f 1003 1002 976
f 989 1003 987
f 976 984 1003
f 1004 995 996
f 1004 1003 995
f 989 995 1003
f 1003 984 987
f 979 1002 1001
f 977 1002 979
f 977 976 1002
f 996 997 1004
f 962 1008 1006
f 1005 999 1007
f 999 971 1010
f 1007 999 1013
f 1011 970 1006
f 970 1011 1010
f 1010 1019 999
f 1019 1013 999
f 1019 1010 1012
f 1013 1017 1007
f 1007 1017 1015
f 1014 1007 1022
f 1011 1016 1020
f 1020 1012 1011
f 1019 1017 1013
f 1019 1027 1017
f 1016 1033 1020
f 1020 1019 1012
f 1019 1020 1027
f 1023 1017 1025
f 1028 1018 1014
f 1037 1030 1018
f 1018 1031 1037
f 1029 1021 994
f 1038 1027 1020
f 1036 1017 1027
f 1028 1014 1022
f 1018 1028 1031
f 1030 1033 1016
f 1030 1032 1033
f 1026 1000 1024
f 1025 1017 1026
f 1038 1020 1033
f 1025 1026 1024
f 1024 1023 1025
f 1038 1036 1027
f 1017 991 1026
f 1033 1029 994
f 1035 1024 1029
f 1023 1024 1035
f 1031 1028 1023
f 1032 1029 1033
f 1023 1028 1022
f 1035 1031 1023
f 1029 1032 1030
f 1035 1029 1037
f 994 1034 1033
f 1029 1030 1037
f 1038 1033 1034
f 1036 991 1017
f 991 1036 998
f 1036 1038 998
f 1038 1034 994
f 1035 1037 1031
f 1005 1007 962
f 962 1007 1008
f 1006 1008 1009
f 1009 1011 1006
f 1010 1011 1012
f 1007 1015 1022
f 1017 1023 1015
f 1023 1022 1015
f 1021 1029 1024
f 1000 1021 1024
f 998 1038 994
f 1040 1045 1039
f 1040 1048 1045
f 1042 1046 1041
f 1043 1048 1040
f 1041 1049 1043
f 1046 1049 1041
f 1044 1046 1042
f 1045 1044 1042
f 1048 1050 1045
f 1049 1047 1043
f 1045 1052 1044
f 1050 1052 1045
f 1047 1048 1043
f 1047 1050 1048
f 1047 1051 1050
f 1050 1051 1052
f 1054 1052 1051
f 1051 1047 1054
f 1049 1056 1047
f 1054 1055 1052
f 1046 1053 1049
f 1044 1058 1046
f 1052 1058 1044
f 1056 1054 1047
f 1055 1058 1052
f 1053 1056 1049
f 1058 1053 1046
f 1054 1057 1055
f 1227 1230 1226
f 1228 1229 1227
f 1226 1230 1228
f 1227 1234 1230
f 1227 1229 1234
f 1230 1231 1228
f 1234 1233 1230
f 1228 1232 1229
f 1231 1232 1228
f 1229 1232 1234
f 1231 1230 1232
f 1230 1233 1232
f 1234 1235 1233
f 1232 1236 1234
f 1235 1238 1233
f 1236 1235 1234
f 1233 1237 1232
f 1233 1238 1237
f 1235 1239 1238
f 1237 1238 1232
f 1236 1239 1235
f 1232 1240 1236
f 1238 1240 1232
f 1239 1241 1238
f 1236 1240 1239
f 1239 1244 1241
f 1238 1241 1240
f 1240 1242 1239
f 1239 1243 1244
f 1242 1243 1239
f 1241 1242 1240
f 1241 1246 1242
f 1243 1245 1244
f 1242 1245 1243
f 1246 1245 1242
f 1244 1248 1241
f 1245 1249 1244
f 1241 1248 1246
f 1246 1247 1245
f 1247 1249 1245
f 1244 1250 1248
f 1249 1250 1244
f 1247 1246 1249
f 1248 1251 1246
f 1249 1253 1250
f 1246 1252 1249
f 1251 1252 1246
f 1250 1253 1248
f 1252 1253 1249
f 1248 1253 1251
f 1253 1254 1255
f 1251 1256 1252
f 1252 1256 1253
f 1255 1258 1253
f 1253 1258 1251
f 1256 1254 1253
f 1251 1257 1256
f 1257 1259 1256
f 1255 1254 1258
f 1259 1254 1256
f 1251 1258 1257
f 1254 1260 1258
f 1258 1259 1257
f 1260 1264 1258
f 1254 1259 1260
f 1258 1264 1259
f 1264 1262 1259
f 1259 1261 1260
f 1259 1263 1261
f 1262 1263 1259
f 1261 1264 1260
f 1261 1265 1264
f 1262 1266 1263
f 1263 1267 1261
f 1263 1268 1267
f 1272 1274 1269
f 1271 1269 1270
f 1272 1273 1274
f 1270 1273 1272
f 1269 1273 1270
f 1269 1274 1273
f 1273 1274 1276
f 1273 1277 1274
f 1273 1276 1277
f 1274 1275 1276
f 1277 1275 1274
f 1276 1275 1277
f 1275 1281 1277
f 1277 1282 1275
f 1278 1282 1277
f 1281 1278 1277
f 1275 1280 1279
f 1282 1280 1275
f 1283 1288 1287
f 1288 1286 1287
f 1284 1288 1283
f 1285 1286 1284
f 1288 1290 1286
f 1286 1289 1284
f 1284 1290 1288
f 1289 1290 1284
f 1286 1290 1289
f 1290 1291 1289
f 1290 1293 1294
f 1289 1293 1290
f 1290 1292 1291
f 1289 1291 1293
f 1290 1294 1292
f 1292 1294 1291
f 1291 1295 1293
f 1291 1296 1295
f 1294 1293 1291
f 1293 1296 1291
f 1295 1297 1293
f 1296 1299 1295
f 1297 1296 1293
f 1295 1299 1297
f 1299 1298 1297
f 1297 1300 1296
f 1297 1298 1300
f 1296 1300 1299
f 1300 1302 1299
f 1299 1301 1298
f 1298 1302 1300
f 1302 1301 1299
f 1298 1301 1302
f 1301 1305 1302
f 1305 1304 1302
f 1301 1303 1305
f 1304 1301 1302
f 1305 1306 1304
f 1304 1303 1301
f 1304 1307 1303
f 1306 1307 1304
f 1303 1309 1305
f 1305 1309 1306
f 1308 1309 1303
f 1307 1308 1303
f 1309 1310 1306
f 1306 1311 1307
f 1313 1316 1312
f 1314 1317 1315
f 1313 1317 1316
f 1317 1320 1316
f 1316 1320 1314
f 1315 1317 1313
f 1314 1318 1317
f 1318 1319 1317
f 1314 1320 1318
f 1317 1319 1320
f 1320 1319 1324
f 1318 1321 1319
f 1319 1321 1324
f 1320 1321 1318
f 1320 1322 1321
f 1321 1323 1324
f 1321 1322 1323
f 1324 1325 1320
f 1325 1322 1320
f 1326 1328 1324
f 1325 1323 1322
f 1323 1327 1324
f 1331 1333 1332
f 1332 1333 1329
f 1332 1329 1330
f 1329 1333 1331
f 1333 1334 1329
f 1336 1335 1329
f 1334 1336 1329
f 1329 1334 1333
f 1329 1335 1334
f 1335 1337 1334
f 1337 1340 1334
f 1334 1335 1336
f 1334 1340 1335
f 1340 1342 1335
f 1335 1342 1337
f 1337 1339 1340
f 1341 1343 1340
f 1337 1344 1338
f 1342 1344 1337
f 1346 1351 1350
f 1345 1352 1349
f 1348 1349 1347
f 1347 1351 1346
f 1345 1350 1352
f 1351 1353 1350
f 1349 1352 1347
f 1353 1352 1350
f 1352 1354 1347
f 1354 1355 1347
f 1347 1356 1351
f 1353 1359 1352
f 1351 1359 1353
f 1347 1357 1356
f 1355 1357 1347
f 1352 1355 1354
f 1352 1359 1355
f 1351 1356 1359
f 1355 1358 1357
f 1359 1358 1355
f 1357 1359 1356
f 1359 1361 1358
f 1359 1360 1361
f 1358 1361 1357
f 1361 1363 1357
f 1357 1363 1359
f 1359 1366 1360
f 1360 1363 1361
f 1363 1366 1359
f 1360 1362 1363
f 1363 1362 1367
f 1360 1364 1362
f 1360 1365 1364
f 1366 1365 1360
f 2633 2626 2638
f 2638 2648 2633
f 2633 2718 2626
f 2799 2670 2782
f 2648 2638 2637
f 2627 2624 2633
f 2631 2621 2623
f 2621 2620 2623
f 2638 2639 2637
f 2675 2656 2658
f 2720 2663 2688
f 2708 2817 2815
f 2621 2619 2712
f 2618 2620 2713
f 2684 2785 2789
f 2717 2626 2618
f 2739 2726 2729
f 2709 2698 2706
f 2733 2825 2818
f 2829 2722 2664
f 2719 2665 2668
f 2782 2644 2663
f 2737 2742 2736
f 2636 2635 2642
f 2629 2717 2713
f 2792 2810 2795
f 2697 2808 2703
f 2734 2744 2737
f 2736 2742 2741
f 2821 2738 2726
f 2645 2640 2621
f 2645 2621 2631
f 2818 2736 2741
f 2730 2739 2732
f 2752 2741 2742
f 2693 2686 2685
f 2686 2662 2673
f 2649 2674 2659
f 2737 2749 2742
f 2740 2730 2822
f 2738 2735 2748
f 2620 2618 2617
f 2620 2617 2623
f 2792 2794 2788
f 2731 2738 2821
f 2656 2633 2648
f 2774 2788 2794
f 2760 2753 2764
f 2636 2642 2643
f 2703 2705 2708
f 2760 2761 2641
f 2743 2741 2747
f 2781 2757 2760
f 2752 2742 2759
f 2706 2698 2809
f 2741 2752 2759
f 2662 2649 2673
f 2761 2657 2754
f 2751 2644 2660
f 2751 2660 2669
f 2642 2651 2643
f 2663 2656 2675
f 2740 2728 2738
f 2726 2824 2729
f 2687 2679 2684
f 2749 2737 2744
f 2716 2718 2617
f 2716 2617 2618
f 2809 2698 2696
f 2679 2667 2669
f 2646 2637 2639
f 2646 2634 2647
f 2670 2799 2781
f 2704 2705 2703
f 2682 2677 2678
f 2640 2645 2653
f 2754 2641 2761
f 2747 2755 2733
f 2773 2742 2765
f 2703 2682 2702
f 2750 2738 2748
f 2625 2636 2645
f 2668 2665 2670
f 2670 2781 2766
f 2670 2766 2668
f 2764 2754 2761
f 2699 2700 2695
f 2755 2767 2772
f 2778 2783 2785
f 2810 2806 2811
f 2691 2721 2684
f 2823 2826 2737
f 2637 2646 2655
f 2829 2769 2786
f 2738 2728 2822
f 2726 2739 2727
f 2830 2829 2827
f 2785 2762 2772
f 2783 2773 2779
f 2666 2685 2673
f 2681 2690 2689
f 2671 2666 2649
f 2760 2641 2644
f 2667 2672 2653
f 2783 2799 2789
f 2729 2824 2822
f 2766 2760 2751
f 2658 2637 2655
f 2796 2775 2771
f 2744 2734 2739
f 2661 2669 2651
f 2762 2785 2777
f 2762 2777 2651
f 2653 2655 2647
f 2718 2624 2617
f 2618 2718 2716
f 2784 2774 2794
f 2788 2775 2792
f 2799 2765 2781
f 2649 2659 2664
f 2769 2780 2786
f 2663 2644 2656
f 2642 2748 2651
f 2647 2634 2653
f 2789 2721 2691
f 2789 2691 2684
f 2799 2783 2779
f 2707 2705 2709
f 2775 2769 2758
f 2789 2720 2721
f 2702 2709 2703
f 2723 2790 2770
f 2697 2815 2808
f 2702 2695 2700
f 2775 2788 2774
f 2681 2685 2676
f 2720 2684 2721
f 2723 2682 2790
f 2714 2621 2712
f 2667 2643 2651
f 2701 2803 2804
f 2633 2656 2627
f 2684 2751 2791
f 2681 2689 2693
f 2735 2738 2745
f 2696 2689 2690
f 2683 2807 2811
f 2618 2713 2717
f 2803 2690 2802
f 2785 2684 2791
f 2818 2819 2733
f 2686 2692 2695
f 2686 2695 2678
f 2818 2737 2736
f 2816 2812 2815
f 2704 2703 2709
f 2704 2709 2705
f 2758 2769 2829
f 2698 2709 2699
f 2825 2733 2731
f 2655 2653 2675
f 2693 2685 2681
f 2805 2794 2801
f 2810 2792 2806
f 2811 2806 2792
f 2748 2735 2762
f 2748 2762 2651
f 2801 2795 2810
f 2707 2709 2706
f 2696 2701 2809
f 2671 2676 2685
f 2751 2785 2791
f 2739 2756 2764
f 2803 2701 2696
f 2670 2665 2782
f 2803 2797 2787
f 2723 2770 2827
f 2775 2758 2763
f 2759 2768 2783
f 2638 2711 2639
f 2706 2710 2705
f 2810 2813 2809
f 2810 2812 2814
f 2765 2742 2744
f 2682 2650 2674
f 2754 2764 2756
f 2679 2665 2680
f 2815 2697 2708
f 2818 2741 2743
f 2706 2809 2813
f 2751 2760 2644
f 2730 2756 2739
f 2717 2638 2626
f 2665 2719 2680
f 2684 2720 2688
f 2682 2808 2807
f 2710 2725 2708
f 2710 2708 2705
f 2815 2817 2816
f 2694 2682 2703
f 2679 2680 2684
f 2817 2706 2816
f 2776 2785 2669
f 2706 2817 2710
f 2801 2793 2792
f 2755 2741 2767
f 2720 2799 2782
f 2789 2785 2783
f 2653 2634 2640
f 2741 2778 2767
f 2628 2711 2629
f 2727 2737 2820
f 2682 2674 2677
f 2638 2717 2711
f 2737 2818 2823
f 2763 2758 2827
f 2750 2756 2740
f 2678 2674 2662
f 2808 2682 2694
f 2629 2712 2619
f 2629 2619 2634
f 2751 2668 2766
f 2676 2690 2681
f 2807 2683 2682
f 2779 2765 2799
f 2651 2669 2667
f 2812 2816 2706
f 2823 2825 2826
f 2723 2827 2724
f 2822 2824 2726
f 2803 2696 2690
f 2754 2657 2761
f 2714 2715 2621
f 2713 2715 2629
f 2717 2629 2711
f 2715 2713 2620
f 2622 2623 2617
f 2621 2634 2619
f 2718 2633 2624
f 2617 2624 2632
f 2623 2622 2625
f 2621 2640 2634
f 2622 2617 2630
f 2631 2623 2645
f 2629 2634 2628
f 2711 2628 2639
f 2630 2625 2622
f 2646 2628 2634
f 2646 2639 2628
f 2625 2630 2635
f 2636 2625 2635
f 2623 2625 2645
f 2641 2627 2656
f 2754 2627 2641
f 2630 2617 2632
f 2635 2630 2632
f 2656 2648 2658
f 2644 2641 2656
f 2652 2645 2636
f 2647 2654 2646
f 2674 2650 2659
f 2829 2659 2650
f 2635 2632 2754
f 2643 2667 2636
f 2658 2648 2637
f 2682 2829 2650
f 2829 2682 2723
f 2624 2627 2632
f 2652 2653 2645
f 2726 2738 2822
f 2726 2820 2826
f 2652 2636 2667
f 2653 2652 2667
f 2644 2665 2660
f 2644 2782 2665
f 2803 2798 2804
f 2658 2655 2675
f 2679 2669 2660
f 2653 2672 2675
f 2649 2666 2673
f 2685 2666 2671
f 2733 2755 2746
f 2733 2746 2738
f 2667 2679 2672
f 2664 2797 2671
f 2757 2765 2744
f 2757 2744 2739
f 2679 2660 2665
f 2677 2674 2678
f 2686 2678 2662
f 2688 2663 2675
f 2687 2672 2679
f 2686 2673 2685
f 2801 2809 2805
f 2684 2688 2687
f 2690 2676 2797
f 2686 2693 2699
f 2655 2654 2647
f 2797 2802 2690
f 2692 2686 2699
f 2730 2732 2822
f 2693 2698 2699
f 2692 2699 2695
f 2808 2694 2703
f 2700 2699 2709
f 2635 2754 2642
f 2675 2672 2687
f 2707 2706 2705
f 2787 2794 2800
f 2787 2800 2798
f 2720 2782 2663
f 2683 2790 2682
f 2649 2662 2674
f 2646 2654 2655
f 2798 2809 2701
f 2798 2701 2804
f 2718 2618 2626
f 2723 2827 2829
f 2829 2664 2659
f 2620 2621 2715
f 2825 2726 2826
f 2825 2823 2818
f 2726 2825 2821
f 2821 2825 2731
f 2826 2820 2737
f 2732 2729 2822
f 2743 2733 2819
f 2727 2820 2726
f 2732 2739 2729
f 2740 2822 2728
f 2738 2731 2733
f 2747 2733 2743
f 2739 2734 2727
f 2738 2750 2740
f 2712 2715 2714
f 2756 2730 2740
f 2727 2734 2737
f 2755 2738 2746
f 2753 2760 2739
f 2739 2760 2757
f 2747 2741 2755
f 2748 2642 2750
f 2642 2754 2750
f 2749 2744 2742
f 2797 2664 2722
f 2702 2700 2709
f 2745 2755 2735
f 2764 2753 2739
f 2764 2761 2760
f 2766 2781 2760
f 2781 2765 2757
f 2762 2735 2755
f 2759 2742 2768
f 2775 2780 2769
f 2775 2763 2771
f 2773 2768 2742
f 2772 2762 2755
f 2651 2669 2661
f 2796 2771 2763
f 2783 2741 2759
f 2671 2797 2676
f 2651 2776 2669
f 2777 2776 2651
f 2741 2783 2778
f 2780 2775 2774
f 2683 2796 2763
f 2783 2768 2773
f 2787 2780 2784
f 2770 2790 2763
f 2785 2772 2778
f 2785 2776 2777
f 2780 2774 2784
f 2787 2784 2794
f 2683 2763 2790
f 2811 2796 2683
f 2793 2794 2792
f 2794 2793 2801
f 2803 2787 2798
f 2684 2668 2751
f 2649 2664 2671
f 2795 2801 2792
f 2775 2811 2792
f 2811 2775 2796
f 2802 2797 2803
f 2789 2799 2720
f 2682 2678 2695
f 2698 2693 2689
f 2807 2808 2811
f 2794 2805 2798
f 2809 2798 2805
f 2811 2815 2810
f 2812 2810 2815
f 2808 2815 2811
f 2809 2801 2810
f 2813 2810 2814
f 2798 2800 2794
f 2819 2818 2743
f 2814 2706 2813
f 2706 2814 2812
f 2695 2702 2682
f 2773 2765 2779
f 2725 2817 2708
f 2723 2724 2827
f 2710 2817 2725
f 2629 2715 2712
f 2787 2786 2780
f 2627 2754 2632
f 2772 2767 2778
f 2687 2688 2675
f 2755 2745 2738
f 2696 2698 2689
f 2797 2786 2787
f 2827 2758 2829
f 2770 2763 2827
f 2751 2828 2785
f 2751 2669 2828
f 2785 2828 2669
f 2829 2786 2722
f 2829 2830 2827
f 2786 2797 2722
f 2756 2750 2754
f 2719 2668 2684
f 2719 2684 2680
f 2697 2703 2708
f 1147 1151 1145
f 1147 1145 1148
f 1149 1150 1144
f 1149 1144 1146
f 1154 1156 1197
f 1197 1156 1199
f 1175 1176 1213
f 1213 1176 1215
f 1195 1196 1194
f 1224 1194 1190
f 1222 1190 1220
f 1186 1220 1187
f 1185 1220 1183
f 1158 1200 1199
f 1158 1199 1156
f 1218 1182 1217
f 1213 1214 1212
f 1174 1212 1211
f 1173 1211 1172
f 1209 1172 1167
f 1207 1167 1206
f 1163 1206 1165
f 1205 1206 1162
f 1202 1161 1201
f 1198 1157 1155
f 1197 1198 1153
f 1152 1153 1196
f 1159 1202 1200
f 1159 1200 1158
f 1205 1204 1164
f 1207 1164 1166
f 1207 1166 1168
f 1208 1207 1168
f 1208 1168 1170
f 1209 1208 1170
f 1209 1170 1171
f 1210 1209 1171
f 1173 1210 1171
f 1179 1216 1215
f 1179 1215 1176
f 1181 1218 1216
f 1181 1216 1179
f 1184 1219 1218
f 1222 1221 1188
f 1222 1188 1189
f 1223 1222 1189
f 1223 1189 1191
f 1224 1223 1191
f 1224 1191 1193
f 1225 1224 1193
f 1195 1225 1193
f 1190 1187 1220
f 1225 1195 1194
f 1224 1225 1194
f 1192 1190 1194
f 1223 1224 1190
f 1222 1223 1190
f 1220 1186 1183
f 1221 1222 1220
f 1185 1221 1220
f 1180 1178 1217
f 1180 1217 1182
f 1184 1185 1183
f 1182 1184 1183
f 1219 1184 1182
f 1218 1219 1182
f 1178 1177 1214
f 1178 1214 1217
f 1216 1218 1217
f 1217 1214 1215
f 1217 1215 1216
f 1177 1212 1214
f 1213 1215 1214
f 1175 1213 1212
f 1174 1175 1212
f 1173 1174 1211
f 1172 1169 1167
f 1210 1173 1172
f 1209 1210 1172
f 1167 1165 1206
f 1208 1209 1167
f 1207 1208 1167
f 1206 1163 1162
f 1164 1207 1206
f 1205 1164 1206
f 1160 1157 1201
f 1160 1201 1161
f 1204 1205 1162
f 1161 1204 1162
f 1203 1204 1161
f 1202 1203 1161
f 1201 1198 1199
f 1201 1199 1200
f 1200 1202 1201
f 1198 1201 1157
f 1197 1199 1198
f 1153 1198 1155
f 1154 1197 1153
f 1152 1154 1153
f 1195 1152 1196
f 1146 1149 1148
f 1146 1148 1147
f 1227 1230 1226
f 1228 1229 1227
f 1226 1230 1228
f 1227 1234 1230
f 1227 1229 1234
f 1230 1231 1228
f 1234 1233 1230
f 1228 1232 1229
f 1231 1232 1228
f 1229 1232 1234
f 1231 1230 1232
f 1230 1233 1232
f 1234 1235 1233
f 1232 1236 1234
f 1235 1238 1233
f 1236 1235 1234
f 1233 1237 1232
f 1233 1238 1237
f 1235 1239 1238
f 1237 1238 1232
f 1236 1239 1235
f 1232 1240 1236
f 1238 1240 1232
f 1239 1241 1238
f 1236 1240 1239
f 1239 1244 1241
f 1238 1241 1240
f 1240 1242 1239
f 1239 1243 1244
f 1242 1243 1239
f 1241 1242 1240
f 1241 1246 1242
f 1243 1245 1244
f 1242 1245 1243
f 1246 1245 1242
f 1244 1248 1241
f 1245 1249 1244
f 1241 1248 1246
f 1246 1247 1245
f 1247 1249 1245
f 1244 1250 1248
f 1249 1250 1244
f 1247 1246 1249
f 1248 1251 1246
f 1249 1253 1250
f 1246 1252 1249
f 1251 1252 1246
f 1250 1253 1248
f 1252 1253 1249
f 1248 1253 1251
f 1253 1254 1255
f 1251 1256 1252
f 1252 1256 1253
f 1255 1258 1253
f 1253 1258 1251
f 1256 1254 1253
f 1251 1257 1256
f 1257 1259 1256
f 1255 1254 1258
f 1259 1254 1256
f 1251 1258 1257
f 1254 1260 1258
f 1258 1259 1257
f 1260 1264 1258
f 1254 1259 1260
f 1258 1264 1259
f 1264 1262 1259
f 1259 1261 1260
f 1259 1263 1261
f 1262 1263 1259
f 1261 1264 1260
f 1261 1265 1264
f 1262 1266 1263
f 1263 1267 1261
f 1263 1268 1267
f 1272 1274 1269
f 1271 1269 1270
f 1272 1273 1274
f 1270 1273 1272
f 1269 1273 1270
f 1269 1274 1273
f 1273 1274 1276
f 1273 1277 1274
f 1273 1276 1277
f 1274 1275 1276
f 1277 1275 1274
f 1276 1275 1277
f 1275 1281 1277
f 1277 1282 1275
f 1278 1282 1277
f 1281 1278 1277
f 1275 1280 1279
f 1282 1280 1275
f 1283 1288 1287
f 1288 1286 1287
f 1284 1288 1283
f 1285 1286 1284
f 1288 1290 1286
f 1286 1289 1284
f 1284 1290 1288
f 1289 1290 1284
f 1286 1290 1289
f 1290 1291 1289
f 1290 1293 1294
f 1289 1293 1290
f 1290 1292 1291
f 1289 1291 1293
f 1290 1294 1292
f 1292 1294 1291
f 1291 1295 1293
f 1291 1296 1295
f 1294 1293 1291
f 1293 1296 1291
f 1295 1297 1293
f 1296 1299 1295
f 1297 1296 1293
f 1295 1299 1297
f 1299 1298 1297
f 1297 1300 1296
f 1297 1298 1300
f 1296 1300 1299
f 1300 1302 1299
f 1299 1301 1298
f 1298 1302 1300
f 1302 1301 1299
f 1298 1301 1302
f 1301 1305 1302
f 1305 1304 1302
f 1301 1303 1305
f 1304 1301 1302
f 1305 1306 1304
f 1304 1303 1301
f 1304 1307 1303
f 1306 1307 1304
f 1303 1309 1305
f 1305 1309 1306
f 1308 1309 1303
f 1307 1308 1303
f 1309 1310 1306
f 1306 1311 1307
f 1313 1316 1312
f 1314 1317 1315
f 1313 1317 1316
f 1317 1320 1316
f 1316 1320 1314
f 1315 1317 1313
f 1314 1318 1317
f 1318 1319 1317
f 1314 1320 1318
f 1317 1319 1320
f 1320 1319 1324
f 1318 1321 1319
f 1319 1321 1324
f 1320 1321 1318
f 1320 1322 1321
f 1321 1323 1324
f 1321 1322 1323
f 1324 1325 1320
f 1325 1322 1320
f 1326 1328 1324
f 1325 1323 1322
f 1323 1327 1324
f 1331 1333 1332
f 1332 1333 1329
f 1332 1329 1330
f 1329 1333 1331
f 1333 1334 1329
f 1336 1335 1329
f 1334 1336 1329
f 1329 1334 1333
f 1329 1335 1334
f 1335 1337 1334
f 1337 1340 1334
f 1334 1335 1336
f 1334 1340 1335
f 1340 1342 1335
f 1335 1342 1337
f 1337 1339 1340
f 1341 1343 1340
f 1337 1344 1338
f 1342 1344 1337
f 1346 1351 1350
f 1345 1352 1349
f 1348 1349 1347
f 1347 1351 1346
f 1345 1350 1352
f 1351 1353 1350
f 1349 1352 1347
f 1353 1352 1350
f 1352 1354 1347
f 1354 1355 1347
f 1347 1356 1351
f 1353 1359 1352
f 1351 1359 1353
f 1347 1357 1356
f 1355 1357 1347
f 1352 1355 1354
f 1352 1359 1355
f 1351 1356 1359
f 1355 1358 1357
f 1359 1358 1355
f 1357 1359 1356
f 1359 1361 1358
f 1359 1360 1361
f 1358 1361 1357
f 1361 1363 1357
f 1357 1363 1359
f 1359 1366 1360
f 1360 1363 1361
f 1363 1366 1359
f 1360 1362 1363
f 1363 1362 1367
f 1360 1364 1362
f 1360 1365 1364
f 1366 1365 1360
f 166 171 170
f 168 174 167
f 165 175 169
f 167 171 166
f 174 172 167
f 169 174 168
f 169 175 174
f 170 173 165
f 167 172 171
f 165 173 175
f 170 177 173
f 171 178 170
f 172 176 171
f 175 180 174
f 173 180 175
f 174 179 172
f 182 2968 181
f 183 189 193
f 2973 189 183
f 184 194 2973
f 187 194 184
f 188 187 184
f 193 188 185
f 2973 190 189
f 194 190 2973
f 189 191 193
f 187 192 194
f 188 192 187
f 188 200 192
f 189 195 191
f 190 195 189
f 190 205 195
f 190 216 205
f 194 216 190
f 191 197 193
f 188 196 200
f 193 197 196
f 193 196 188
f 191 198 197
f 198 203 197
f 195 199 198
f 195 198 191
f 196 202 201
f 196 201 200
f 197 203 202
f 197 202 196
f 198 204 203
f 204 209 203
f 199 213 204
f 199 204 198
f 195 213 199
f 200 206 192
f 201 207 206
f 201 206 200
f 202 208 201
f 208 207 201
f 203 209 208
f 203 208 202
f 204 210 209
f 213 210 204
f 194 211 216
f 192 211 194
f 206 214 192
f 207 214 206
f 208 212 207
f 212 214 207
f 209 210 212
f 209 212 208
f 212 217 214
f 210 217 212
f 195 205 213
f 216 215 205
f 211 219 216
f 205 215 213
f 216 220 215
f 219 220 216
f 192 223 211
f 214 223 192
f 213 221 210
f 215 221 213
f 210 221 217
f 214 218 223
f 217 218 214
f 215 222 221
f 223 219 211
f 221 230 217
f 220 222 215
f 222 227 221
f 217 224 218
f 230 224 217
f 221 227 230
f 220 225 222
f 222 225 227
f 219 226 220
f 223 226 219
f 218 228 223
f 220 226 225
f 227 233 230
f 224 228 218
f 223 228 226
f 225 233 227
f 226 229 225
f 228 232 226
f 225 229 233
f 228 234 232
f 231 234 228
f 236 237 245
f 244 235 243
f 241 242 240
f 245 246 235
f 238 246 237
f 240 238 239
f 243 2989 242
f 2831 2841 2834
f 2833 2834 2841
f 2832 2834 2833
f 2831 2834 2835
f 2845 2831 2835
f 2832 2833 2834
f 2845 2835 2847
f 2839 2836 2838
f 2833 2841 2842
f 2835 2834 2833
f 2840 2836 2839
f 2839 2847 2835
f 2839 2838 2837
f 2841 2831 2845
f 2835 2840 2839
f 2835 2833 2840
f 2840 2833 2842
f 2836 2840 2842
f 2842 2837 2836
f 2836 2837 2838
f 2847 2839 2837
f 2843 2842 2841
f 2844 2847 2837
f 2843 2837 2842
f 2845 2837 2843
f 2844 2848 2847
f 2845 2843 2841
f 2845 2846 2837
f 2848 2837 2846
f 2844 2837 2848
f 2847 2848 2845
f 2846 2845 2848
f 2849 2851 2850
f 2851 2849 2850
f 2851 2849 2860
f 2854 2860 2849
f 2854 2849 2855
f 2849 2851 2853
f 2849 2857 2855
f 2849 2866 2857
f 2855 2856 2854
f 2856 2855 2857
f 2856 2858 2860
f 2858 2859 2863
f 2858 2863 2860
f 2856 2859 2858
f 2856 2865 2859
f 2851 2860 2853
f 2852 2861 2860
f 2852 2860 2863
f 2860 2854 2856
f 2856 2857 2866
f 2865 2863 2859
f 2867 2861 2852
f 2866 2849 2865
f 2865 2856 2866
f 2865 2849 2853
f 2852 2863 2865
f 2862 2864 2852
f 2864 2867 2852
f 2860 2861 2867
f 2860 2867 2853
f 2852 2865 2862
f 2867 2865 2853
f 2862 2865 2864
f 2867 2864 2865
f 2869 2875 2872
f 2869 2876 2875
f 2880 2871 2870
f 2871 2868 2870
f 2869 2872 2876
f 2880 2870 2878
f 2868 2878 2870
f 2875 2874 2872
f 2875 2871 2874
f 2868 2871 2875
f 2877 2874 2871
f 2878 2879 2880
f 2880 2877 2871
f 2872 2874 2877
f 2877 2873 2872
f 2882 2868 2876
f 2882 2878 2868
f 2868 2875 2876
f 2878 2894 2881
f 2881 2879 2878
f 2877 2880 2884
f 2894 2878 2882
f 2894 2882 2895
f 2887 2872 2873
f 2879 2888 2885
f 2879 2885 2880
f 2881 2886 2879
f 2873 2877 2884
f 2873 2884 2893
f 2895 2889 2894
f 2882 2876 2895
f 2895 2876 2883
f 2872 2883 2876
f 2888 2884 2885
f 2890 2884 2888
f 2880 2885 2884
f 2892 2879 2886
f 2891 2893 2890
f 2881 2894 2886
f 2890 2893 2884
f 2886 2894 2892
f 2887 2873 2893
f 2891 2887 2893
f 2883 2872 2887
f 2888 2898 2899
f 2879 2889 2888
f 2888 2889 2896
f 2898 2888 2896
f 2899 2890 2888
f 2890 2897 2891
f 2892 2889 2879
f 2894 2889 2892
f 2889 2895 2897
f 2887 2891 2897
f 2895 2883 2887
f 2887 2897 2895
f 2890 2899 2898
f 2897 2890 2896
f 2898 2896 2890
f 2896 2889 2897
f 2906 2900 2901
f 2909 2904 2903
f 2902 2903 2904
f 2903 2902 2910
f 2901 2908 2906
f 2910 2909 2903
f 2900 2908 2901
f 2905 2906 2902
f 2900 2906 2904
f 2905 2902 2904
f 2905 2904 2906
f 2908 2900 2904
f 2917 2902 2912
f 2902 2918 2912
f 2906 2918 2902
f 2924 2906 2908
f 2902 2917 2910
f 2904 2909 2914
f 2910 2917 2916
f 2915 2910 2916
f 2907 2908 2904
f 2916 2912 2918
f 2917 2912 2916
f 2924 2908 2907
f 2906 2924 2918
f 2926 2915 2928
f 2915 2926 2919
f 2926 2914 2909
f 2913 2926 2909
f 2915 2919 2910
f 2909 2910 2913
f 2919 2926 2913
f 2910 2919 2913
f 2914 2911 2904
f 2911 2920 2904
f 2920 2907 2904
f 2918 2921 2916
f 2923 2926 2927
f 2914 2926 2922
f 2926 2923 2922
f 2928 2915 2916
f 2911 2914 2922
f 2922 2920 2911
f 2922 2923 2920
f 2916 2921 2929
f 2921 2918 2929
f 2918 2924 2907
f 2923 2925 2920
f 2928 2916 2929
f 2907 2929 2918
f 2925 2923 2927
f 2925 2927 2926
f 2926 2929 2925
f 2928 2929 2926
f 2925 2929 2907
f 2920 2925 2907
f 2934 2930 2937
f 2930 2932 2937
f 2936 2935 2953
f 2938 2935 2936
f 2934 2937 2938
f 2935 2937 2932
f 2935 2938 2937
f 2935 2931 2950
f 2938 2936 2939
f 2941 2930 2938
f 2940 2949 2933
f 2930 2934 2938
f 2933 2938 2940
f 2944 2932 2930
f 2931 2935 2932
f 2939 2940 2938
f 2949 2940 2939
f 2949 2939 2943
f 2935 2950 2953
f 2944 2930 2941
f 2938 2933 2941
f 2941 2933 2944
f 2932 2945 2931
f 2944 2945 2932
f 2936 2946 2942
f 2942 2939 2936
f 2943 2952 2949
f 2949 2944 2933
f 2939 2942 2943
f 2947 2944 2949
f 2945 2944 2947
f 2948 2931 2945
f 2948 2945 2947
f 2943 2942 2952
f 2936 2953 2946
f 2956 2947 2949
f 2952 2955 2949
f 2931 2948 2950
f 2948 2947 2950
f 2951 2952 2942
f 2956 2949 2955
f 2953 2947 2956
f 2953 2950 2947
f 2946 2957 2942
f 2957 2954 2942
f 2942 2954 2951
f 2955 2952 2954
f 2951 2954 2952
f 2956 2955 2954
f 2957 2946 2956
f 2954 2957 2956
f 2953 2956 2946
f 1147 1151 1145
f 1147 1145 1148
f 1149 1150 1144
f 1149 1144 1146
f 1545 1546 1551
f 1577 1546 1553
f 1580 1551 1546
f 1582 1546 1577
f 1556 1551 1580
f 1545 1551 1550
f 1556 1580 1579
f 1550 1551 1552
f 1559 1550 1552
f 1551 1556 1558
f 1553 1554 1557
f 1559 1557 1550
f 1558 1563 1551
f 1563 1562 1551
f 1551 1562 1560
f 1552 1551 1560
f 1550 1554 1553
f 1557 1554 1550
f 1555 1549 1577
f 1552 1560 1562
f 1562 1559 1552
f 1557 1561 1553
f 1561 1564 1553
f 1564 1577 1553
f 1565 1559 1562
f 1571 1561 1557
f 1565 1566 1559
f 1565 1562 1563
f 1570 1564 1561
f 1571 1557 1559
f 1563 1567 1565
f 1571 1559 1566
f 1569 1566 1568
f 1566 1569 1573
f 1573 1571 1566
f 1570 1576 1572
f 1571 1570 1561
f 1576 1570 1571
f 1573 1576 1571
f 1575 1576 1573
f 1577 1549 1582
f 1545 1550 1553
f 1553 1546 1545
f 1581 1582 1549
f 1581 1549 1548
f 1582 1580 1546
f 1584 1547 1580
f 1584 1580 1583
f 1580 1582 1583
f 1578 1556 1579
f 1579 1580 1547
f 1574 1572 1576
f 1624 1587 1622
f 1623 1621 1622
f 1622 1621 1624
f 1623 1586 1621
f 1587 1624 1620
f 1623 1590 1586
f 1623 1622 1587
f 1623 1587 1590
f 1593 1587 1620
f 1624 1621 1591
f 1585 1624 1591
f 1589 1621 1586
f 1588 1593 1620
f 1585 1591 1594
f 1620 1585 1592
f 1620 1592 1588
f 1591 1621 1595
f 1598 1586 1590
f 1595 1621 1589
f 1598 1589 1586
f 1594 1592 1585
f 1587 1603 1590
f 1588 1602 1593
f 1587 1593 1603
f 1594 1596 1592
f 1588 1592 1610
f 1594 1591 1595
f 1597 1596 1594
f 1588 1610 1602
f 1611 1603 1593
f 1599 1594 1604
f 1602 1611 1593
f 1603 1598 1590
f 1594 1595 1604
f 1597 1594 1599
f 1606 1589 1598
f 1609 1596 1597
f 1600 1597 1599
f 1605 1598 1603
f 1589 1604 1595
f 1598 1605 1606
f 1605 1603 1611
f 1606 1607 1589
f 1610 1596 1609
f 1610 1592 1596
f 1613 1599 1604
f 1602 1612 1611
f 1612 1602 1608
f 1613 1604 1607
f 1599 1613 1615
f 1606 1613 1607
f 1612 1605 1611
f 1617 1613 1606
f 1606 1605 1612
f 1617 1615 1613
f 1617 1606 1612
f 1617 1618 1615
f 1618 1617 1619
f 1612 1619 1617
f 1604 1589 1607
f 1620 1624 1585
f 1600 1625 1612
f 1612 1625 1626
f 1597 1600 1608
f 1625 1600 1599
f 1608 1600 1612
f 1618 1628 1615
f 1612 1626 1616
f 1610 1627 1601
f 1599 1615 1614
f 1146 1149 1148
f 1146 1148 1147
f 1 3 2
f 2 3 1
f 3 5 4
f 4 5 3
f 7 6 4
f 5 7 4
f 5 4 10
f 5 10 7
f 4 6 10
f 10 8 7
f 7 9 6
f 6 9 10
f 7 8 9
f 8 12 9
f 10 12 8
f 9 13 10
f 12 14 9
f 9 11 13
f 14 11 9
f 10 13 12
f 12 15 14
f 12 13 15
f 11 15 13
f 14 18 11
f 11 18 15
f 15 18 14
f 14 16 18
f 18 17 14
f 14 19 16
f 21 23 20
f 22 23 21
f 20 23 22
f 22 24 23
f 24 22 23
f 24 25 22
f 22 25 24
f 29 26 25
f 25 27 29
f 25 28 27
f 26 28 25
f 28 29 27
f 32 30 26
f 29 32 26
f 26 30 28
f 31 32 29
f 29 28 31
f 30 31 28
f 31 30 32
f 30 33 32
f 32 33 30
f 33 34 30
f 30 34 33
f 33 37 34
f 34 37 33
f 37 35 34
f 34 36 37
f 35 36 34
f 36 38 37
f 38 39 37
f 39 38 36
f 35 39 36
f 37 39 35
f 39 40 38
f 39 41 40
f 39 38 41
f 38 40 41
f 41 43 40
f 40 42 41
f 45 42 40
f 43 45 40
f 42 44 41
f 44 43 41
f 43 46 45
f 44 46 43
f 42 45 44
f 45 46 44
f 45 48 46
f 45 46 47
f 51 49 50
f 53 52 49
f 52 53 49
f 53 54 55
f 52 54 53
f 53 55 52
f 54 56 55
f 55 58 52
f 56 58 55
f 54 57 56
f 52 57 54
f 52 58 57
f 57 58 56
f 58 59 57
f 58 62 59
f 59 58 57
f 58 61 62
f 59 61 58
f 59 63 61
f 60 63 59
f 59 62 60
f 62 63 60
f 63 62 61
f 62 64 63
f 64 65 63
f 63 64 62
f 65 66 63
f 63 66 64
f 66 65 64
f 65 67 66
f 67 68 66
f 67 65 68
f 66 69 65
f 68 69 66
f 65 69 68
f 68 70 69
f 71 70 68
f 69 71 68
f 70 71 69
f 71 72 70
f 70 73 71
f 71 73 74
f 71 75 72
f 70 72 73
f 74 75 71
f 72 74 73
f 75 74 72
f 74 76 75
f 76 77 75
f 75 78 74
f 80 84 79
f 81 80 79
f 79 84 81
f 81 84 80
f 84 82 81
f 81 82 84
f 82 83 84
f 84 85 86
f 82 84 83
f 84 83 85
f 84 87 83
f 84 86 87
f 85 83 86
f 86 83 88
f 87 88 83
f 86 88 87
f 88 87 89
f 88 90 87
f 88 89 91
f 87 91 89
f 88 91 90
f 87 90 91
f 92 93 91
f 91 94 92
f 91 93 94
f 94 93 92
f 93 95 96
f 93 96 95
f 98 97 96
f 97 98 96
f 98 99 97
f 97 100 98
f 100 101 98
f 99 100 97
f 99 101 100
f 98 101 99
f 100 102 101
f 101 103 100
f 103 102 100
f 106 105 104
f 104 105 106
f 108 110 105
f 107 109 105
f 109 108 105
f 105 109 107
f 105 110 109
f 110 108 109
f 110 111 108
f 108 111 110
f 110 112 111
f 113 112 110
f 111 113 110
f 114 116 115
f 114 119 116
f 117 119 114
f 115 117 114
f 118 115 116
f 119 118 116
f 115 118 117
f 118 119 117
f 119 120 118
f 122 123 121
f 123 124 121
f 123 125 124
f 121 125 123
f 125 126 124
f 121 124 125
f 124 126 125
f 124 127 126
f 129 130 128
f 129 128 130
f 130 131 128
f 128 131 130
f 134 132 131
f 131 132 134
f 132 134 133
f 132 135 134
f 133 137 136
f 133 136 132
f 134 137 133
f 135 137 134
f 137 138 136
f 135 136 137
f 132 136 135
f 136 139 137
f 141 142 140
f 140 142 141
f 142 144 143
f 142 145 144
f 143 145 142
f 146 147 149
f 149 148 146
f 148 151 146
f 147 151 149
f 146 151 147
f 149 151 148
f 148 152 151
f 150 153 151
f 151 152 150
f 148 155 152
f 153 148 151
f 152 154 150
f 156 159 157
f 157 158 156
f 159 161 157
f 157 161 158
f 158 161 156
f 159 160 161
f 160 162 161
f 156 160 159
f 156 161 160
f 161 162 160
f 163 164 160
f 166 171 170
f 168 174 167
f 165 175 169
f 167 171 166
f 174 172 167
f 169 174 168
f 169 175 174
f 170 173 165
f 167 172 171
f 165 173 175
f 170 177 173
f 171 178 170
f 172 176 171
f 175 180 174
f 173 180 175
f 174 179 172
f 182 2968 181
f 183 189 193
f 2973 189 183
f 184 194 2973
f 187 194 184
f 188 187 184
f 193 188 185
f 2973 190 189
f 194 190 2973
f 189 191 193
f 187 192 194
f 188 192 187
f 188 200 192
f 189 195 191
f 190 195 189
f 190 205 195
f 190 216 205
f 194 216 190
f 191 197 193
f 188 196 200
f 193 197 196
f 193 196 188
f 191 198 197
f 198 203 197
f 195 199 198
f 195 198 191
f 196 202 201
f 196 201 200
f 197 203 202
f 197 202 196
f 198 204 203
f 204 209 203
f 199 213 204
f 199 204 198
f 195 213 199
f 200 206 192
f 201 207 206
f 201 206 200
f 202 208 201
f 208 207 201
f 203 209 208
f 203 208 202
f 204 210 209
f 213 210 204
f 194 211 216
f 192 211 194
f 206 214 192
f 207 214 206
f 208 212 207
f 212 214 207
f 209 210 212
f 209 212 208
f 212 217 214
f 210 217 212
f 195 205 213
f 216 215 205
f 211 219 216
f 205 215 213
f 216 220 215
f 219 220 216
f 192 223 211
f 214 223 192
f 213 221 210
f 215 221 213
f 210 221 217
f 214 218 223
f 217 218 214
f 215 222 221
f 223 219 211
f 221 230 217
f 220 222 215
f 222 227 221
f 217 224 218
f 230 224 217
f 221 227 230
f 220 225 222
f 222 225 227
f 219 226 220
f 223 226 219
f 218 228 223
f 220 226 225
f 227 233 230
f 224 228 218
f 223 228 226
f 225 233 227
f 226 229 225
f 228 232 226
f 225 229 233
f 228 234 232
f 231 234 228
f 236 237 245
f 244 235 243
f 241 242 240
f 245 246 235
f 238 246 237
f 240 238 239
f 243 2989 242
f 249 252 247
f 247 251 248
f 248 253 249
f 251 253 248
f 247 254 251
f 252 254 247
f 249 254 252
f 250 254 249
f 249 255 250
f 253 251 249
f 251 256 249
f 254 258 251
f 250 258 254
f 249 256 255
f 255 258 250
f 251 259 256
f 258 257 251
f 251 257 259
f 256 258 255
f 259 260 256
f 258 261 257
f 256 260 258
f 260 262 258
f 257 263 259
f 258 262 261
f 260 259 262
f 261 263 257
f 259 266 262
f 263 264 259
f 261 265 263
f 262 265 261
f 265 264 263
f 264 266 259
f 262 267 265
f 266 267 262
f 265 269 264
f 267 266 265
f 266 268 265
f 265 268 269
f 264 268 266
f 264 269 268
f 268 273 269
f 269 270 268
f 270 273 268
f 269 272 270
f 271 272 269
f 269 273 271
f 272 273 270
f 273 274 271
f 272 276 273
f 271 274 272
f 276 278 273
f 272 274 276
f 273 275 274
f 278 275 273
f 274 279 276
f 275 278 274
f 276 280 278
f 277 279 274
f 278 281 274
f 280 282 278
f 279 280 276
f 274 281 277
f 277 280 279
f 278 283 281
f 278 282 283
f 282 287 283
f 286 282 280
f 277 281 280
f 282 286 287
f 283 284 281
f 281 284 280
f 287 285 283
f 286 288 287
f 280 288 286
f 280 284 288
f 283 289 284
f 285 290 283
f 285 287 290
f 290 289 283
f 289 288 284
f 291 293 288
f 287 288 290
f 289 291 288
f 293 292 288
f 289 294 291
f 290 294 289
f 292 290 288
f 292 296 290
f 291 295 293
f 297 295 291
f 290 296 294
f 294 297 291
f 293 296 292
f 294 296 297
f 293 295 296
f 297 298 295
f 295 300 299
f 298 300 295
f 299 297 296
f 295 299 296
f 299 298 297
f 300 302 299
f 298 301 300
f 299 306 298
f 301 303 300
f 298 303 301
f 299 304 306
f 302 304 299
f 298 306 303
f 302 300 304
f 303 307 300
f 300 307 304
f 304 307 306
f 306 305 303
f 307 305 306
f 303 310 307
f 303 305 310
f 307 308 305
f 305 308 310
f 307 309 308
f 310 309 307
f 309 311 308
f 310 308 312
f 311 313 308
f 310 312 309
f 308 313 312
f 313 316 312
f 309 314 311
f 312 315 309
f 311 314 313
f 316 315 312
f 314 316 313
f 315 318 309
f 309 318 314
f 316 318 315
f 318 317 314
f 318 316 320
f 314 319 316
f 317 319 314
f 318 320 317
f 319 317 316
f 317 320 316
f 320 321 324
f 322 325 320
f 320 323 322
f 324 323 320
f 326 330 329
f 327 328 326
f 326 328 330
f 330 332 328
f 328 331 330
f 328 332 331
f 331 332 330
f 332 334 328
f 328 334 332
f 330 333 332
f 332 333 330
f 332 335 336
f 334 335 332
f 332 336 334
f 336 338 334
f 335 337 336
f 335 339 337
f 334 340 335
f 340 341 335
f 334 338 340
f 335 344 339
f 341 344 335
f 337 342 336
f 342 345 336
f 345 343 336
f 348 351 347
f 346 347 350
f 349 351 348
f 350 354 349
f 347 354 350
f 351 352 347
f 349 353 351
f 354 353 349
f 347 352 354
f 353 354 351
f 351 354 352
f 354 355 351
f 351 355 354
f 355 357 354
f 354 356 355
f 354 357 356
f 355 359 357
f 356 360 355
f 358 359 355
f 360 358 355
f 356 357 361
f 360 363 358
f 356 361 360
f 358 357 359
f 358 362 357
f 357 362 361
f 363 364 358
f 361 363 360
f 362 366 361
f 366 367 361
f 358 365 362
f 364 365 358
f 367 363 361
f 365 366 362
f 364 368 365
f 363 368 364
f 363 367 368
f 366 372 367
f 365 372 366
f 369 372 365
f 367 370 368
f 365 368 369
f 372 370 367
f 369 374 372
f 370 373 368
f 368 374 369
f 372 371 370
f 372 374 371
f 373 374 368
f 370 371 373
f 373 375 374
f 374 375 371
f 371 378 373
f 371 379 378
f 371 377 379
f 375 377 371
f 373 378 375
f 376 377 375
f 378 381 375
f 379 376 378
f 377 376 379
f 375 380 376
f 381 380 375
f 376 381 378
f 380 383 376
f 376 382 381
f 381 382 380
f 383 386 376
f 380 387 383
f 376 385 382
f 382 384 380
f 386 385 376
f 380 384 387
f 382 387 384
f 387 386 383
f 382 385 387
f 386 389 385
f 387 388 386
f 387 390 388
f 385 389 387
f 388 390 386
f 387 391 390
f 389 391 387
f 386 392 389
f 389 392 391
f 392 394 391
f 386 390 392
f 391 393 390
f 391 394 393
f 390 393 392
f 394 395 393
f 392 396 394
f 393 396 392
f 395 398 393
f 394 400 395
f 393 398 396
f 394 396 400
f 398 397 396
f 400 398 395
f 396 399 400
f 397 399 396
f 400 401 398
f 399 401 400
f 397 403 399
f 403 402 399
f 398 402 397
f 401 402 398
f 399 402 401
f 397 402 403
f 401 405 402
f 402 404 401
f 402 407 406
f 405 407 402
f 404 406 401
f 401 406 405
f 402 406 404
f 407 405 406
f 406 408 405
f 406 405 410
f 408 409 405
f 409 411 405
f 406 410 408
f 405 412 410
f 405 411 412
f 408 413 415
f 410 413 408
f 415 409 408
f 410 412 413
f 415 411 409
f 411 414 412
f 412 414 413
f 411 415 418
f 414 416 413
f 411 418 414
f 415 417 418
f 413 416 415
f 415 416 417
f 417 421 418
f 418 421 419
f 416 421 417
f 418 420 414
f 420 416 414
f 420 422 416
f 416 423 421
f 422 423 416
f 424 425 430
f 429 426 425
f 425 431 430
f 427 428 426
f 426 435 425
f 425 435 431
f 428 435 426
f 430 434 428
f 431 434 430
f 434 433 428
f 428 432 435
f 428 433 432
f 432 441 435
f 435 436 431
f 441 436 435
f 431 437 434
f 434 432 433
f 434 437 432
f 431 438 437
f 436 438 431
f 437 440 432
f 432 439 441
f 432 440 439
f 436 437 438
f 436 441 437
f 437 442 440
f 441 442 437
f 439 442 441
f 442 439 440
f 442 444 439
f 439 443 442
f 444 443 439
f 442 443 444
f 443 447 449
f 443 445 447
f 444 445 443
f 443 446 444
f 449 446 443
f 446 448 444
f 444 448 445
f 446 449 448
f 448 447 445
f 447 450 449
f 449 450 448
f 448 451 447
f 447 452 450
f 450 451 448
f 451 452 447
f 450 453 451
f 452 451 450
f 450 454 453
f 450 456 454
f 451 456 450
f 453 454 451
f 451 458 456
f 451 454 458
f 459 457 454
f 454 457 458
f 456 455 454
f 454 455 459
f 458 460 456
f 455 461 459
f 465 468 464
f 463 464 462
f 462 466 467
f 466 468 465
f 464 470 462
f 468 471 464
f 471 470 464
f 466 471 468
f 462 470 466
f 466 469 471
f 470 469 466
f 471 474 470
f 469 472 471
f 469 473 472
f 470 473 469
f 472 476 471
f 474 473 470
f 476 474 471
f 473 476 472
f 476 475 474
f 475 477 474
f 478 480 476
f 473 479 476
f 475 476 477
f 476 481 478
f 479 481 476
f 486 488 483
f 484 489 486
f 485 489 484
f 487 489 485
f 487 482 489
f 489 488 486
f 482 490 489
f 483 490 482
f 483 488 490
f 490 492 489
f 489 493 488
f 491 493 489
f 488 492 490
f 489 492 491
f 493 494 488
f 488 494 495
f 491 492 493
f 488 495 492
f 495 496 492
f 496 497 492
f 492 497 493
f 494 498 495
f 493 497 494
f 497 499 494
f 499 500 494
f 495 501 496
f 498 501 495
f 502 503 505
f 505 504 502
f 502 504 503
f 504 505 503
f 506 505 503
f 505 506 503
f 505 507 506
f 506 508 505
f 505 510 507
f 507 509 506
f 508 510 505
f 506 509 508
f 510 513 507
f 509 511 508
f 508 511 510
f 507 512 509
f 513 512 507
f 510 516 513
f 511 515 510
f 512 514 509
f 509 517 511
f 514 517 509
f 512 513 514
f 515 516 510
f 513 517 514
f 516 518 513
f 513 518 517
f 516 519 518
f 518 519 517
f 520 519 516
f 519 511 517
f 515 521 516
f 511 521 515
f 519 521 511
f 516 524 520
f 521 524 516
f 519 522 521
f 519 523 522
f 520 524 519
f 519 524 523
f 523 525 522
f 522 526 521
f 525 526 522
f 524 528 523
f 528 524 521
f 526 525 521
f 525 527 521
f 528 525 523
f 521 527 528
f 525 530 527
f 527 529 528
f 528 531 525
f 525 531 530
f 528 529 531
f 530 532 527
f 531 529 530
f 529 534 530
f 532 529 527
f 534 533 530
f 533 535 530
f 532 534 529
f 530 535 532
f 534 536 533
f 532 535 534
f 535 536 534
f 533 536 535
f 536 537 535
f 535 538 536
f 537 538 535
f 536 538 537
f 537 540 538
f 537 538 540
f 540 542 539
f 539 541 540
f 540 541 544
f 540 544 542
f 542 543 539
f 539 543 541
f 543 544 541
f 544 543 542
f 544 546 543
f 543 545 544
f 546 547 543
f 544 545 546
f 548 552 550
f 549 552 548
f 550 552 549
f 551 553 548
f 552 551 548
f 548 553 552
f 553 551 552
f 551 554 552
f 552 555 551
f 554 555 552
f 555 554 551
f 554 556 555
f 556 557 555
f 555 557 554
f 557 559 554
f 556 558 557
f 554 559 556
f 559 562 556
f 562 558 556
f 557 560 559
f 559 560 562
f 562 561 558
f 557 563 560
f 561 564 558
f 562 564 561
f 560 565 562
f 558 563 557
f 558 568 563
f 564 568 558
f 565 572 562
f 563 565 560
f 562 566 564
f 572 566 562
f 563 567 565
f 563 568 567
f 567 569 565
f 565 569 572
f 568 570 567
f 567 571 569
f 570 571 567
f 564 566 568
f 571 570 569
f 568 566 570
f 570 574 569
f 566 573 570
f 572 573 566
f 569 574 572
f 570 573 574
f 574 573 572
f 574 575 573
f 573 576 574
f 576 575 574
f 573 577 576
f 575 577 573
f 576 577 578
f 576 578 575
f 578 580 575
f 577 579 578
f 580 577 575
f 579 580 578
f 577 580 579
f 579 581 580
f 580 582 579
f 581 582 580
f 582 585 579
f 579 585 581
f 582 584 585
f 583 584 582
f 582 586 583
f 585 582 581
f 582 585 586
f 588 586 585
f 584 588 585
f 586 584 583
f 586 587 584
f 584 587 588
f 586 589 587
f 588 589 586
f 587 592 588
f 587 591 592
f 588 590 589
f 592 593 588
f 596 600 595
f 597 599 596
f 598 594 597
f 595 601 594
f 599 600 596
f 597 600 599
f 594 601 597
f 595 600 601
f 601 600 597
f 601 604 600
f 600 602 601
f 603 606 600
f 602 604 601
f 600 604 602
f 600 605 603
f 600 606 604
f 604 605 600
f 604 607 605
f 603 608 606
f 606 610 604
f 606 608 610
f 605 607 603
f 607 609 603
f 603 609 608
f 610 611 604
f 607 612 609
f 611 614 604
f 608 613 610
f 604 614 607
f 614 615 607
f 621 620 616
f 620 618 619
f 617 622 621
f 620 624 618
f 621 622 620
f 622 624 620
f 617 623 622
f 618 624 617
f 622 623 624
f 617 624 623
f 623 629 624
f 624 626 625
f 624 629 623
f 624 627 626
f 629 627 624
f 624 628 629
f 625 628 624
f 625 626 628
f 627 629 626
f 629 630 626
f 630 628 626
f 628 631 629
f 630 631 628
f 629 632 630
f 629 633 632
f 631 633 629
f 632 634 630
f 630 635 631
f 634 636 630
f 630 637 635
f 636 638 630
f 641 645 640
f 644 639 643
f 640 646 639
f 639 649 643
f 645 646 640
f 646 649 639
f 645 648 646
f 642 647 645
f 643 647 642
f 647 648 645
f 649 647 643
f 647 650 648
f 649 651 647
f 646 651 649
f 648 653 646
f 650 653 648
f 651 652 647
f 652 650 647
f 646 655 651
f 653 654 646
f 654 655 646
f 655 652 651
f 650 654 653
f 654 656 655
f 655 650 652
f 655 656 658
f 655 658 650
f 650 656 654
f 650 658 656
f 657 658 656
f 656 659 657
f 657 659 658
f 658 662 656
f 660 662 658
f 659 660 658
f 659 661 660
f 656 662 659
f 662 664 659
f 663 666 659
f 664 663 659
f 660 664 662
f 659 666 661
f 661 666 660
f 666 665 660
f 665 668 660
f 660 668 664
f 664 666 663
f 664 667 666
f 664 668 667
f 668 670 667
f 667 671 666
f 666 669 665
f 667 670 671
f 665 670 668
f 666 671 669
f 665 669 670
f 670 673 671
f 672 673 670
f 673 674 671
f 671 674 669
f 672 675 673
f 670 675 672
f 669 674 670
f 673 676 674
f 670 674 675
f 676 678 674
f 675 676 673
f 679 676 675
f 674 678 677
f 674 680 675
f 677 680 674
f 675 680 679
f 676 681 678
f 678 685 684
f 681 685 678
f 680 682 679
f 678 684 677
f 682 683 679
f 683 686 679
f 684 687 677
f 688 692 693
f 690 688 689
f 692 690 691
f 692 695 690
f 688 694 696
f 688 696 692
f 690 695 688
f 695 694 688
f 692 696 695
f 695 697 694
f 694 697 696
f 696 699 698
f 696 700 695
f 698 700 696
f 704 705 703
f 709 707 704
f 702 709 701
f 705 706 703
f 704 707 705
f 703 706 702
f 702 710 709
f 706 710 702
f 705 708 706
f 707 708 705
f 709 711 707
f 708 714 706
f 707 715 708
f 709 712 711
f 710 712 709
f 711 715 707
f 706 714 710
f 712 713 711
f 710 713 712
f 710 716 713
f 714 717 710
f 717 716 710
f 715 714 708
f 711 718 715
f 715 718 714
f 714 722 717
f 711 719 718
f 713 720 711
f 720 719 711
f 717 721 716
f 724 728 723
f 726 724 725
f 723 728 727
f 727 729 724
f 726 727 724
f 729 728 724
f 723 727 726
f 729 731 728
f 727 730 729
f 728 733 727
f 727 733 730
f 728 731 733
f 729 730 731
f 733 732 730
f 731 730 733
f 730 734 733
f 736 739 737
f 735 738 736
f 737 739 738
f 738 740 736
f 739 740 738
f 740 739 736
f 739 740 741
f 739 741 740
f 742 741 740
f 740 741 742
f 744 743 741
f 741 748 742
f 743 745 741
f 745 746 741
f 747 749 742
f 753 755 754
f 751 753 750
f 751 756 753
f 752 756 751
f 756 755 753
f 752 754 756
f 755 760 754
f 756 759 755
f 759 761 755
f 754 760 758
f 755 757 760
f 761 757 755
f 754 758 756
f 761 760 757
f 756 758 759
f 760 763 758
f 758 763 759
f 761 759 762
f 760 764 763
f 761 762 760
f 762 764 760
f 765 759 763
f 764 765 763
f 762 765 764
f 762 766 765
f 759 766 762
f 759 765 766
f 766 767 765
f 767 768 765
f 765 770 766
f 765 768 770
f 766 770 767
f 768 767 770
f 770 769 767
f 769 772 767
f 770 771 769
f 770 774 771
f 773 775 767
f 772 776 767
f 777 778 781
f 779 783 778
f 780 783 779
f 781 785 782
f 778 785 781
f 778 783 785
f 780 787 783
f 782 784 780
f 784 787 780
f 785 784 782
f 783 787 785
f 785 788 784
f 787 786 785
f 785 787 788
f 786 787 785
f 788 787 784
f 790 789 787
f 787 792 791
f 789 792 787
f 791 790 787
f 789 793 792
f 790 794 789
f 791 792 790
f 789 794 793
f 793 796 792
f 792 794 790
f 792 795 794
f 795 797 794
f 799 800 803
f 801 802 800
f 798 803 802
f 803 804 802
f 800 810 803
f 802 808 800
f 802 804 807
f 810 805 803
f 808 806 800
f 803 807 804
f 807 808 802
f 803 805 807
f 800 806 810
f 810 809 805
f 807 805 808
f 808 811 806
f 806 815 810
f 809 813 805
f 810 815 809
f 808 812 811
f 805 812 808
f 815 814 809
f 811 815 806
f 805 813 812
f 809 816 813
f 809 817 816
f 814 817 809
f 820 823 819
f 821 823 820
f 819 822 818
f 822 824 821
f 823 822 819
f 821 827 823
f 823 825 822
f 827 825 823
f 821 826 827
f 824 826 821
f 824 822 826
f 822 825 826
f 827 830 825
f 825 828 826
f 826 828 827
f 830 828 825
f 827 831 830
f 828 831 827
f 830 829 828
f 828 829 831
f 831 832 830
f 829 833 831
f 832 834 830
f 831 833 832
f 830 833 829
f 830 834 833
f 833 835 832
f 834 832 833
f 832 835 833
f 835 837 832
f 832 836 835
f 837 838 832
f 832 838 836
f 837 835 838
f 835 839 838
f 835 840 839
f 836 841 835
f 839 842 838
f 841 843 835
f 847 849 846
f 845 848 844
f 845 850 848
f 846 850 845
f 848 852 847
f 850 851 848
f 849 850 846
f 848 851 852
f 847 852 849
f 850 849 851
f 851 849 852
f 849 853 851
f 855 854 849
f 854 853 849
f 851 855 849
f 854 855 853
f 855 857 853
f 857 856 853
f 851 858 855
f 860 859 865
f 864 859 860
f 870 864 860
f 859 862 865
f 865 863 869
f 863 871 869
f 903 867 933
f 871 863 910
f 896 859 864
f 861 864 870
f 864 861 896
f 868 865 869
f 862 909 865
f 865 909 863
f 877 869 871
f 872 869 877
f 865 868 870
f 865 870 860
f 869 872 868
f 870 868 866
f 866 868 873
f 877 881 872
f 872 873 868
f 913 876 910
f 861 893 896
f 871 910 876
f 877 871 876
f 875 873 872
f 913 909 879
f 907 874 914
f 923 872 881
f 874 907 914
f 877 876 885
f 878 915 879
f 921 881 877
f 880 885 876
f 921 877 885
f 923 881 921
f 885 919 921
f 876 878 888
f 880 876 888
f 880 888 886
f 880 889 885
f 885 882 920
f 919 885 920
f 882 885 889
f 890 886 888
f 889 880 886
f 891 889 886
f 919 918 922
f 890 891 886
f 918 901 922
f 918 891 901
f 892 891 890
f 893 894 897
f 870 893 861
f 893 895 896
f 894 893 870
f 895 897 896
f 896 898 859
f 893 897 895
f 870 866 894
f 899 896 897
f 898 896 899
f 899 859 898
f 900 875 872
f 923 900 872
f 901 900 923
f 923 922 901
f 883 905 926
f 891 892 908
f 891 908 901
f 901 908 900
f 875 900 908
f 875 908 892
f 913 878 876
f 913 910 911
f 909 913 911
f 910 863 912
f 903 906 912
f 906 867 911
f 906 911 912
f 863 909 911
f 867 903 911
f 863 911 912
f 911 903 912
f 911 910 912
f 907 914 917
f 907 917 916
f 914 907 916
f 913 879 916
f 915 913 916
f 915 916 917
f 879 915 917
f 914 916 917
f 916 879 917
f 878 913 915
f 891 918 889
f 918 919 920
f 889 926 927
f 889 918 926
f 920 882 927
f 905 927 926
f 904 883 927
f 918 920 926
f 882 889 927
f 883 926 927
f 905 904 927
f 919 922 924
f 884 902 924
f 884 924 925
f 921 919 925
f 923 921 925
f 924 922 923
f 923 925 924
f 919 924 925
f 887 884 924
f 902 887 924
f 884 925 924
f 927 926 920
f 931 928 929
f 929 930 931
f 934 929 928
f 934 930 929
f 934 928 931
f 930 932 931
f 931 932 906
f 932 946 906
f 955 931 903
f 906 946 933
f 955 934 931
f 930 944 932
f 903 931 906
f 936 955 903
f 933 867 906
f 903 933 936
f 938 933 946
f 944 930 934
f 932 935 946
f 944 934 955
f 932 944 935
f 952 938 946
f 941 939 938
f 943 944 955
f 907 936 933
f 933 938 907
f 939 907 938
f 937 945 942
f 941 938 952
f 947 952 946
f 943 942 944
f 950 942 940
f 874 907 939
f 948 939 941
f 945 940 942
f 947 946 935
f 950 944 942
f 935 944 950
f 936 907 874
f 949 947 935
f 939 948 937
f 937 948 945
f 935 951 949
f 948 941 952
f 952 947 953
f 945 950 940
f 951 947 949
f 950 945 954
f 945 948 954
f 904 948 952
f 947 951 902
f 950 954 902
f 935 950 902
f 953 883 952
f 902 951 935
f 883 954 948
f 902 884 947
f 887 954 947
f 954 953 947
f 883 953 954
f 887 947 884
f 904 952 883
f 887 902 954
f 904 905 948
f 905 883 948
f 957 943 955
f 959 957 955
f 959 955 956
f 937 942 958
f 1005 962 961
f 963 967 961
f 961 962 965
f 961 968 1005
f 967 966 961
f 966 967 969
f 1006 970 965
f 968 973 1005
f 966 969 968
f 967 964 972
f 969 967 978
f 967 972 978
f 972 964 974
f 971 973 977
f 975 973 968
f 978 981 969
f 969 975 968
f 971 979 1010
f 978 972 974
f 971 977 979
f 969 981 975
f 976 977 973
f 978 974 982
f 975 989 973
f 983 981 978
f 978 982 983
f 981 985 975
f 988 974 980
f 975 985 989
f 982 986 983
f 974 988 982
f 1000 983 1021
f 987 984 976
f 987 976 989
f 988 986 982
f 1026 981 983
f 1021 983 986
f 981 1026 985
f 985 995 989
f 991 995 985
f 986 994 1021
f 985 1026 991
f 992 993 986
f 996 986 993
f 994 986 998
f 995 991 998
f 996 995 998
f 960 963 961
f 961 966 968
f 965 962 1006
f 976 973 989
f 986 988 990
f 986 996 998
f 973 971 999
f 1005 973 999
f 1010 979 970
f 983 1000 1026
f 1003 1002 976
f 989 1003 987
f 976 984 1003
f 1004 995 996
f 1004 1003 995
f 989 995 1003
f 1003 984 987
f 979 1002 1001
f 977 1002 979
f 977 976 1002
f 996 997 1004
f 962 1008 1006
f 1005 999 1007
f 999 971 1010
f 1007 999 1013
f 1011 970 1006
f 970 1011 1010
f 1010 1019 999
f 1019 1013 999
f 1019 1010 1012
f 1013 1017 1007
f 1007 1017 1015
f 1014 1007 1022
f 1011 1016 1020
f 1020 1012 1011
f 1019 1017 1013
f 1019 1027 1017
f 1016 1033 1020
f 1020 1019 1012
f 1019 1020 1027
f 1023 1017 1025
f 1028 1018 1014
f 1037 1030 1018
f 1018 1031 1037
f 1029 1021 994
f 1038 1027 1020
f 1036 1017 1027
f 1028 1014 1022
f 1018 1028 1031
f 1030 1033 1016
f 1030 1032 1033
f 1026 1000 1024
f 1025 1017 1026
f 1038 1020 1033
f 1025 1026 1024
f 1024 1023 1025
f 1038 1036 1027
f 1017 991 1026
f 1033 1029 994
f 1035 1024 1029
f 1023 1024 1035
f 1031 1028 1023
f 1032 1029 1033
f 1023 1028 1022
f 1035 1031 1023
f 1029 1032 1030
f 1035 1029 1037
f 994 1034 1033
f 1029 1030 1037
f 1038 1033 1034
f 1036 991 1017
f 991 1036 998
f 1036 1038 998
f 1038 1034 994
f 1035 1037 1031
f 1005 1007 962
f 962 1007 1008
f 1006 1008 1009
f 1009 1011 1006
f 1010 1011 1012
f 1007 1015 1022
f 1017 1023 1015
f 1023 1022 1015
f 1021 1029 1024
f 1000 1021 1024
f 998 1038 994
f 1040 1045 1039
f 1040 1048 1045
f 1042 1046 1041
f 1043 1048 1040
f 1041 1049 1043
f 1046 1049 1041
f 1044 1046 1042
f 1045 1044 1042
f 1048 1050 1045
f 1049 1047 1043
f 1045 1052 1044
f 1050 1052 1045
f 1047 1048 1043
f 1047 1050 1048
f 1047 1051 1050
f 1050 1051 1052
f 1054 1052 1051
f 1051 1047 1054
f 1049 1056 1047
f 1054 1055 1052
f 1046 1053 1049
f 1044 1058 1046
f 1052 1058 1044
f 1056 1054 1047
f 1055 1058 1052
f 1053 1056 1049
f 1058 1053 1046
f 1054 1057 1055
f 1227 1230 1226
f 1228 1229 1227
f 1226 1230 1228
f 1227 1234 1230
f 1227 1229 1234
f 1230 1231 1228
f 1234 1233 1230
f 1228 1232 1229
f 1231 1232 1228
f 1229 1232 1234
f 1231 1230 1232
f 1230 1233 1232
f 1234 1235 1233
f 1232 1236 1234
f 1235 1238 1233
f 1236 1235 1234
f 1233 1237 1232
f 1233 1238 1237
f 1235 1239 1238
f 1237 1238 1232
f 1236 1239 1235
f 1232 1240 1236
f 1238 1240 1232
f 1239 1241 1238
f 1236 1240 1239
f 1239 1244 1241
f 1238 1241 1240
f 1240 1242 1239
f 1239 1243 1244
f 1242 1243 1239
f 1241 1242 1240
f 1241 1246 1242
f 1243 1245 1244
f 1242 1245 1243
f 1246 1245 1242
f 1244 1248 1241
f 1245 1249 1244
f 1241 1248 1246
f 1246 1247 1245
f 1247 1249 1245
f 1244 1250 1248
f 1249 1250 1244
f 1247 1246 1249
f 1248 1251 1246
f 1249 1253 1250
f 1246 1252 1249
f 1251 1252 1246
f 1250 1253 1248
f 1252 1253 1249
f 1248 1253 1251
f 1253 1254 1255
f 1251 1256 1252
f 1252 1256 1253
f 1255 1258 1253
f 1253 1258 1251
f 1256 1254 1253
f 1251 1257 1256
f 1257 1259 1256
f 1255 1254 1258
f 1259 1254 1256
f 1251 1258 1257
f 1254 1260 1258
f 1258 1259 1257
f 1260 1264 1258
f 1254 1259 1260
f 1258 1264 1259
f 1264 1262 1259
f 1259 1261 1260
f 1259 1263 1261
f 1262 1263 1259
f 1261 1264 1260
f 1261 1265 1264
f 1262 1266 1263
f 1263 1267 1261
f 1263 1268 1267
f 1272 1274 1269
f 1271 1269 1270
f 1272 1273 1274
f 1270 1273 1272
f 1269 1273 1270
f 1269 1274 1273
f 1273 1274 1276
f 1273 1277 1274
f 1273 1276 1277
f 1274 1275 1276
f 1277 1275 1274
f 1276 1275 1277
f 1275 1281 1277
f 1277 1282 1275
f 1278 1282 1277
f 1281 1278 1277
f 1275 1280 1279
f 1282 1280 1275
f 1283 1288 1287
f 1288 1286 1287
f 1284 1288 1283
f 1285 1286 1284
f 1288 1290 1286
f 1286 1289 1284
f 1284 1290 1288
f 1289 1290 1284
f 1286 1290 1289
f 1290 1291 1289
f 1290 1293 1294
f 1289 1293 1290
f 1290 1292 1291
f 1289 1291 1293
f 1290 1294 1292
f 1292 1294 1291
f 1291 1295 1293
f 1291 1296 1295
f 1294 1293 1291
f 1293 1296 1291
f 1295 1297 1293
f 1296 1299 1295
f 1297 1296 1293
f 1295 1299 1297
f 1299 1298 1297
f 1297 1300 1296
f 1297 1298 1300
f 1296 1300 1299
f 1300 1302 1299
f 1299 1301 1298
f 1298 1302 1300
f 1302 1301 1299
f 1298 1301 1302
f 1301 1305 1302
f 1305 1304 1302
f 1301 1303 1305
f 1304 1301 1302
f 1305 1306 1304
f 1304 1303 1301
f 1304 1307 1303
f 1306 1307 1304
f 1303 1309 1305
f 1305 1309 1306
f 1308 1309 1303
f 1307 1308 1303
f 1309 1310 1306
f 1306 1311 1307
f 1313 1316 1312
f 1314 1317 1315
f 1313 1317 1316
f 1317 1320 1316
f 1316 1320 1314
f 1315 1317 1313
f 1314 1318 1317
f 1318 1319 1317
f 1314 1320 1318
f 1317 1319 1320
f 1320 1319 1324
f 1318 1321 1319
f 1319 1321 1324
f 1320 1321 1318
f 1320 1322 1321
f 1321 1323 1324
f 1321 1322 1323
f 1324 1325 1320
f 1325 1322 1320
f 1326 1328 1324
f 1325 1323 1322
f 1323 1327 1324
f 1331 1333 1332
f 1332 1333 1329
f 1332 1329 1330
f 1329 1333 1331
f 1333 1334 1329
f 1336 1335 1329
f 1334 1336 1329
f 1329 1334 1333
f 1329 1335 1334
f 1335 1337 1334
f 1337 1340 1334
f 1334 1335 1336
f 1334 1340 1335
f 1340 1342 1335
f 1335 1342 1337
f 1337 1339 1340
f 1341 1343 1340
f 1337 1344 1338
f 1342 1344 1337
f 1346 1351 1350
f 1345 1352 1349
f 1348 1349 1347
f 1347 1351 1346
f 1345 1350 1352
f 1351 1353 1350
f 1349 1352 1347
f 1353 1352 1350
f 1352 1354 1347
f 1354 1355 1347
f 1347 1356 1351
f 1353 1359 1352
f 1351 1359 1353
f 1347 1357 1356
f 1355 1357 1347
f 1352 1355 1354
f 1352 1359 1355
f 1351 1356 1359
f 1355 1358 1357
f 1359 1358 1355
f 1357 1359 1356
f 1359 1361 1358
f 1359 1360 1361
f 1358 1361 1357
f 1361 1363 1357
f 1357 1363 1359
f 1359 1366 1360
f 1360 1363 1361
f 1363 1366 1359
f 1360 1362 1363
f 1363 1362 1367
f 1360 1364 1362
f 1360 1365 1364
f 1366 1365 1360
f 2969 2968 2966
f 2971 2978 185
f 2974 2972 2970
f 2973 2974 183
f 2972 2978 2971
f 2984 2980 2979
f 2981 2984 2983
f 2980 2984 2981
f 246 2988 238
f 2958 2962 2959
f 2959 2961 2960
f 2962 2961 2959
f 2959 2960 2958
f 2958 2960 2962
f 2961 2963 2960
f 2963 2962 2960
f 2963 2964 2962
f 2961 2965 2963
f 2962 2964 2961
f 2964 2965 2961
f 2963 2965 2964
f 2967 2969 2966
f 2967 2968 2969
f 2970 2972 186
f 183 2974 2970
f 184 194 2973
f 185 2978 184
f 186 2972 2971
f 184 2978 194
f 2974 2978 2972
f 2978 2975 194
f 194 2975 2973
f 2973 2976 2974
f 2973 2975 2976
f 2978 2977 2975
f 2976 2979 2974
f 2979 2978 2974
f 2977 2980 2975
f 2978 2980 2977
f 2975 2982 2976
f 2979 2980 2978
f 2980 2981 2975
f 2976 2982 2979
f 2981 2982 2975
f 2982 2983 2979
f 2981 2983 2982
f 2983 2984 2979
f 2985 2988 2986
f 2986 242 2985
f 2986 2987 242
f 2988 2987 2986
f 238 2988 2985
f 2985 240 238
f 2985 242 240
f 2988 246 2987
f 2987 2989 242
f 2987 246 2989
f 1147 1151 1145
f 1147 1145 1148
f 1149 1150 1144
f 1149 1144 1146
f 1154 1156 1197
f 1197 1156 1199
f 1175 1176 1213
f 1213 1176 1215
f 1195 1196 1194
f 1224 1194 1190
f 1222 1190 1220
f 1186 1220 1187
f 1185 1220 1183
f 1158 1200 1199
f 1158 1199 1156
f 1218 1182 1217
f 1213 1214 1212
f 1174 1212 1211
f 1173 1211 1172
f 1209 1172 1167
f 1207 1167 1206
f 1163 1206 1165
f 1205 1206 1162
f 1202 1161 1201
f 1198 1157 1155
f 1197 1198 1153
f 1152 1153 1196
f 1159 1202 1200
f 1159 1200 1158
f 1205 1204 1164
f 1207 1164 1166
f 1207 1166 1168
f 1208 1207 1168
f 1208 1168 1170
f 1209 1208 1170
f 1209 1170 1171
f 1210 1209 1171
f 1173 1210 1171
f 1179 1216 1215
f 1179 1215 1176
f 1181 1218 1216
f 1181 1216 1179
f 1184 1219 1218
f 1222 1221 1188
f 1222 1188 1189
f 1223 1222 1189
f 1223 1189 1191
f 1224 1223 1191
f 1224 1191 1193
f 1225 1224 1193
f 1195 1225 1193
f 1190 1187 1220
f 1225 1195 1194
f 1224 1225 1194
f 1192 1190 1194
f 1223 1224 1190
f 1222 1223 1190
f 1220 1186 1183
f 1221 1222 1220
f 1185 1221 1220
f 1180 1178 1217
f 1180 1217 1182
f 1184 1185 1183
f 1182 1184 1183
f 1219 1184 1182
f 1218 1219 1182
f 1178 1177 1214
f 1178 1214 1217
f 1216 1218 1217
f 1217 1214 1215
f 1217 1215 1216
f 1177 1212 1214
f 1213 1215 1214
f 1175 1213 1212
f 1174 1175 1212
f 1173 1174 1211
f 1172 1169 1167
f 1210 1173 1172
f 1209 1210 1172
f 1167 1165 1206
f 1208 1209 1167
f 1207 1208 1167
f 1206 1163 1162
f 1164 1207 1206
f 1205 1164 1206
f 1160 1157 1201
f 1160 1201 1161
f 1204 1205 1162
f 1161 1204 1162
f 1203 1204 1161
f 1202 1203 1161
f 1201 1198 1199
f 1201 1199 1200
f 1200 1202 1201
f 1198 1201 1157
f 1197 1199 1198
f 1153 1198 1155
f 1154 1197 1153
f 1152 1154 1153
f 1195 1152 1196
f 1146 1149 1148
f 1146 1148 1147
f 1227 1230 1226
f 1228 1229 1227
f 1226 1230 1228
f 1227 1234 1230
f 1227 1229 1234
f 1230 1231 1228
f 1234 1233 1230
f 1228 1232 1229
f 1231 1232 1228
f 1229 1232 1234
f 1231 1230 1232
f 1230 1233 1232
f 1234 1235 1233
f 1232 1236 1234
f 1235 1238 1233
f 1236 1235 1234
f 1233 1237 1232
f 1233 1238 1237
f 1235 1239 1238
f 1237 1238 1232
f 1236 1239 1235
f 1232 1240 1236
f 1238 1240 1232
f 1239 1241 1238
f 1236 1240 1239
f 1239 1244 1241
f 1238 1241 1240
f 1240 1242 1239
f 1239 1243 1244
f 1242 1243 1239
f 1241 1242 1240
f 1241 1246 1242
f 1243 1245 1244
f 1242 1245 1243
f 1246 1245 1242
f 1244 1248 1241
f 1245 1249 1244
f 1241 1248 1246
f 1246 1247 1245
f 1247 1249 1245
f 1244 1250 1248
f 1249 1250 1244
f 1247 1246 1249
f 1248 1251 1246
f 1249 1253 1250
f 1246 1252 1249
f 1251 1252 1246
f 1250 1253 1248
f 1252 1253 1249
f 1248 1253 1251
f 1253 1254 1255
f 1251 1256 1252
f 1252 1256 1253
f 1255 1258 1253
f 1253 1258 1251
f 1256 1254 1253
f 1251 1257 1256
f 1257 1259 1256
f 1255 1254 1258
f 1259 1254 1256
f 1251 1258 1257
f 1254 1260 1258
f 1258 1259 1257
f 1260 1264 1258
f 1254 1259 1260
f 1258 1264 1259
f 1264 1262 1259
f 1259 1261 1260
f 1259 1263 1261
f 1262 1263 1259
f 1261 1264 1260
f 1261 1265 1264
f 1262 1266 1263
f 1263 1267 1261
f 1263 1268 1267
f 1272 1274 1269
f 1271 1269 1270
f 1272 1273 1274
f 1270 1273 1272
f 1269 1273 1270
f 1269 1274 1273
f 1273 1274 1276
f 1273 1277 1274
f 1273 1276 1277
f 1274 1275 1276
f 1277 1275 1274
f 1276 1275 1277
f 1275 1281 1277
f 1277 1282 1275
f 1278 1282 1277
f 1281 1278 1277
f 1275 1280 1279
f 1282 1280 1275
f 1283 1288 1287
f 1288 1286 1287
f 1284 1288 1283
f 1285 1286 1284
f 1288 1290 1286
f 1286 1289 1284
f 1284 1290 1288
f 1289 1290 1284
f 1286 1290 1289
f 1290 1291 1289
f 1290 1293 1294
f 1289 1293 1290
f 1290 1292 1291
f 1289 1291 1293
f 1290 1294 1292
f 1292 1294 1291
f 1291 1295 1293
f 1291 1296 1295
f 1294 1293 1291
f 1293 1296 1291
f 1295 1297 1293
f 1296 1299 1295
f 1297 1296 1293
f 1295 1299 1297
f 1299 1298 1297
f 1297 1300 1296
f 1297 1298 1300
f 1296 1300 1299
f 1300 1302 1299
f 1299 1301 1298
f 1298 1302 1300
f 1302 1301 1299
f 1298 1301 1302
f 1301 1305 1302
f 1305 1304 1302
f 1301 1303 1305
f 1304 1301 1302
f 1305 1306 1304
f 1304 1303 1301
f 1304 1307 1303
f 1306 1307 1304
f 1303 1309 1305
f 1305 1309 1306
f 1308 1309 1303
f 1307 1308 1303
f 1309 1310 1306
f 1306 1311 1307
f 1313 1316 1312
f 1314 1317 1315
f 1313 1317 1316
f 1317 1320 1316
f 1316 1320 1314
f 1315 1317 1313
f 1314 1318 1317
f 1318 1319 1317
f 1314 1320 1318
f 1317 1319 1320
f 1320 1319 1324
f 1318 1321 1319
f 1319 1321 1324
f 1320 1321 1318
f 1320 1322 1321
f 1321 1323 1324
f 1321 1322 1323
f 1324 1325 1320
f 1325 1322 1320
f 1326 1328 1324
f 1325 1323 1322
f 1323 1327 1324
f 1331 1333 1332
f 1332 1333 1329
f 1332 1329 1330
f 1329 1333 1331
f 1333 1334 1329
f 1336 1335 1329
f 1334 1336 1329
f 1329 1334 1333
f 1329 1335 1334
f 1335 1337 1334
f 1337 1340 1334
f 1334 1335 1336
f 1334 1340 1335
f 1340 1342 1335
f 1335 1342 1337
f 1337 1339 1340
f 1341 1343 1340
f 1337 1344 1338
f 1342 1344 1337
f 1346 1351 1350
f 1345 1352 1349
f 1348 1349 1347
f 1347 1351 1346
f 1345 1350 1352
f 1351 1353 1350
f 1349 1352 1347
f 1353 1352 1350
f 1352 1354 1347
f 1354 1355 1347
f 1347 1356 1351
f 1353 1359 1352
f 1351 1359 1353
f 1347 1357 1356
f 1355 1357 1347
f 1352 1355 1354
f 1352 1359 1355
f 1351 1356 1359
f 1355 1358 1357
f 1359 1358 1355
f 1357 1359 1356
f 1359 1361 1358
f 1359 1360 1361
f 1358 1361 1357
f 1361 1363 1357
f 1357 1363 1359
f 1359 1366 1360
f 1360 1363 1361
f 1363 1366 1359
f 1360 1362 1363
f 1363 1362 1367
f 1360 1364 1362
f 1360 1365 1364
f 1366 1365 1360
f 166 171 170
f 168 174 167
f 165 175 169
f 167 171 166
f 174 172 167
f 169 174 168
f 169 175 174
f 170 173 165
f 167 172 171
f 165 173 175
f 170 177 173
f 171 178 170
f 172 176 171
f 175 180 174
f 173 180 175
f 174 179 172
f 182 2968 181
f 183 189 193
f 2973 189 183
f 184 194 2973
f 187 194 184
f 188 187 184
f 193 188 185
f 2973 190 189
f 194 190 2973
f 189 191 193
f 187 192 194
f 188 192 187
f 188 200 192
f 189 195 191
f 190 195 189
f 190 205 195
f 190 216 205
f 194 216 190
f 191 197 193
f 188 196 200
f 193 197 196
f 193 196 188
f 191 198 197
f 198 203 197
f 195 199 198
f 195 198 191
f 196 202 201
f 196 201 200
f 197 203 202
f 197 202 196
f 198 204 203
f 204 209 203
f 199 213 204
f 199 204 198
f 195 213 199
f 200 206 192
f 201 207 206
f 201 206 200
f 202 208 201
f 208 207 201
f 203 209 208
f 203 208 202
f 204 210 209
f 213 210 204
f 194 211 216
f 192 211 194
f 206 214 192
f 207 214 206
f 208 212 207
f 212 214 207
f 209 210 212
f 209 212 208
f 212 217 214
f 210 217 212
f 195 205 213
f 216 215 205
f 211 219 216
f 205 215 213
f 216 220 215
f 219 220 216
f 192 223 211
f 214 223 192
f 213 221 210
f 215 221 213
f 210 221 217
f 214 218 223
f 217 218 214
f 215 222 221
f 223 219 211
f 221 230 217
f 220 222 215
f 222 227 221
f 217 224 218
f 230 224 217
f 221 227 230
f 220 225 222
f 222 225 227
f 219 226 220
f 223 226 219
f 218 228 223
f 220 226 225
f 227 233 230
f 224 228 218
f 223 228 226
f 225 233 227
f 226 229 225
f 228 232 226
f 225 229 233
f 228 234 232
f 231 234 228
f 236 237 245
f 244 235 243
f 241 242 240
f 245 246 235
f 238 246 237
f 240 238 239
f 243 2989 242
f 2999 3027 2991
f 3017 2992 2994
f 2991 3017 2994
f 2991 2994 2999
f 2992 2993 2994
f 2993 3004 3005
f 2993 2992 3004
f 3004 2992 2995
f 2997 2996 3001
f 2997 2992 2996
f 2995 2992 2997
f 3005 3004 3007
f 2998 2999 2994
f 3008 2999 2998
f 2999 3000 3027
f 3000 3001 3015
f 3001 2996 3015
f 3003 2997 3001
f 3004 3003 3007
f 3004 2997 3003
f 2993 3005 3006
f 3009 3006 3005
f 3001 3002 3003
f 3001 3013 3002
f 3001 3000 3013
f 3013 3000 3008
f 3008 3000 2999
f 2998 3006 3009
f 3009 3010 2998
f 3010 3008 2998
f 3008 3010 3013
f 3011 3012 3013
f 3012 3002 3013
f 3011 3003 3012
f 3007 3003 3011
f 3010 3009 3007
f 3013 3007 3011
f 3010 3007 3013
f 3012 3003 3002
f 3009 3005 3007
f 3006 2994 2993
f 2995 2997 3004
f 3006 2998 2994
f 2990 3000 3014
f 2990 3027 3000
f 3041 2990 3014
f 3014 3000 3015
f 2992 3022 2996
f 2992 3017 3019
f 3019 3018 2991
f 3020 3019 3028
f 3020 3022 2992
f 3025 3021 3020
f 3020 3026 3025
f 3020 3028 3026
f 3022 3020 3021
f 3035 3016 3022
f 3022 3024 3023
f 3022 3021 3024
f 3033 3021 3025
f 3025 3026 3028
f 3027 3028 2991
f 2991 3028 3019
f 3027 2990 3028
f 3028 2990 3029
f 3032 3028 3029
f 3030 2990 3041
f 3029 2990 3030
f 3029 3031 3032
f 3029 3030 3031
f 3032 3034 3033
f 3025 3032 3033
f 3021 3033 3034
f 3031 3034 3032
f 3034 3042 3021
f 3024 3021 3023
f 3016 3035 3036
f 3016 3036 3037
f 3016 3037 3038
f 3015 3016 3038
f 3035 3037 3036
f 3042 3039 3021
f 3039 3038 3037
f 3040 3038 3039
f 3041 3038 3040
f 3014 3038 3041
f 3039 3037 3035
f 3034 3031 3042
f 3031 3040 3042
f 3039 3042 3040
f 3039 3035 3022
f 3023 3039 3022
f 3021 3039 3023
f 3031 3041 3040
f 3041 3031 3030
f 3028 3032 3025
f 2996 3016 3015
f 3022 3016 2996
f 3015 3038 3014
f 3018 3019 3017
f 3017 2991 3018
f 2992 3019 3020
f 3048 3052 3043
f 3056 3047 3045
f 3053 3049 3047
f 3043 3051 3044
f 3044 3055 3054
f 3044 3051 3055
f 3049 3045 3047
f 3047 3046 3053
f 3053 3050 3043
f 3051 3043 3050
f 3052 3053 3043
f 3054 3043 3044
f 3054 3048 3043
f 3053 3046 3050
f 3050 3046 3051
f 3048 3060 3052
f 3056 3045 3049
f 3047 3056 3046
f 3046 3056 3051
f 3051 3056 3055
f 3049 3057 3056
f 3053 3058 3049
f 3054 3060 3048
f 3056 3059 3054
f 3055 3056 3054
f 3058 3053 3052
f 3057 3058 3052
f 3049 3058 3057
f 3060 3057 3052
f 3060 3054 3059
f 3060 3056 3057
f 3060 3059 3056
f 3065 3064 3067
f 3068 3067 3063
f 3063 3062 3068
f 3067 3068 3066
f 3072 3063 3064
f 3063 3072 3074
f 3063 3061 3062
f 3063 3074 3061
f 3074 3072 3071
f 3073 3074 3071
f 3062 3061 3068
f 3076 3068 3061
f 3077 3071 3090
f 3069 3077 3090
f 3069 3065 3075
f 3089 3065 3069
f 3065 3067 3066
f 3066 3075 3065
f 3077 3074 3073
f 3077 3073 3071
f 3077 3061 3074
f 3077 3076 3061
f 3066 3076 3077
f 3066 3077 3075
f 3078 3066 3068
f 3078 3076 3066
f 3068 3076 3078
f 3075 3077 3069
f 3070 3090 3071
f 3071 3084 3070
f 3063 3067 3064
f 3079 3081 3085
f 3079 3080 3082
f 3083 3080 3079
f 3084 3079 3082
f 3079 3085 3083
f 3086 3085 3088
f 3083 3085 3092
f 3088 3081 3079
f 3085 3081 3088
f 3080 3091 3082
f 3083 3096 3080
f 3092 3085 3093
f 3079 3084 3088
f 3085 3086 3087
f 3080 3095 3091
f 3095 3080 3096
f 3090 3070 3082
f 3070 3084 3082
f 3087 3093 3085
f 3086 3088 3094
f 3091 3089 3082
f 3089 3069 3082
f 3092 3096 3083
f 3071 3072 3088
f 3072 3094 3088
f 3096 3092 3093
f 3087 3086 3097
f 3095 3098 3091
f 3064 3097 3086
f 3064 3086 3094
f 3098 3065 3091
f 3096 3098 3095
f 3096 3093 3087
f 3087 3098 3096
f 3098 3087 3099
f 3065 3099 3064
f 3099 3065 3098
f 3064 3094 3072
f 3064 3087 3097
f 3087 3064 3099
f 3069 3090 3082
f 3088 3084 3071
f 3091 3065 3089
f 3102 3104 3101
f 3102 3105 3100
f 3102 3100 3103
f 3105 3102 3101
f 3102 3103 3104
f 3105 3101 3104
f 3105 3106 3100
f 3105 3104 3106
f 3103 3106 3104
f 3103 3100 3106
f 3107 3110 3108
f 3109 3117 3121
f 3111 3121 3117
f 3112 3115 3117
f 3107 3117 3115
f 3109 3118 3117
f 3110 3113 3108
f 3107 3108 3114
f 3114 3117 3107
f 3118 3112 3117
f 3110 3119 3113
f 3115 3110 3107
f 3116 3114 3108
f 3116 3117 3114
f 3119 3108 3113
f 3118 3109 3121
f 3111 3117 3116
f 3120 3116 3108
f 3122 3118 3121
f 3108 3119 3120
f 3118 3122 3112
f 3110 3120 3119
f 3122 3121 3123
f 3123 3121 3111
f 3110 3115 3112
f 3110 3124 3120
f 3123 3116 3120
f 3123 3111 3116
f 3124 3123 3120
f 3112 3124 3110
f 3122 3125 3112
f 3122 3123 3125
f 3123 3124 3125
f 3112 3125 3124
f 3129 3150 3166
f 3133 3134 3131
f 3134 3166 3131
f 3134 3129 3166
f 3134 3133 3135
f 3136 3129 3134
f 3137 3134 3138
f 3137 3136 3134
f 3134 3135 3138
f 3133 3132 3135
f 3131 3166 3130
f 3166 3150 3128
f 3127 3145 3186
f 3157 3146 3186
f 3154 3172 3163
f 3148 3147 3132
f 3132 3147 3135
f 3147 3139 3135
f 3148 3140 3141
f 3141 3152 3148
f 3148 3152 3147
f 3139 3147 3138
f 3137 3129 3136
f 3150 3129 3137
f 3151 3149 3137
f 3138 3151 3137
f 3147 3151 3138
f 3151 3147 3155
f 3155 3152 3141
f 3154 3153 3141
f 3155 3141 3156
f 3155 3147 3152
f 3149 3151 3160
f 3149 3160 3137
f 3151 3127 3160
f 3127 3151 3159
f 3151 3158 3159
f 3151 3155 3158
f 3158 3155 3156
f 3154 3163 3153
f 3157 3163 3146
f 3163 3157 3153
f 3141 3153 3158
f 3156 3141 3158
f 3126 3158 3153
f 3157 3126 3153
f 3158 3126 3159
f 3137 3160 3127
f 3137 3161 3150
f 3162 3186 3161
f 3161 3186 3150
f 3186 3128 3150
f 3127 3186 3162
f 3161 3137 3162
f 3137 3127 3162
f 3127 3159 3126
f 3145 3157 3186
f 3157 3145 3126
f 3141 3172 3154
f 3163 3172 3142
f 3142 3143 3163
f 3163 3143 3146
f 3126 3145 3127
f 3186 3144 3128
f 3166 3128 3144
f 3138 3135 3139
f 3166 3167 3130
f 3130 3167 3131
f 3132 3131 3167
f 3171 3170 3140
f 3132 3173 3169
f 3168 3174 3167
f 3168 3167 3180
f 3167 3174 3173
f 3140 3169 3173
f 3176 3177 3140
f 3177 3171 3140
f 3140 3178 3176
f 3140 3173 3178
f 3174 3178 3173
f 3174 3175 3178
f 3168 3180 3175
f 3174 3168 3175
f 3179 3167 3144
f 3144 3165 3179
f 3181 3180 3179
f 3175 3180 3181
f 3182 3178 3175
f 3178 3177 3176
f 3182 3177 3178
f 3177 3183 3171
f 3171 3184 3143
f 3144 3167 3166
f 3188 3144 3186
f 3185 3188 3186
f 3184 3185 3143
f 3182 3164 3183
f 3183 3177 3182
f 3188 3184 3187
f 3185 3184 3188
f 3188 3189 3165
f 3188 3165 3144
f 3164 3179 3165
f 3164 3165 3189
f 3164 3189 3188
f 3164 3188 3187
f 3187 3183 3164
f 3183 3187 3184
f 3164 3182 3190
f 3182 3181 3190
f 3182 3175 3181
f 3179 3190 3181
f 3190 3179 3164
f 3171 3143 3172
f 3171 3183 3184
f 3180 3167 3179
f 3169 3140 3132
f 3173 3132 3167
f 3172 3143 3142
f 3132 3133 3131
f 3140 3148 3132
f 3141 3140 3170
f 3141 3170 3171
f 3172 3141 3171
f 3186 3146 3185
f 3146 3143 3185
f 1147 1151 1145
f 1147 1145 1148
f 1149 1150 1144
f 1149 1144 1146
f 1545 1546 1551
f 1577 1546 1553
f 1580 1551 1546
f 1582 1546 1577
f 1556 1551 1580
f 1545 1551 1550
f 1556 1580 1579
f 1550 1551 1552
f 1559 1550 1552
f 1551 1556 1558
f 1553 1554 1557
f 1559 1557 1550
f 1558 1563 1551
f 1563 1562 1551
f 1551 1562 1560
f 1552 1551 1560
f 1550 1554 1553
f 1557 1554 1550
f 1555 1549 1577
f 1552 1560 1562
f 1562 1559 1552
f 1557 1561 1553
f 1561 1564 1553
f 1564 1577 1553
f 1565 1559 1562
f 1571 1561 1557
f 1565 1566 1559
f 1565 1562 1563
f 1570 1564 1561
f 1571 1557 1559
f 1563 1567 1565
f 1571 1559 1566
f 1569 1566 1568
f 1566 1569 1573
f 1573 1571 1566
f 1570 1576 1572
f 1571 1570 1561
f 1576 1570 1571
f 1573 1576 1571
f 1575 1576 1573
f 1577 1549 1582
f 1545 1550 1553
f 1553 1546 1545
f 1581 1582 1549
f 1581 1549 1548
f 1582 1580 1546
f 1584 1547 1580
f 1584 1580 1583
f 1580 1582 1583
f 1578 1556 1579
f 1579 1580 1547
f 1574 1572 1576
f 1624 1587 1622
f 1623 1621 1622
f 1622 1621 1624
f 1623 1586 1621
f 1587 1624 1620
f 1623 1590 1586
f 1623 1622 1587
f 1623 1587 1590
f 1593 1587 1620
f 1624 1621 1591
f 1585 1624 1591
f 1589 1621 1586
f 1588 1593 1620
f 1585 1591 1594
f 1620 1585 1592
f 1620 1592 1588
f 1591 1621 1595
f 1598 1586 1590
f 1595 1621 1589
f 1598 1589 1586
f 1594 1592 1585
f 1587 1603 1590
f 1588 1602 1593
f 1587 1593 1603
f 1594 1596 1592
f 1588 1592 1610
f 1594 1591 1595
f 1597 1596 1594
f 1588 1610 1602
f 1611 1603 1593
f 1599 1594 1604
f 1602 1611 1593
f 1603 1598 1590
f 1594 1595 1604
f 1597 1594 1599
f 1606 1589 1598
f 1609 1596 1597
f 1600 1597 1599
f 1605 1598 1603
f 1589 1604 1595
f 1598 1605 1606
f 1605 1603 1611
f 1606 1607 1589
f 1610 1596 1609
f 1610 1592 1596
f 1613 1599 1604
f 1602 1612 1611
f 1612 1602 1608
f 1613 1604 1607
f 1599 1613 1615
f 1606 1613 1607
f 1612 1605 1611
f 1617 1613 1606
f 1606 1605 1612
f 1617 1615 1613
f 1617 1606 1612
f 1617 1618 1615
f 1618 1617 1619
f 1612 1619 1617
f 1604 1589 1607
f 1620 1624 1585
f 1600 1625 1612
f 1612 1625 1626
f 1597 1600 1608
f 1625 1600 1599
f 1608 1600 1612
f 1618 1628 1615
f 1612 1626 1616
f 1610 1627 1601
f 1599 1615 1614
f 1146 1149 1148
f 1146 1148 1147
f 1 3 2
f 2 3 1
f 3 5 4
f 4 5 3
f 7 6 4
f 5 7 4
f 5 4 10
f 5 10 7
f 4 6 10
f 10 8 7
f 7 9 6
f 6 9 10
f 7 8 9
f 8 12 9
f 10 12 8
f 9 13 10
f 12 14 9
f 9 11 13
f 14 11 9
f 10 13 12
f 12 15 14
f 12 13 15
f 11 15 13
f 14 18 11
f 11 18 15
f 15 18 14
f 14 16 18
f 18 17 14
f 14 19 16
f 21 23 20
f 22 23 21
f 20 23 22
f 22 24 23
f 24 22 23
f 24 25 22
f 22 25 24
f 29 26 25
f 25 27 29
f 25 28 27
f 26 28 25
f 28 29 27
f 32 30 26
f 29 32 26
f 26 30 28
f 31 32 29
f 29 28 31
f 30 31 28
f 31 30 32
f 30 33 32
f 32 33 30
f 33 34 30
f 30 34 33
f 33 37 34
f 34 37 33
f 37 35 34
f 34 36 37
f 35 36 34
f 36 38 37
f 38 39 37
f 39 38 36
f 35 39 36
f 37 39 35
f 39 40 38
f 39 41 40
f 39 38 41
f 38 40 41
f 41 43 40
f 40 42 41
f 45 42 40
f 43 45 40
f 42 44 41
f 44 43 41
f 43 46 45
f 44 46 43
f 42 45 44
f 45 46 44
f 45 48 46
f 45 46 47
f 51 49 50
f 53 52 49
f 52 53 49
f 53 54 55
f 52 54 53
f 53 55 52
f 54 56 55
f 55 58 52
f 56 58 55
f 54 57 56
f 52 57 54
f 52 58 57
f 57 58 56
f 58 59 57
f 58 62 59
f 59 58 57
f 58 61 62
f 59 61 58
f 59 63 61
f 60 63 59
f 59 62 60
f 62 63 60
f 63 62 61
f 62 64 63
f 64 65 63
f 63 64 62
f 65 66 63
f 63 66 64
f 66 65 64
f 65 67 66
f 67 68 66
f 67 65 68
f 66 69 65
f 68 69 66
f 65 69 68
f 68 70 69
f 71 70 68
f 69 71 68
f 70 71 69
f 71 72 70
f 70 73 71
f 71 73 74
f 71 75 72
f 70 72 73
f 74 75 71
f 72 74 73
f 75 74 72
f 74 76 75
f 76 77 75
f 75 78 74
f 80 84 79
f 81 80 79
f 79 84 81
f 81 84 80
f 84 82 81
f 81 82 84
f 82 83 84
f 84 85 86
f 82 84 83
f 84 83 85
f 84 87 83
f 84 86 87
f 85 83 86
f 86 83 88
f 87 88 83
f 86 88 87
f 88 87 89
f 88 90 87
f 88 89 91
f 87 91 89
f 88 91 90
f 87 90 91
f 92 93 91
f 91 94 92
f 91 93 94
f 94 93 92
f 93 95 96
f 93 96 95
f 98 97 96
f 97 98 96
f 98 99 97
f 97 100 98
f 100 101 98
f 99 100 97
f 99 101 100
f 98 101 99
f 100 102 101
f 101 103 100
f 103 102 100
f 106 105 104
f 104 105 106
f 108 110 105
f 107 109 105
f 109 108 105
f 105 109 107
f 105 110 109
f 110 108 109
f 110 111 108
f 108 111 110
f 110 112 111
f 113 112 110
f 111 113 110
f 114 116 115
f 114 119 116
f 117 119 114
f 115 117 114
f 118 115 116
f 119 118 116
f 115 118 117
f 118 119 117
f 119 120 118
f 122 123 121
f 123 124 121
f 123 125 124
f 121 125 123
f 125 126 124
f 121 124 125
f 124 126 125
f 124 127 126
f 129 130 128
f 129 128 130
f 130 131 128
f 128 131 130
f 134 132 131
f 131 132 134
f 132 134 133
f 132 135 134
f 133 137 136
f 133 136 132
f 134 137 133
f 135 137 134
f 137 138 136
f 135 136 137
f 132 136 135
f 136 139 137
f 141 142 140
f 140 142 141
f 142 144 143
f 142 145 144
f 143 145 142
f 146 147 149
f 149 148 146
f 148 151 146
f 147 151 149
f 146 151 147
f 149 151 148
f 148 152 151
f 150 153 151
f 151 152 150
f 148 155 152
f 153 148 151
f 152 154 150
f 156 159 157
f 157 158 156
f 159 161 157
f 157 161 158
f 158 161 156
f 159 160 161
f 160 162 161
f 156 160 159
f 156 161 160
f 161 162 160
f 163 164 160
f 166 171 170
f 168 174 167
f 165 175 169
f 167 171 166
f 174 172 167
f 169 174 168
f 169 175 174
f 170 173 165
f 167 172 171
f 165 173 175
f 170 177 173
f 171 178 170
f 172 176 171
f 175 180 174
f 173 180 175
f 174 179 172
f 182 2968 181
f 183 189 193
f 2973 189 183
f 184 194 2973
f 187 194 184
f 188 187 184
f 193 188 185
f 2973 190 189
f 194 190 2973
f 189 191 193
f 187 192 194
f 188 192 187
f 188 200 192
f 189 195 191
f 190 195 189
f 190 205 195
f 190 216 205
f 194 216 190
f 191 197 193
f 188 196 200
f 193 197 196
f 193 196 188
f 191 198 197
f 198 203 197
f 195 199 198
f 195 198 191
f 196 202 201
f 196 201 200
f 197 203 202
f 197 202 196
f 198 204 203
f 204 209 203
f 199 213 204
f 199 204 198
f 195 213 199
f 200 206 192
f 201 207 206
f 201 206 200
f 202 208 201
f 208 207 201
f 203 209 208
f 203 208 202
f 204 210 209
f 213 210 204
f 194 211 216
f 192 211 194
f 206 214 192
f 207 214 206
f 208 212 207
f 212 214 207
f 209 210 212
f 209 212 208
f 212 217 214
f 210 217 212
f 195 205 213
f 216 215 205
f 211 219 216
f 205 215 213
f 216 220 215
f 219 220 216
f 192 223 211
f 214 223 192
f 213 221 210
f 215 221 213
f 210 221 217
f 214 218 223
f 217 218 214
f 215 222 221
f 223 219 211
f 221 230 217
f 220 222 215
f 222 227 221
f 217 224 218
f 230 224 217
f 221 227 230
f 220 225 222
f 222 225 227
f 219 226 220
f 223 226 219
f 218 228 223
f 220 226 225
f 227 233 230
f 224 228 218
f 223 228 226
f 225 233 227
f 226 229 225
f 228 232 226
f 225 229 233
f 228 234 232
f 231 234 228
f 236 237 245
f 244 235 243
f 241 242 240
f 245 246 235
f 238 246 237
f 240 238 239
f 243 2989 242
f 249 252 247
f 247 251 248
f 248 253 249
f 251 253 248
f 247 254 251
f 252 254 247
f 249 254 252
f 250 254 249
f 249 255 250
f 253 251 249
f 251 256 249
f 254 258 251
f 250 258 254
f 249 256 255
f 255 258 250
f 251 259 256
f 258 257 251
f 251 257 259
f 256 258 255
f 259 260 256
f 258 261 257
f 256 260 258
f 260 262 258
f 257 263 259
f 258 262 261
f 260 259 262
f 261 263 257
f 259 266 262
f 263 264 259
f 261 265 263
f 262 265 261
f 265 264 263
f 264 266 259
f 262 267 265
f 266 267 262
f 265 269 264
f 267 266 265
f 266 268 265
f 265 268 269
f 264 268 266
f 264 269 268
f 268 273 269
f 269 270 268
f 270 273 268
f 269 272 270
f 271 272 269
f 269 273 271
f 272 273 270
f 273 274 271
f 272 276 273
f 271 274 272
f 276 278 273
f 272 274 276
f 273 275 274
f 278 275 273
f 274 279 276
f 275 278 274
f 276 280 278
f 277 279 274
f 278 281 274
f 280 282 278
f 279 280 276
f 274 281 277
f 277 280 279
f 278 283 281
f 278 282 283
f 282 287 283
f 286 282 280
f 277 281 280
f 282 286 287
f 283 284 281
f 281 284 280
f 287 285 283
f 286 288 287
f 280 288 286
f 280 284 288
f 283 289 284
f 285 290 283
f 285 287 290
f 290 289 283
f 289 288 284
f 291 293 288
f 287 288 290
f 289 291 288
f 293 292 288
f 289 294 291
f 290 294 289
f 292 290 288
f 292 296 290
f 291 295 293
f 297 295 291
f 290 296 294
f 294 297 291
f 293 296 292
f 294 296 297
f 293 295 296
f 297 298 295
f 295 300 299
f 298 300 295
f 299 297 296
f 295 299 296
f 299 298 297
f 300 302 299
f 298 301 300
f 299 306 298
f 301 303 300
f 298 303 301
f 299 304 306
f 302 304 299
f 298 306 303
f 302 300 304
f 303 307 300
f 300 307 304
f 304 307 306
f 306 305 303
f 307 305 306
f 303 310 307
f 303 305 310
f 307 308 305
f 305 308 310
f 307 309 308
f 310 309 307
f 309 311 308
f 310 308 312
f 311 313 308
f 310 312 309
f 308 313 312
f 313 316 312
f 309 314 311
f 312 315 309
f 311 314 313
f 316 315 312
f 314 316 313
f 315 318 309
f 309 318 314
f 316 318 315
f 318 317 314
f 318 316 320
f 314 319 316
f 317 319 314
f 318 320 317
f 319 317 316
f 317 320 316
f 320 321 324
f 322 325 320
f 320 323 322
f 324 323 320
f 326 330 329
f 327 328 326
f 326 328 330
f 330 332 328
f 328 331 330
f 328 332 331
f 331 332 330
f 332 334 328
f 328 334 332
f 330 333 332
f 332 333 330
f 332 335 336
f 334 335 332
f 332 336 334
f 336 338 334
f 335 337 336
f 335 339 337
f 334 340 335
f 340 341 335
f 334 338 340
f 335 344 339
f 341 344 335
f 337 342 336
f 342 345 336
f 345 343 336
f 348 351 347
f 346 347 350
f 349 351 348
f 350 354 349
f 347 354 350
f 351 352 347
f 349 353 351
f 354 353 349
f 347 352 354
f 353 354 351
f 351 354 352
f 354 355 351
f 351 355 354
f 355 357 354
f 354 356 355
f 354 357 356
f 355 359 357
f 356 360 355
f 358 359 355
f 360 358 355
f 356 357 361
f 360 363 358
f 356 361 360
f 358 357 359
f 358 362 357
f 357 362 361
f 363 364 358
f 361 363 360
f 362 366 361
f 366 367 361
f 358 365 362
f 364 365 358
f 367 363 361
f 365 366 362
f 364 368 365
f 363 368 364
f 363 367 368
f 366 372 367
f 365 372 366
f 369 372 365
f 367 370 368
f 365 368 369
f 372 370 367
f 369 374 372
f 370 373 368
f 368 374 369
f 372 371 370
f 372 374 371
f 373 374 368
f 370 371 373
f 373 375 374
f 374 375 371
f 371 378 373
f 371 379 378
f 371 377 379
f 375 377 371
f 373 378 375
f 376 377 375
f 378 381 375
f 379 376 378
f 377 376 379
f 375 380 376
f 381 380 375
f 376 381 378
f 380 383 376
f 376 382 381
f 381 382 380
f 383 386 376
f 380 387 383
f 376 385 382
f 382 384 380
f 386 385 376
f 380 384 387
f 382 387 384
f 387 386 383
f 382 385 387
f 386 389 385
f 387 388 386
f 387 390 388
f 385 389 387
f 388 390 386
f 387 391 390
f 389 391 387
f 386 392 389
f 389 392 391
f 392 394 391
f 386 390 392
f 391 393 390
f 391 394 393
f 390 393 392
f 394 395 393
f 392 396 394
f 393 396 392
f 395 398 393
f 394 400 395
f 393 398 396
f 394 396 400
f 398 397 396
f 400 398 395
f 396 399 400
f 397 399 396
f 400 401 398
f 399 401 400
f 397 403 399
f 403 402 399
f 398 402 397
f 401 402 398
f 399 402 401
f 397 402 403
f 401 405 402
f 402 404 401
f 402 407 406
f 405 407 402
f 404 406 401
f 401 406 405
f 402 406 404
f 407 405 406
f 406 408 405
f 406 405 410
f 408 409 405
f 409 411 405
f 406 410 408
f 405 412 410
f 405 411 412
f 408 413 415
f 410 413 408
f 415 409 408
f 410 412 413
f 415 411 409
f 411 414 412
f 412 414 413
f 411 415 418
f 414 416 413
f 411 418 414
f 415 417 418
f 413 416 415
f 415 416 417
f 417 421 418
f 418 421 419
f 416 421 417
f 418 420 414
f 420 416 414
f 420 422 416
f 416 423 421
f 422 423 416
f 424 425 430
f 429 426 425
f 425 431 430
f 427 428 426
f 426 435 425
f 425 435 431
f 428 435 426
f 430 434 428
f 431 434 430
f 434 433 428
f 428 432 435
f 428 433 432
f 432 441 435
f 435 436 431
f 441 436 435
f 431 437 434
f 434 432 433
f 434 437 432
f 431 438 437
f 436 438 431
f 437 440 432
f 432 439 441
f 432 440 439
f 436 437 438
f 436 441 437
f 437 442 440
f 441 442 437
f 439 442 441
f 442 439 440
f 442 444 439
f 439 443 442
f 444 443 439
f 442 443 444
f 443 447 449
f 443 445 447
f 444 445 443
f 443 446 444
f 449 446 443
f 446 448 444
f 444 448 445
f 446 449 448
f 448 447 445
f 447 450 449
f 449 450 448
f 448 451 447
f 447 452 450
f 450 451 448
f 451 452 447
f 450 453 451
f 452 451 450
f 450 454 453
f 450 456 454
f 451 456 450
f 453 454 451
f 451 458 456
f 451 454 458
f 459 457 454
f 454 457 458
f 456 455 454
f 454 455 459
f 458 460 456
f 455 461 459
f 465 468 464
f 463 464 462
f 462 466 467
f 466 468 465
f 464 470 462
f 468 471 464
f 471 470 464
f 466 471 468
f 462 470 466
f 466 469 471
f 470 469 466
f 471 474 470
f 469 472 471
f 469 473 472
f 470 473 469
f 472 476 471
f 474 473 470
f 476 474 471
f 473 476 472
f 476 475 474
f 475 477 474
f 478 480 476
f 473 479 476
f 475 476 477
f 476 481 478
f 479 481 476
f 486 488 483
f 484 489 486
f 485 489 484
f 487 489 485
f 487 482 489
f 489 488 486
f 482 490 489
f 483 490 482
f 483 488 490
f 490 492 489
f 489 493 488
f 491 493 489
f 488 492 490
f 489 492 491
f 493 494 488
f 488 494 495
f 491 492 493
f 488 495 492
f 495 496 492
f 496 497 492
f 492 497 493
f 494 498 495
f 493 497 494
f 497 499 494
f 499 500 494
f 495 501 496
f 498 501 495
f 502 503 505
f 505 504 502
f 502 504 503
f 504 505 503
f 506 505 503
f 505 506 503
f 505 507 506
f 506 508 505
f 505 510 507
f 507 509 506
f 508 510 505
f 506 509 508
f 510 513 507
f 509 511 508
f 508 511 510
f 507 512 509
f 513 512 507
f 510 516 513
f 511 515 510
f 512 514 509
f 509 517 511
f 514 517 509
f 512 513 514
f 515 516 510
f 513 517 514
f 516 518 513
f 513 518 517
f 516 519 518
f 518 519 517
f 520 519 516
f 519 511 517
f 515 521 516
f 511 521 515
f 519 521 511
f 516 524 520
f 521 524 516
f 519 522 521
f 519 523 522
f 520 524 519
f 519 524 523
f 523 525 522
f 522 526 521
f 525 526 522
f 524 528 523
f 528 524 521
f 526 525 521
f 525 527 521
f 528 525 523
f 521 527 528
f 525 530 527
f 527 529 528
f 528 531 525
f 525 531 530
f 528 529 531
f 530 532 527
f 531 529 530
f 529 534 530
f 532 529 527
f 534 533 530
f 533 535 530
f 532 534 529
f 530 535 532
f 534 536 533
f 532 535 534
f 535 536 534
f 533 536 535
f 536 537 535
f 535 538 536
f 537 538 535
f 536 538 537
f 537 540 538
f 537 538 540
f 540 542 539
f 539 541 540
f 540 541 544
f 540 544 542
f 542 543 539
f 539 543 541
f 543 544 541
f 544 543 542
f 544 546 543
f 543 545 544
f 546 547 543
f 544 545 546
f 548 552 550
f 549 552 548
f 550 552 549
f 551 553 548
f 552 551 548
f 548 553 552
f 553 551 552
f 551 554 552
f 552 555 551
f 554 555 552
f 555 554 551
f 554 556 555
f 556 557 555
f 555 557 554
f 557 559 554
f 556 558 557
f 554 559 556
f 559 562 556
f 562 558 556
f 557 560 559
f 559 560 562
f 562 561 558
f 557 563 560
f 561 564 558
f 562 564 561
f 560 565 562
f 558 563 557
f 558 568 563
f 564 568 558
f 565 572 562
f 563 565 560
f 562 566 564
f 572 566 562
f 563 567 565
f 563 568 567
f 567 569 565
f 565 569 572
f 568 570 567
f 567 571 569
f 570 571 567
f 564 566 568
f 571 570 569
f 568 566 570
f 570 574 569
f 566 573 570
f 572 573 566
f 569 574 572
f 570 573 574
f 574 573 572
f 574 575 573
f 573 576 574
f 576 575 574
f 573 577 576
f 575 577 573
f 576 577 578
f 576 578 575
f 578 580 575
f 577 579 578
f 580 577 575
f 579 580 578
f 577 580 579
f 579 581 580
f 580 582 579
f 581 582 580
f 582 585 579
f 579 585 581
f 582 584 585
f 583 584 582
f 582 586 583
f 585 582 581
f 582 585 586
f 588 586 585
f 584 588 585
f 586 584 583
f 586 587 584
f 584 587 588
f 586 589 587
f 588 589 586
f 587 592 588
f 587 591 592
f 588 590 589
f 592 593 588
f 596 600 595
f 597 599 596
f 598 594 597
f 595 601 594
f 599 600 596
f 597 600 599
f 594 601 597
f 595 600 601
f 601 600 597
f 601 604 600
f 600 602 601
f 603 606 600
f 602 604 601
f 600 604 602
f 600 605 603
f 600 606 604
f 604 605 600
f 604 607 605
f 603 608 606
f 606 610 604
f 606 608 610
f 605 607 603
f 607 609 603
f 603 609 608
f 610 611 604
f 607 612 609
f 611 614 604
f 608 613 610
f 604 614 607
f 614 615 607
f 621 620 616
f 620 618 619
f 617 622 621
f 620 624 618
f 621 622 620
f 622 624 620
f 617 623 622
f 618 624 617
f 622 623 624
f 617 624 623
f 623 629 624
f 624 626 625
f 624 629 623
f 624 627 626
f 629 627 624
f 624 628 629
f 625 628 624
f 625 626 628
f 627 629 626
f 629 630 626
f 630 628 626
f 628 631 629
f 630 631 628
f 629 632 630
f 629 633 632
f 631 633 629
f 632 634 630
f 630 635 631
f 634 636 630
f 630 637 635
f 636 638 630
f 641 645 640
f 644 639 643
f 640 646 639
f 639 649 643
f 645 646 640
f 646 649 639
f 645 648 646
f 642 647 645
f 643 647 642
f 647 648 645
f 649 647 643
f 647 650 648
f 649 651 647
f 646 651 649
f 648 653 646
f 650 653 648
f 651 652 647
f 652 650 647
f 646 655 651
f 653 654 646
f 654 655 646
f 655 652 651
f 650 654 653
f 654 656 655
f 655 650 652
f 655 656 658
f 655 658 650
f 650 656 654
f 650 658 656
f 657 658 656
f 656 659 657
f 657 659 658
f 658 662 656
f 660 662 658
f 659 660 658
f 659 661 660
f 656 662 659
f 662 664 659
f 663 666 659
f 664 663 659
f 660 664 662
f 659 666 661
f 661 666 660
f 666 665 660
f 665 668 660
f 660 668 664
f 664 666 663
f 664 667 666
f 664 668 667
f 668 670 667
f 667 671 666
f 666 669 665
f 667 670 671
f 665 670 668
f 666 671 669
f 665 669 670
f 670 673 671
f 672 673 670
f 673 674 671
f 671 674 669
f 672 675 673
f 670 675 672
f 669 674 670
f 673 676 674
f 670 674 675
f 676 678 674
f 675 676 673
f 679 676 675
f 674 678 677
f 674 680 675
f 677 680 674
f 675 680 679
f 676 681 678
f 678 685 684
f 681 685 678
f 680 682 679
f 678 684 677
f 682 683 679
f 683 686 679
f 684 687 677
f 688 692 693
f 690 688 689
f 692 690 691
f 692 695 690
f 688 694 696
f 688 696 692
f 690 695 688
f 695 694 688
f 692 696 695
f 695 697 694
f 694 697 696
f 696 699 698
f 696 700 695
f 698 700 696
f 704 705 703
f 709 707 704
f 702 709 701
f 705 706 703
f 704 707 705
f 703 706 702
f 702 710 709
f 706 710 702
f 705 708 706
f 707 708 705
f 709 711 707
f 708 714 706
f 707 715 708
f 709 712 711
f 710 712 709
f 711 715 707
f 706 714 710
f 712 713 711
f 710 713 712
f 710 716 713
f 714 717 710
f 717 716 710
f 715 714 708
f 711 718 715
f 715 718 714
f 714 722 717
f 711 719 718
f 713 720 711
f 720 719 711
f 717 721 716
f 724 728 723
f 726 724 725
f 723 728 727
f 727 729 724
f 726 727 724
f 729 728 724
f 723 727 726
f 729 731 728
f 727 730 729
f 728 733 727
f 727 733 730
f 728 731 733
f 729 730 731
f 733 732 730
f 731 730 733
f 730 734 733
f 736 739 737
f 735 738 736
f 737 739 738
f 738 740 736
f 739 740 738
f 740 739 736
f 739 740 741
f 739 741 740
f 742 741 740
f 740 741 742
f 744 743 741
f 741 748 742
f 743 745 741
f 745 746 741
f 747 749 742
f 753 755 754
f 751 753 750
f 751 756 753
f 752 756 751
f 756 755 753
f 752 754 756
f 755 760 754
f 756 759 755
f 759 761 755
f 754 760 758
f 755 757 760
f 761 757 755
f 754 758 756
f 761 760 757
f 756 758 759
f 760 763 758
f 758 763 759
f 761 759 762
f 760 764 763
f 761 762 760
f 762 764 760
f 765 759 763
f 764 765 763
f 762 765 764
f 762 766 765
f 759 766 762
f 759 765 766
f 766 767 765
f 767 768 765
f 765 770 766
f 765 768 770
f 766 770 767
f 768 767 770
f 770 769 767
f 769 772 767
f 770 771 769
f 770 774 771
f 773 775 767
f 772 776 767
f 777 778 781
f 779 783 778
f 780 783 779
f 781 785 782
f 778 785 781
f 778 783 785
f 780 787 783
f 782 784 780
f 784 787 780
f 785 784 782
f 783 787 785
f 785 788 784
f 787 786 785
f 785 787 788
f 786 787 785
f 788 787 784
f 790 789 787
f 787 792 791
f 789 792 787
f 791 790 787
f 789 793 792
f 790 794 789
f 791 792 790
f 789 794 793
f 793 796 792
f 792 794 790
f 792 795 794
f 795 797 794
f 799 800 803
f 801 802 800
f 798 803 802
f 803 804 802
f 800 810 803
f 802 808 800
f 802 804 807
f 810 805 803
f 808 806 800
f 803 807 804
f 807 808 802
f 803 805 807
f 800 806 810
f 810 809 805
f 807 805 808
f 808 811 806
f 806 815 810
f 809 813 805
f 810 815 809
f 808 812 811
f 805 812 808
f 815 814 809
f 811 815 806
f 805 813 812
f 809 816 813
f 809 817 816
f 814 817 809
f 820 823 819
f 821 823 820
f 819 822 818
f 822 824 821
f 823 822 819
f 821 827 823
f 823 825 822
f 827 825 823
f 821 826 827
f 824 826 821
f 824 822 826
f 822 825 826
f 827 830 825
f 825 828 826
f 826 828 827
f 830 828 825
f 827 831 830
f 828 831 827
f 830 829 828
f 828 829 831
f 831 832 830
f 829 833 831
f 832 834 830
f 831 833 832
f 830 833 829
f 830 834 833
f 833 835 832
f 834 832 833
f 832 835 833
f 835 837 832
f 832 836 835
f 837 838 832
f 832 838 836
f 837 835 838
f 835 839 838
f 835 840 839
f 836 841 835
f 839 842 838
f 841 843 835
f 847 849 846
f 845 848 844
f 845 850 848
f 846 850 845
f 848 852 847
f 850 851 848
f 849 850 846
f 848 851 852
f 847 852 849
f 850 849 851
f 851 849 852
f 849 853 851
f 855 854 849
f 854 853 849
f 851 855 849
f 854 855 853
f 855 857 853
f 857 856 853
f 851 858 855
f 860 859 865
f 864 859 860
f 870 864 860
f 859 862 865
f 865 863 869
f 863 871 869
f 903 867 933
f 871 863 910
f 896 859 864
f 861 864 870
f 864 861 896
f 868 865 869
f 862 909 865
f 865 909 863
f 877 869 871
f 872 869 877
f 865 868 870
f 865 870 860
f 869 872 868
f 870 868 866
f 866 868 873
f 877 881 872
f 872 873 868
f 913 876 910
f 861 893 896
f 871 910 876
f 877 871 876
f 875 873 872
f 913 909 879
f 907 874 914
f 923 872 881
f 874 907 914
f 877 876 885
f 878 915 879
f 921 881 877
f 880 885 876
f 921 877 885
f 923 881 921
f 885 919 921
f 876 878 888
f 880 876 888
f 880 888 886
f 880 889 885
f 885 882 920
f 919 885 920
f 882 885 889
f 890 886 888
f 889 880 886
f 891 889 886
f 919 918 922
f 890 891 886
f 918 901 922
f 918 891 901
f 892 891 890
f 893 894 897
f 870 893 861
f 893 895 896
f 894 893 870
f 895 897 896
f 896 898 859
f 893 897 895
f 870 866 894
f 899 896 897
f 898 896 899
f 899 859 898
f 900 875 872
f 923 900 872
f 901 900 923
f 923 922 901
f 883 905 926
f 891 892 908
f 891 908 901
f 901 908 900
f 875 900 908
f 875 908 892
f 913 878 876
f 913 910 911
f 909 913 911
f 910 863 912
f 903 906 912
f 906 867 911
f 906 911 912
f 863 909 911
f 867 903 911
f 863 911 912
f 911 903 912
f 911 910 912
f 907 914 917
f 907 917 916
f 914 907 916
f 913 879 916
f 915 913 916
f 915 916 917
f 879 915 917
f 914 916 917
f 916 879 917
f 878 913 915
f 891 918 889
f 918 919 920
f 889 926 927
f 889 918 926
f 920 882 927
f 905 927 926
f 904 883 927
f 918 920 926
f 882 889 927
f 883 926 927
f 905 904 927
f 919 922 924
f 884 902 924
f 884 924 925
f 921 919 925
f 923 921 925
f 924 922 923
f 923 925 924
f 919 924 925
f 887 884 924
f 902 887 924
f 884 925 924
f 927 926 920
f 931 928 929
f 929 930 931
f 934 929 928
f 934 930 929
f 934 928 931
f 930 932 931
f 931 932 906
f 932 946 906
f 955 931 903
f 906 946 933
f 955 934 931
f 930 944 932
f 903 931 906
f 936 955 903
f 933 867 906
f 903 933 936
f 938 933 946
f 944 930 934
f 932 935 946
f 944 934 955
f 932 944 935
f 952 938 946
f 941 939 938
f 943 944 955
f 907 936 933
f 933 938 907
f 939 907 938
f 937 945 942
f 941 938 952
f 947 952 946
f 943 942 944
f 950 942 940
f 874 907 939
f 948 939 941
f 945 940 942
f 947 946 935
f 950 944 942
f 935 944 950
f 936 907 874
f 949 947 935
f 939 948 937
f 937 948 945
f 935 951 949
f 948 941 952
f 952 947 953
f 945 950 940
f 951 947 949
f 950 945 954
f 945 948 954
f 904 948 952
f 947 951 902
f 950 954 902
f 935 950 902
f 953 883 952
f 902 951 935
f 883 954 948
f 902 884 947
f 887 954 947
f 954 953 947
f 883 953 954
f 887 947 884
f 904 952 883
f 887 902 954
f 904 905 948
f 905 883 948
f 957 943 955
f 959 957 955
f 959 955 956
f 937 942 958
f 1005 962 961
f 963 967 961
f 961 962 965
f 961 968 1005
f 967 966 961
f 966 967 969
f 1006 970 965
f 968 973 1005
f 966 969 968
f 967 964 972
f 969 967 978
f 967 972 978
f 972 964 974
f 971 973 977
f 975 973 968
f 978 981 969
f 969 975 968
f 971 979 1010
f 978 972 974
f 971 977 979
f 969 981 975
f 976 977 973
f 978 974 982
f 975 989 973
f 983 981 978
f 978 982 983
f 981 985 975
f 988 974 980
f 975 985 989
f 982 986 983
f 974 988 982
f 1000 983 1021
f 987 984 976
f 987 976 989
f 988 986 982
f 1026 981 983
f 1021 983 986
f 981 1026 985
f 985 995 989
f 991 995 985
f 986 994 1021
f 985 1026 991
f 992 993 986
f 996 986 993
f 994 986 998
f 995 991 998
f 996 995 998
f 960 963 961
f 961 966 968
f 965 962 1006
f 976 973 989
f 986 988 990
f 986 996 998
f 973 971 999
f 1005 973 999
f 1010 979 970
f 983 1000 1026
f 1003 1002 976
f 989 1003 987
f 976 984 1003
f 1004 995 996
f 1004 1003 995
f 989 995 1003
f 1003 984 987
f 979 1002 1001
f 977 1002 979
f 977 976 1002
f 996 997 1004
f 962 1008 1006
f 1005 999 1007
f 999 971 1010
f 1007 999 1013
f 1011 970 1006
f 970 1011 1010
f 1010 1019 999
f 1019 1013 999
f 1019 1010 1012
f 1013 1017 1007
f 1007 1017 1015
f 1014 1007 1022
f 1011 1016 1020
f 1020 1012 1011
f 1019 1017 1013
f 1019 1027 1017
f 1016 1033 1020
f 1020 1019 1012
f 1019 1020 1027
f 1023 1017 1025
f 1028 1018 1014
f 1037 1030 1018
f 1018 1031 1037
f 1029 1021 994
f 1038 1027 1020
f 1036 1017 1027
f 1028 1014 1022
f 1018 1028 1031
f 1030 1033 1016
f 1030 1032 1033
f 1026 1000 1024
f 1025 1017 1026
f 1038 1020 1033
f 1025 1026 1024
f 1024 1023 1025
f 1038 1036 1027
f 1017 991 1026
f 1033 1029 994
f 1035 1024 1029
f 1023 1024 1035
f 1031 1028 1023
f 1032 1029 1033
f 1023 1028 1022
f 1035 1031 1023
f 1029 1032 1030
f 1035 1029 1037
f 994 1034 1033
f 1029 1030 1037
f 1038 1033 1034
f 1036 991 1017
f 991 1036 998
f 1036 1038 998
f 1038 1034 994
f 1035 1037 1031
f 1005 1007 962
f 962 1007 1008
f 1006 1008 1009
f 1009 1011 1006
f 1010 1011 1012
f 1007 1015 1022
f 1017 1023 1015
f 1023 1022 1015
f 1021 1029 1024
f 1000 1021 1024
f 998 1038 994
f 1040 1045 1039
f 1040 1048 1045
f 1042 1046 1041
f 1043 1048 1040
f 1041 1049 1043
f 1046 1049 1041
f 1044 1046 1042
f 1045 1044 1042
f 1048 1050 1045
f 1049 1047 1043
f 1045 1052 1044
f 1050 1052 1045
f 1047 1048 1043
f 1047 1050 1048
f 1047 1051 1050
f 1050 1051 1052
f 1054 1052 1051
f 1051 1047 1054
f 1049 1056 1047
f 1054 1055 1052
f 1046 1053 1049
f 1044 1058 1046
f 1052 1058 1044
f 1056 1054 1047
f 1055 1058 1052
f 1053 1056 1049
f 1058 1053 1046
f 1054 1057 1055
f 1227 1230 1226
f 1228 1229 1227
f 1226 1230 1228
f 1227 1234 1230
f 1227 1229 1234
f 1230 1231 1228
f 1234 1233 1230
f 1228 1232 1229
f 1231 1232 1228
f 1229 1232 1234
f 1231 1230 1232
f 1230 1233 1232
f 1234 1235 1233
f 1232 1236 1234
f 1235 1238 1233
f 1236 1235 1234
f 1233 1237 1232
f 1233 1238 1237
f 1235 1239 1238
f 1237 1238 1232
f 1236 1239 1235
f 1232 1240 1236
f 1238 1240 1232
f 1239 1241 1238
f 1236 1240 1239
f 1239 1244 1241
f 1238 1241 1240
f 1240 1242 1239
f 1239 1243 1244
f 1242 1243 1239
f 1241 1242 1240
f 1241 1246 1242
f 1243 1245 1244
f 1242 1245 1243
f 1246 1245 1242
f 1244 1248 1241
f 1245 1249 1244
f 1241 1248 1246
f 1246 1247 1245
f 1247 1249 1245
f 1244 1250 1248
f 1249 1250 1244
f 1247 1246 1249
f 1248 1251 1246
f 1249 1253 1250
f 1246 1252 1249
f 1251 1252 1246
f 1250 1253 1248
f 1252 1253 1249
f 1248 1253 1251
f 1253 1254 1255
f 1251 1256 1252
f 1252 1256 1253
f 1255 1258 1253
f 1253 1258 1251
f 1256 1254 1253
f 1251 1257 1256
f 1257 1259 1256
f 1255 1254 1258
f 1259 1254 1256
f 1251 1258 1257
f 1254 1260 1258
f 1258 1259 1257
f 1260 1264 1258
f 1254 1259 1260
f 1258 1264 1259
f 1264 1262 1259
f 1259 1261 1260
f 1259 1263 1261
f 1262 1263 1259
f 1261 1264 1260
f 1261 1265 1264
f 1262 1266 1263
f 1263 1267 1261
f 1263 1268 1267
f 1272 1274 1269
f 1271 1269 1270
f 1272 1273 1274
f 1270 1273 1272
f 1269 1273 1270
f 1269 1274 1273
f 1273 1274 1276
f 1273 1277 1274
f 1273 1276 1277
f 1274 1275 1276
f 1277 1275 1274
f 1276 1275 1277
f 1275 1281 1277
f 1277 1282 1275
f 1278 1282 1277
f 1281 1278 1277
f 1275 1280 1279
f 1282 1280 1275
f 1283 1288 1287
f 1288 1286 1287
f 1284 1288 1283
f 1285 1286 1284
f 1288 1290 1286
f 1286 1289 1284
f 1284 1290 1288
f 1289 1290 1284
f 1286 1290 1289
f 1290 1291 1289
f 1290 1293 1294
f 1289 1293 1290
f 1290 1292 1291
f 1289 1291 1293
f 1290 1294 1292
f 1292 1294 1291
f 1291 1295 1293
f 1291 1296 1295
f 1294 1293 1291
f 1293 1296 1291
f 1295 1297 1293
f 1296 1299 1295
f 1297 1296 1293
f 1295 1299 1297
f 1299 1298 1297
f 1297 1300 1296
f 1297 1298 1300
f 1296 1300 1299
f 1300 1302 1299
f 1299 1301 1298
f 1298 1302 1300
f 1302 1301 1299
f 1298 1301 1302
f 1301 1305 1302
f 1305 1304 1302
f 1301 1303 1305
f 1304 1301 1302
f 1305 1306 1304
f 1304 1303 1301
f 1304 1307 1303
f 1306 1307 1304
f 1303 1309 1305
f 1305 1309 1306
f 1308 1309 1303
f 1307 1308 1303
f 1309 1310 1306
f 1306 1311 1307
f 1313 1316 1312
f 1314 1317 1315
f 1313 1317 1316
f 1317 1320 1316
f 1316 1320 1314
f 1315 1317 1313
f 1314 1318 1317
f 1318 1319 1317
f 1314 1320 1318
f 1317 1319 1320
f 1320 1319 1324
f 1318 1321 1319
f 1319 1321 1324
f 1320 1321 1318
f 1320 1322 1321
f 1321 1323 1324
f 1321 1322 1323
f 1324 1325 1320
f 1325 1322 1320
f 1326 1328 1324
f 1325 1323 1322
f 1323 1327 1324
f 1331 1333 1332
f 1332 1333 1329
f 1332 1329 1330
f 1329 1333 1331
f 1333 1334 1329
f 1336 1335 1329
f 1334 1336 1329
f 1329 1334 1333
f 1329 1335 1334
f 1335 1337 1334
f 1337 1340 1334
f 1334 1335 1336
f 1334 1340 1335
f 1340 1342 1335
f 1335 1342 1337
f 1337 1339 1340
f 1341 1343 1340
f 1337 1344 1338
f 1342 1344 1337
f 1346 1351 1350
f 1345 1352 1349
f 1348 1349 1347
f 1347 1351 1346
f 1345 1350 1352
f 1351 1353 1350
f 1349 1352 1347
f 1353 1352 1350
f 1352 1354 1347
f 1354 1355 1347
f 1347 1356 1351
f 1353 1359 1352
f 1351 1359 1353
f 1347 1357 1356
f 1355 1357 1347
f 1352 1355 1354
f 1352 1359 1355
f 1351 1356 1359
f 1355 1358 1357
f 1359 1358 1355
f 1357 1359 1356
f 1359 1361 1358
f 1359 1360 1361
f 1358 1361 1357
f 1361 1363 1357
f 1357 1363 1359
f 1359 1366 1360
f 1360 1363 1361
f 1363 1366 1359
f 1360 1362 1363
f 1363 1362 1367
f 1360 1364 1362
f 1360 1365 1364
f 1366 1365 1360
f 3220 3231 3229
f 3231 3227 3238
f 3254 3277 3280
f 3191 3198 3213
f 3241 3207 3206
f 3293 3237 3294
f 3220 3229 3228
f 3248 3252 3198
f 3269 3244 3268
f 3256 3250 3207
f 3196 3195 3193
f 3192 3193 3194
f 3244 3210 3268
f 3261 3207 3292
f 3253 3246 3244
f 3204 3213 3198
f 3210 3232 3215
f 3221 3234 3201
f 3199 3200 3197
f 3199 3197 3196
f 3255 3272 3262
f 3277 3290 3285
f 3277 3285 3237
f 3213 3194 3191
f 3205 3216 3206
f 3213 3216 3205
f 3277 3290 3287
f 3279 3269 3283
f 3224 3223 3272
f 3264 3202 3257
f 3250 3202 3210
f 3283 3277 3279
f 3275 3286 3273
f 3220 3221 3202
f 3225 3219 3226
f 3266 3272 3255
f 3277 3281 3284
f 3210 3196 3211
f 3253 3248 3246
f 3219 3280 3237
f 3241 3216 3239
f 3259 3291 3289
f 3268 3273 3284
f 3231 3220 3217
f 3237 3280 3277
f 3291 3270 3290
f 3245 3198 3242
f 3289 3291 3290
f 3203 3206 3207
f 3217 3279 3277
f 3196 3202 3199
f 3248 3245 3244
f 3286 3282 3284
f 3273 3260 3215
f 3220 3234 3221
f 3255 3198 3247
f 3281 3277 3254
f 3293 3207 3241
f 3219 3212 3223
f 3256 3292 3269
f 3218 3232 3211
f 3208 3204 3262
f 3269 3257 3256
f 3241 3237 3293
f 3191 3198 3243
f 3193 3200 3250
f 3236 3227 3215
f 3205 3194 3213
f 3210 3215 3209
f 3209 3215 3260
f 3191 3243 3198
f 3196 3210 3202
f 3191 3194 3193
f 3242 3198 3191
f 3193 3192 3196
f 3193 3195 3197
f 3238 3229 3231
f 3225 3218 3219
f 3247 3252 3255
f 3205 3201 3240
f 3217 3220 3202
f 3222 3233 3230
f 3194 3205 3240
f 3265 3292 3294
f 3196 3240 3211
f 3201 3205 3206
f 3203 3201 3206
f 3202 3221 3203
f 3222 3240 3201
f 3203 3221 3201
f 3194 3240 3196
f 3214 3204 3212
f 3211 3240 3222
f 3214 3212 3219
f 3218 3216 3213
f 3218 3213 3214
f 3284 3282 3277
f 3210 3211 3232
f 3268 3274 3259
f 3212 3272 3223
f 3212 3262 3272
f 3201 3234 3222
f 3214 3219 3218
f 3223 3276 3219
f 3218 3211 3222
f 3236 3215 3232
f 3224 3276 3223
f 3200 3203 3207
f 3233 3222 3234
f 3228 3233 3220
f 3218 3239 3216
f 3270 3258 3253
f 3226 3229 3225
f 3219 3235 3228
f 3226 3228 3229
f 3225 3232 3218
f 3232 3225 3229
f 3209 3268 3210
f 3218 3222 3230
f 3236 3232 3229
f 3219 3237 3235
f 3220 3233 3234
f 3239 3218 3230
f 3236 3238 3227
f 3239 3228 3235
f 3259 3274 3291
f 3235 3237 3241
f 3228 3239 3233
f 3239 3230 3233
f 3195 3196 3197
f 3276 3280 3219
f 3287 3290 3277
f 3219 3228 3226
f 3191 3193 3242
f 3291 3278 3254
f 3193 3197 3200
f 3253 3244 3269
f 3250 3210 3244
f 3248 3244 3246
f 3198 3252 3247
f 3214 3213 3204
f 3248 3249 3252
f 3194 3196 3192
f 3268 3251 3269
f 3250 3257 3202
f 3250 3200 3207
f 3198 3255 3204
f 3216 3241 3206
f 3259 3269 3251
f 3242 3193 3244
f 3242 3244 3245
f 3283 3269 3267
f 3255 3262 3204
f 3252 3249 3270
f 3249 3248 3270
f 3248 3253 3258
f 3209 3260 3268
f 3268 3259 3251
f 3291 3254 3255
f 3258 3270 3248
f 3244 3193 3250
f 3256 3261 3292
f 3266 3255 3254
f 3262 3212 3204
f 3262 3204 3208
f 3269 3279 3264
f 3281 3274 3268
f 3252 3291 3255
f 3270 3291 3252
f 3238 3236 3229
f 3259 3263 3269
f 3260 3273 3268
f 3231 3215 3227
f 3264 3279 3217
f 3254 3278 3281
f 3269 3263 3267
f 3283 3267 3263
f 3257 3269 3264
f 3263 3259 3283
f 3215 3275 3273
f 3254 3280 3266
f 3271 3253 3265
f 3292 3265 3253
f 3280 3224 3272
f 3270 3271 3265
f 3276 3224 3280
f 3259 3289 3283
f 3215 3231 3275
f 3253 3271 3270
f 3291 3274 3281
f 3290 3277 3288
f 3277 3231 3217
f 3268 3284 3281
f 3256 3207 3261
f 3266 3280 3272
f 3294 3285 3270
f 3282 3275 3231
f 3286 3275 3282
f 3231 3277 3282
f 3281 3278 3291
f 3288 3277 3283
f 3284 3273 3286
f 3269 3292 3253
f 3289 3288 3283
f 3289 3290 3288
f 3200 3199 3202
f 3200 3202 3203
f 3256 3257 3250
f 3198 3245 3248
f 3241 3239 3235
f 3270 3285 3290
f 3293 3294 3207
f 3294 3292 3207
f 3270 3265 3294
f 3285 3294 3237
f 3217 3202 3264
f 1147 1151 1145
f 1147 1145 1148
f 1149 1150 1144
f 1149 1144 1146
f 1154 1156 1197
f 1197 1156 1199
f 1175 1176 1213
f 1213 1176 1215
f 1195 1196 1194
f 1224 1194 1190
f 1222 1190 1220
f 1186 1220 1187
f 1185 1220 1183
f 1158 1200 1199
f 1158 1199 1156
f 1218 1182 1217
f 1213 1214 1212
f 1174 1212 1211
f 1173 1211 1172
f 1209 1172 1167
f 1207 1167 1206
f 1163 1206 1165
f 1205 1206 1162
f 1202 1161 1201
f 1198 1157 1155
f 1197 1198 1153
f 1152 1153 1196
f 1159 1202 1200
f 1159 1200 1158
f 1205 1204 1164
f 1207 1164 1166
f 1207 1166 1168
f 1208 1207 1168
f 1208 1168 1170
f 1209 1208 1170
f 1209 1170 1171
f 1210 1209 1171
f 1173 1210 1171
f 1179 1216 1215
f 1179 1215 1176
f 1181 1218 1216
f 1181 1216 1179
f 1184 1219 1218
f 1222 1221 1188
f 1222 1188 1189
f 1223 1222 1189
f 1223 1189 1191
f 1224 1223 1191
f 1224 1191 1193
f 1225 1224 1193
f 1195 1225 1193
f 1190 1187 1220
f 1225 1195 1194
f 1224 1225 1194
f 1192 1190 1194
f 1223 1224 1190
f 1222 1223 1190
f 1220 1186 1183
f 1221 1222 1220
f 1185 1221 1220
f 1180 1178 1217
f 1180 1217 1182
f 1184 1185 1183
f 1182 1184 1183
f 1219 1184 1182
f 1218 1219 1182
f 1178 1177 1214
f 1178 1214 1217
f 1216 1218 1217
f 1217 1214 1215
f 1217 1215 1216
f 1177 1212 1214
f 1213 1215 1214
f 1175 1213 1212
f 1174 1175 1212
f 1173 1174 1211
f 1172 1169 1167
f 1210 1173 1172
f 1209 1210 1172
f 1167 1165 1206
f 1208 1209 1167
f 1207 1208 1167
f 1206 1163 1162
f 1164 1207 1206
f 1205 1164 1206
f 1160 1157 1201
f 1160 1201 1161
f 1204 1205 1162
f 1161 1204 1162
f 1203 1204 1161
f 1202 1203 1161
f 1201 1198 1199
f 1201 1199 1200
f 1200 1202 1201
f 1198 1201 1157
f 1197 1199 1198
f 1153 1198 1155
f 1154 1197 1153
f 1152 1154 1153
f 1195 1152 1196
f 1146 1149 1148
f 1146 1148 1147
f 1 3 2
f 2 3 1
f 3 5 4
f 4 5 3
f 7 6 4
f 5 7 4
f 5 4 10
f 5 10 7
f 4 6 10
f 10 8 7
f 7 9 6
f 6 9 10
f 7 8 9
f 8 12 9
f 10 12 8
f 9 13 10
f 12 14 9
f 9 11 13
f 14 11 9
f 10 13 12
f 12 15 14
f 12 13 15
f 11 15 13
f 14 18 11
f 11 18 15
f 15 18 14
f 14 16 18
f 18 17 14
f 14 19 16
f 21 23 20
f 22 23 21
f 20 23 22
f 22 24 23
f 24 22 23
f 24 25 22
f 22 25 24
f 29 26 25
f 25 27 29
f 25 28 27
f 26 28 25
f 28 29 27
f 32 30 26
f 29 32 26
f 26 30 28
f 31 32 29
f 29 28 31
f 30 31 28
f 31 30 32
f 30 33 32
f 32 33 30
f 33 34 30
f 30 34 33
f 33 37 34
f 34 37 33
f 37 35 34
f 34 36 37
f 35 36 34
f 36 38 37
f 38 39 37
f 39 38 36
f 35 39 36
f 37 39 35
f 39 40 38
f 39 41 40
f 39 38 41
f 38 40 41
f 41 43 40
f 40 42 41
f 45 42 40
f 43 45 40
f 42 44 41
f 44 43 41
f 43 46 45
f 44 46 43
f 42 45 44
f 45 46 44
f 45 48 46
f 45 46 47
f 51 49 50
f 53 52 49
f 52 53 49
f 53 54 55
f 52 54 53
f 53 55 52
f 54 56 55
f 55 58 52
f 56 58 55
f 54 57 56
f 52 57 54
f 52 58 57
f 57 58 56
f 58 59 57
f 58 62 59
f 59 58 57
f 58 61 62
f 59 61 58
f 59 63 61
f 60 63 59
f 59 62 60
f 62 63 60
f 63 62 61
f 62 64 63
f 64 65 63
f 63 64 62
f 65 66 63
f 63 66 64
f 66 65 64
f 65 67 66
f 67 68 66
f 67 65 68
f 66 69 65
f 68 69 66
f 65 69 68
f 68 70 69
f 71 70 68
f 69 71 68
f 70 71 69
f 71 72 70
f 70 73 71
f 71 73 74
f 71 75 72
f 70 72 73
f 74 75 71
f 72 74 73
f 75 74 72
f 74 76 75
f 76 77 75
f 75 78 74
f 80 84 79
f 81 80 79
f 79 84 81
f 81 84 80
f 84 82 81
f 81 82 84
f 82 83 84
f 84 85 86
f 82 84 83
f 84 83 85
f 84 87 83
f 84 86 87
f 85 83 86
f 86 83 88
f 87 88 83
f 86 88 87
f 88 87 89
f 88 90 87
f 88 89 91
f 87 91 89
f 88 91 90
f 87 90 91
f 92 93 91
f 91 94 92
f 91 93 94
f 94 93 92
f 93 95 96
f 93 96 95
f 98 97 96
f 97 98 96
f 98 99 97
f 97 100 98
f 100 101 98
f 99 100 97
f 99 101 100
f 98 101 99
f 100 102 101
f 101 103 100
f 103 102 100
f 106 105 104
f 104 105 106
f 108 110 105
f 107 109 105
f 109 108 105
f 105 109 107
f 105 110 109
f 110 108 109
f 110 111 108
f 108 111 110
f 110 112 111
f 113 112 110
f 111 113 110
f 114 116 115
f 114 119 116
f 117 119 114
f 115 117 114
f 118 115 116
f 119 118 116
f 115 118 117
f 118 119 117
f 119 120 118
f 122 123 121
f 123 124 121
f 123 125 124
f 121 125 123
f 125 126 124
f 121 124 125
f 124 126 125
f 124 127 126
f 129 130 128
f 129 128 130
f 130 131 128
f 128 131 130
f 134 132 131
f 131 132 134
f 132 134 133
f 132 135 134
f 133 137 136
f 133 136 132
f 134 137 133
f 135 137 134
f 137 138 136
f 135 136 137
f 132 136 135
f 136 139 137
f 141 142 140
f 140 142 141
f 142 144 143
f 142 145 144
f 143 145 142
f 146 147 149
f 149 148 146
f 148 151 146
f 147 151 149
f 146 151 147
f 149 151 148
f 148 152 151
f 150 153 151
f 151 152 150
f 148 155 152
f 153 148 151
f 152 154 150
f 156 159 157
f 157 158 156
f 159 161 157
f 157 161 158
f 158 161 156
f 159 160 161
f 160 162 161
f 156 160 159
f 156 161 160
f 161 162 160
f 163 164 160
f 166 171 170
f 168 174 167
f 165 175 169
f 167 171 166
f 174 172 167
f 169 174 168
f 169 175 174
f 170 173 165
f 167 172 171
f 165 173 175
f 170 177 173
f 171 178 170
f 172 176 171
f 175 180 174
f 173 180 175
f 174 179 172
f 182 2968 181
f 183 189 193
f 2973 189 183
f 184 194 2973
f 187 194 184
f 188 187 184
f 193 188 185
f 2973 190 189
f 194 190 2973
f 189 191 193
f 187 192 194
f 188 192 187
f 188 200 192
f 189 195 191
f 190 195 189
f 190 205 195
f 190 216 205
f 194 216 190
f 191 197 193
f 188 196 200
f 193 197 196
f 193 196 188
f 191 198 197
f 198 203 197
f 195 199 198
f 195 198 191
f 196 202 201
f 196 201 200
f 197 203 202
f 197 202 196
f 198 204 203
f 204 209 203
f 199 213 204
f 199 204 198
f 195 213 199
f 200 206 192
f 201 207 206
f 201 206 200
f 202 208 201
f 208 207 201
f 203 209 208
f 203 208 202
f 204 210 209
f 213 210 204
f 194 211 216
f 192 211 194
f 206 214 192
f 207 214 206
f 208 212 207
f 212 214 207
f 209 210 212
f 209 212 208
f 212 217 214
f 210 217 212
f 195 205 213
f 216 215 205
f 211 219 216
f 205 215 213
f 216 220 215
f 219 220 216
f 192 223 211
f 214 223 192
f 213 221 210
f 215 221 213
f 210 221 217
f 214 218 223
f 217 218 214
f 215 222 221
f 223 219 211
f 221 230 217
f 220 222 215
f 222 227 221
f 217 224 218
f 230 224 217
f 221 227 230
f 220 225 222
f 222 225 227
f 219 226 220
f 223 226 219
f 218 228 223
f 220 226 225
f 227 233 230
f 224 228 218
f 223 228 226
f 225 233 227
f 226 229 225
f 228 232 226
f 225 229 233
f 228 234 232
f 231 234 228
f 236 237 245
f 244 235 243
f 241 242 240
f 245 246 235
f 238 246 237
f 240 238 239
f 243 2989 242
f 249 252 247
f 247 251 248
f 248 253 249
f 251 253 248
f 247 254 251
f 252 254 247
f 249 254 252
f 250 254 249
f 249 255 250
f 253 251 249
f 251 256 249
f 254 258 251
f 250 258 254
f 249 256 255
f 255 258 250
f 251 259 256
f 258 257 251
f 251 257 259
f 256 258 255
f 259 260 256
f 258 261 257
f 256 260 258
f 260 262 258
f 257 263 259
f 258 262 261
f 260 259 262
f 261 263 257
f 259 266 262
f 263 264 259
f 261 265 263
f 262 265 261
f 265 264 263
f 264 266 259
f 262 267 265
f 266 267 262
f 265 269 264
f 267 266 265
f 266 268 265
f 265 268 269
f 264 268 266
f 264 269 268
f 268 273 269
f 269 270 268
f 270 273 268
f 269 272 270
f 271 272 269
f 269 273 271
f 272 273 270
f 273 274 271
f 272 276 273
f 271 274 272
f 276 278 273
f 272 274 276
f 273 275 274
f 278 275 273
f 274 279 276
f 275 278 274
f 276 280 278
f 277 279 274
f 278 281 274
f 280 282 278
f 279 280 276
f 274 281 277
f 277 280 279
f 278 283 281
f 278 282 283
f 282 287 283
f 286 282 280
f 277 281 280
f 282 286 287
f 283 284 281
f 281 284 280
f 287 285 283
f 286 288 287
f 280 288 286
f 280 284 288
f 283 289 284
f 285 290 283
f 285 287 290
f 290 289 283
f 289 288 284
f 291 293 288
f 287 288 290
f 289 291 288
f 293 292 288
f 289 294 291
f 290 294 289
f 292 290 288
f 292 296 290
f 291 295 293
f 297 295 291
f 290 296 294
f 294 297 291
f 293 296 292
f 294 296 297
f 293 295 296
f 297 298 295
f 295 300 299
f 298 300 295
f 299 297 296
f 295 299 296
f 299 298 297
f 300 302 299
f 298 301 300
f 299 306 298
f 301 303 300
f 298 303 301
f 299 304 306
f 302 304 299
f 298 306 303
f 302 300 304
f 303 307 300
f 300 307 304
f 304 307 306
f 306 305 303
f 307 305 306
f 303 310 307
f 303 305 310
f 307 308 305
f 305 308 310
f 307 309 308
f 310 309 307
f 309 311 308
f 310 308 312
f 311 313 308
f 310 312 309
f 308 313 312
f 313 316 312
f 309 314 311
f 312 315 309
f 311 314 313
f 316 315 312
f 314 316 313
f 315 318 309
f 309 318 314
f 316 318 315
f 318 317 314
f 318 316 320
f 314 319 316
f 317 319 314
f 318 320 317
f 319 317 316
f 317 320 316
f 320 321 324
f 322 325 320
f 320 323 322
f 324 323 320
f 326 330 329
f 327 328 326
f 326 328 330
f 330 332 328
f 328 331 330
f 328 332 331
f 331 332 330
f 332 334 328
f 328 334 332
f 330 333 332
f 332 333 330
f 332 335 336
f 334 335 332
f 332 336 334
f 336 338 334
f 335 337 336
f 335 339 337
f 334 340 335
f 340 341 335
f 334 338 340
f 335 344 339
f 341 344 335
f 337 342 336
f 342 345 336
f 345 343 336
f 348 351 347
f 346 347 350
f 349 351 348
f 350 354 349
f 347 354 350
f 351 352 347
f 349 353 351
f 354 353 349
f 347 352 354
f 353 354 351
f 351 354 352
f 354 355 351
f 351 355 354
f 355 357 354
f 354 356 355
f 354 357 356
f 355 359 357
f 356 360 355
f 358 359 355
f 360 358 355
f 356 357 361
f 360 363 358
f 356 361 360
f 358 357 359
f 358 362 357
f 357 362 361
f 363 364 358
f 361 363 360
f 362 366 361
f 366 367 361
f 358 365 362
f 364 365 358
f 367 363 361
f 365 366 362
f 364 368 365
f 363 368 364
f 363 367 368
f 366 372 367
f 365 372 366
f 369 372 365
f 367 370 368
f 365 368 369
f 372 370 367
f 369 374 372
f 370 373 368
f 368 374 369
f 372 371 370
f 372 374 371
f 373 374 368
f 370 371 373
f 373 375 374
f 374 375 371
f 371 378 373
f 371 379 378
f 371 377 379
f 375 377 371
f 373 378 375
f 376 377 375
f 378 381 375
f 379 376 378
f 377 376 379
f 375 380 376
f 381 380 375
f 376 381 378
f 380 383 376
f 376 382 381
f 381 382 380
f 383 386 376
f 380 387 383
f 376 385 382
f 382 384 380
f 386 385 376
f 380 384 387
f 382 387 384
f 387 386 383
f 382 385 387
f 386 389 385
f 387 388 386
f 387 390 388
f 385 389 387
f 388 390 386
f 387 391 390
f 389 391 387
f 386 392 389
f 389 392 391
f 392 394 391
f 386 390 392
f 391 393 390
f 391 394 393
f 390 393 392
f 394 395 393
f 392 396 394
f 393 396 392
f 395 398 393
f 394 400 395
f 393 398 396
f 394 396 400
f 398 397 396
f 400 398 395
f 396 399 400
f 397 399 396
f 400 401 398
f 399 401 400
f 397 403 399
f 403 402 399
f 398 402 397
f 401 402 398
f 399 402 401
f 397 402 403
f 401 405 402
f 402 404 401
f 402 407 406
f 405 407 402
f 404 406 401
f 401 406 405
f 402 406 404
f 407 405 406
f 406 408 405
f 406 405 410
f 408 409 405
f 409 411 405
f 406 410 408
f 405 412 410
f 405 411 412
f 408 413 415
f 410 413 408
f 415 409 408
f 410 412 413
f 415 411 409
f 411 414 412
f 412 414 413
f 411 415 418
f 414 416 413
f 411 418 414
f 415 417 418
f 413 416 415
f 415 416 417
f 417 421 418
f 418 421 419
f 416 421 417
f 418 420 414
f 420 416 414
f 420 422 416
f 416 423 421
f 422 423 416
f 424 425 430
f 429 426 425
f 425 431 430
f 427 428 426
f 426 435 425
f 425 435 431
f 428 435 426
f 430 434 428
f 431 434 430
f 434 433 428
f 428 432 435
f 428 433 432
f 432 441 435
f 435 436 431
f 441 436 435
f 431 437 434
f 434 432 433
f 434 437 432
f 431 438 437
f 436 438 431
f 437 440 432
f 432 439 441
f 432 440 439
f 436 437 438
f 436 441 437
f 437 442 440
f 441 442 437
f 439 442 441
f 442 439 440
f 442 444 439
f 439 443 442
f 444 443 439
f 442 443 444
f 443 447 449
f 443 445 447
f 444 445 443
f 443 446 444
f 449 446 443
f 446 448 444
f 444 448 445
f 446 449 448
f 448 447 445
f 447 450 449
f 449 450 448
f 448 451 447
f 447 452 450
f 450 451 448
f 451 452 447
f 450 453 451
f 452 451 450
f 450 454 453
f 450 456 454
f 451 456 450
f 453 454 451
f 451 458 456
f 451 454 458
f 459 457 454
f 454 457 458
f 456 455 454
f 454 455 459
f 458 460 456
f 455 461 459
f 465 468 464
f 463 464 462
f 462 466 467
f 466 468 465
f 464 470 462
f 468 471 464
f 471 470 464
f 466 471 468
f 462 470 466
f 466 469 471
f 470 469 466
f 471 474 470
f 469 472 471
f 469 473 472
f 470 473 469
f 472 476 471
f 474 473 470
f 476 474 471
f 473 476 472
f 476 475 474
f 475 477 474
f 478 480 476
f 473 479 476
f 475 476 477
f 476 481 478
f 479 481 476
f 486 488 483
f 484 489 486
f 485 489 484
f 487 489 485
f 487 482 489
f 489 488 486
f 482 490 489
f 483 490 482
f 483 488 490
f 490 492 489
f 489 493 488
f 491 493 489
f 488 492 490
f 489 492 491
f 493 494 488
f 488 494 495
f 491 492 493
f 488 495 492
f 495 496 492
f 496 497 492
f 492 497 493
f 494 498 495
f 493 497 494
f 497 499 494
f 499 500 494
f 495 501 496
f 498 501 495
f 502 503 505
f 505 504 502
f 502 504 503
f 504 505 503
f 506 505 503
f 505 506 503
f 505 507 506
f 506 508 505
f 505 510 507
f 507 509 506
f 508 510 505
f 506 509 508
f 510 513 507
f 509 511 508
f 508 511 510
f 507 512 509
f 513 512 507
f 510 516 513
f 511 515 510
f 512 514 509
f 509 517 511
f 514 517 509
f 512 513 514
f 515 516 510
f 513 517 514
f 516 518 513
f 513 518 517
f 516 519 518
f 518 519 517
f 520 519 516
f 519 511 517
f 515 521 516
f 511 521 515
f 519 521 511
f 516 524 520
f 521 524 516
f 519 522 521
f 519 523 522
f 520 524 519
f 519 524 523
f 523 525 522
f 522 526 521
f 525 526 522
f 524 528 523
f 528 524 521
f 526 525 521
f 525 527 521
f 528 525 523
f 521 527 528
f 525 530 527
f 527 529 528
f 528 531 525
f 525 531 530
f 528 529 531
f 530 532 527
f 531 529 530
f 529 534 530
f 532 529 527
f 534 533 530
f 533 535 530
f 532 534 529
f 530 535 532
f 534 536 533
f 532 535 534
f 535 536 534
f 533 536 535
f 536 537 535
f 535 538 536
f 537 538 535
f 536 538 537
f 537 540 538
f 537 538 540
f 540 542 539
f 539 541 540
f 540 541 544
f 540 544 542
f 542 543 539
f 539 543 541
f 543 544 541
f 544 543 542
f 544 546 543
f 543 545 544
f 546 547 543
f 544 545 546
f 548 552 550
f 549 552 548
f 550 552 549
f 551 553 548
f 552 551 548
f 548 553 552
f 553 551 552
f 551 554 552
f 552 555 551
f 554 555 552
f 555 554 551
f 554 556 555
f 556 557 555
f 555 557 554
f 557 559 554
f 556 558 557
f 554 559 556
f 559 562 556
f 562 558 556
f 557 560 559
f 559 560 562
f 562 561 558
f 557 563 560
f 561 564 558
f 562 564 561
f 560 565 562
f 558 563 557
f 558 568 563
f 564 568 558
f 565 572 562
f 563 565 560
f 562 566 564
f 572 566 562
f 563 567 565
f 563 568 567
f 567 569 565
f 565 569 572
f 568 570 567
f 567 571 569
f 570 571 567
f 564 566 568
f 571 570 569
f 568 566 570
f 570 574 569
f 566 573 570
f 572 573 566
f 569 574 572
f 570 573 574
f 574 573 572
f 574 575 573
f 573 576 574
f 576 575 574
f 573 577 576
f 575 577 573
f 576 577 578
f 576 578 575
f 578 580 575
f 577 579 578
f 580 577 575
f 579 580 578
f 577 580 579
f 579 581 580
f 580 582 579
f 581 582 580
f 582 585 579
f 579 585 581
f 582 584 585
f 583 584 582
f 582 586 583
f 585 582 581
f 582 585 586
f 588 586 585
f 584 588 585
f 586 584 583
f 586 587 584
f 584 587 588
f 586 589 587
f 588 589 586
f 587 592 588
f 587 591 592
f 588 590 589
f 592 593 588
f 596 600 595
f 597 599 596
f 598 594 597
f 595 601 594
f 599 600 596
f 597 600 599
f 594 601 597
f 595 600 601
f 601 600 597
f 601 604 600
f 600 602 601
f 603 606 600
f 602 604 601
f 600 604 602
f 600 605 603
f 600 606 604
f 604 605 600
f 604 607 605
f 603 608 606
f 606 610 604
f 606 608 610
f 605 607 603
f 607 609 603
f 603 609 608
f 610 611 604
f 607 612 609
f 611 614 604
f 608 613 610
f 604 614 607
f 614 615 607
f 621 620 616
f 620 618 619
f 617 622 621
f 620 624 618
f 621 622 620
f 622 624 620
f 617 623 622
f 618 624 617
f 622 623 624
f 617 624 623
f 623 629 624
f 624 626 625
f 624 629 623
f 624 627 626
f 629 627 624
f 624 628 629
f 625 628 624
f 625 626 628
f 627 629 626
f 629 630 626
f 630 628 626
f 628 631 629
f 630 631 628
f 629 632 630
f 629 633 632
f 631 633 629
f 632 634 630
f 630 635 631
f 634 636 630
f 630 637 635
f 636 638 630
f 641 645 640
f 644 639 643
f 640 646 639
f 639 649 643
f 645 646 640
f 646 649 639
f 645 648 646
f 642 647 645
f 643 647 642
f 647 648 645
f 649 647 643
f 647 650 648
f 649 651 647
f 646 651 649
f 648 653 646
f 650 653 648
f 651 652 647
f 652 650 647
f 646 655 651
f 653 654 646
f 654 655 646
f 655 652 651
f 650 654 653
f 654 656 655
f 655 650 652
f 655 656 658
f 655 658 650
f 650 656 654
f 650 658 656
f 657 658 656
f 656 659 657
f 657 659 658
f 658 662 656
f 660 662 658
f 659 660 658
f 659 661 660
f 656 662 659
f 662 664 659
f 663 666 659
f 664 663 659
f 660 664 662
f 659 666 661
f 661 666 660
f 666 665 660
f 665 668 660
f 660 668 664
f 664 666 663
f 664 667 666
f 664 668 667
f 668 670 667
f 667 671 666
f 666 669 665
f 667 670 671
f 665 670 668
f 666 671 669
f 665 669 670
f 670 673 671
f 672 673 670
f 673 674 671
f 671 674 669
f 672 675 673
f 670 675 672
f 669 674 670
f 673 676 674
f 670 674 675
f 676 678 674
f 675 676 673
f 679 676 675
f 674 678 677
f 674 680 675
f 677 680 674
f 675 680 679
f 676 681 678
f 678 685 684
f 681 685 678
f 680 682 679
f 678 684 677
f 682 683 679
f 683 686 679
f 684 687 677
f 688 692 693
f 690 688 689
f 692 690 691
f 692 695 690
f 688 694 696
f 688 696 692
f 690 695 688
f 695 694 688
f 692 696 695
f 695 697 694
f 694 697 696
f 696 699 698
f 696 700 695
f 698 700 696
f 704 705 703
f 709 707 704
f 702 709 701
f 705 706 703
f 704 707 705
f 703 706 702
f 702 710 709
f 706 710 702
f 705 708 706
f 707 708 705
f 709 711 707
f 708 714 706
f 707 715 708
f 709 712 711
f 710 712 709
f 711 715 707
f 706 714 710
f 712 713 711
f 710 713 712
f 710 716 713
f 714 717 710
f 717 716 710
f 715 714 708
f 711 718 715
f 715 718 714
f 714 722 717
f 711 719 718
f 713 720 711
f 720 719 711
f 717 721 716
f 724 728 723
f 726 724 725
f 723 728 727
f 727 729 724
f 726 727 724
f 729 728 724
f 723 727 726
f 729 731 728
f 727 730 729
f 728 733 727
f 727 733 730
f 728 731 733
f 729 730 731
f 733 732 730
f 731 730 733
f 730 734 733
f 736 739 737
f 735 738 736
f 737 739 738
f 738 740 736
f 739 740 738
f 740 739 736
f 739 740 741
f 739 741 740
f 742 741 740
f 740 741 742
f 744 743 741
f 741 748 742
f 743 745 741
f 745 746 741
f 747 749 742
f 753 755 754
f 751 753 750
f 751 756 753
f 752 756 751
f 756 755 753
f 752 754 756
f 755 760 754
f 756 759 755
f 759 761 755
f 754 760 758
f 755 757 760
f 761 757 755
f 754 758 756
f 761 760 757
f 756 758 759
f 760 763 758
f 758 763 759
f 761 759 762
f 760 764 763
f 761 762 760
f 762 764 760
f 765 759 763
f 764 765 763
f 762 765 764
f 762 766 765
f 759 766 762
f 759 765 766
f 766 767 765
f 767 768 765
f 765 770 766
f 765 768 770
f 766 770 767
f 768 767 770
f 770 769 767
f 769 772 767
f 770 771 769
f 770 774 771
f 773 775 767
f 772 776 767
f 777 778 781
f 779 783 778
f 780 783 779
f 781 785 782
f 778 785 781
f 778 783 785
f 780 787 783
f 782 784 780
f 784 787 780
f 785 784 782
f 783 787 785
f 785 788 784
f 787 786 785
f 785 787 788
f 786 787 785
f 788 787 784
f 790 789 787
f 787 792 791
f 789 792 787
f 791 790 787
f 789 793 792
f 790 794 789
f 791 792 790
f 789 794 793
f 793 796 792
f 792 794 790
f 792 795 794
f 795 797 794
f 799 800 803
f 801 802 800
f 798 803 802
f 803 804 802
f 800 810 803
f 802 808 800
f 802 804 807
f 810 805 803
f 808 806 800
f 803 807 804
f 807 808 802
f 803 805 807
f 800 806 810
f 810 809 805
f 807 805 808
f 808 811 806
f 806 815 810
f 809 813 805
f 810 815 809
f 808 812 811
f 805 812 808
f 815 814 809
f 811 815 806
f 805 813 812
f 809 816 813
f 809 817 816
f 814 817 809
f 820 823 819
f 821 823 820
f 819 822 818
f 822 824 821
f 823 822 819
f 821 827 823
f 823 825 822
f 827 825 823
f 821 826 827
f 824 826 821
f 824 822 826
f 822 825 826
f 827 830 825
f 825 828 826
f 826 828 827
f 830 828 825
f 827 831 830
f 828 831 827
f 830 829 828
f 828 829 831
f 831 832 830
f 829 833 831
f 832 834 830
f 831 833 832
f 830 833 829
f 830 834 833
f 833 835 832
f 834 832 833
f 832 835 833
f 835 837 832
f 832 836 835
f 837 838 832
f 832 838 836
f 837 835 838
f 835 839 838
f 835 840 839
f 836 841 835
f 839 842 838
f 841 843 835
f 847 849 846
f 845 848 844
f 845 850 848
f 846 850 845
f 848 852 847
f 850 851 848
f 849 850 846
f 848 851 852
f 847 852 849
f 850 849 851
f 851 849 852
f 849 853 851
f 855 854 849
f 854 853 849
f 851 855 849
f 854 855 853
f 855 857 853
f 857 856 853
f 851 858 855
f 860 859 865
f 864 859 860
f 870 864 860
f 859 862 865
f 865 863 869
f 863 871 869
f 903 867 933
f 871 863 910
f 896 859 864
f 861 864 870
f 864 861 896
f 868 865 869
f 862 909 865
f 865 909 863
f 877 869 871
f 872 869 877
f 865 868 870
f 865 870 860
f 869 872 868
f 870 868 866
f 866 868 873
f 877 881 872
f 872 873 868
f 913 876 910
f 861 893 896
f 871 910 876
f 877 871 876
f 875 873 872
f 913 909 879
f 907 874 914
f 923 872 881
f 874 907 914
f 877 876 885
f 878 915 879
f 921 881 877
f 880 885 876
f 921 877 885
f 923 881 921
f 885 919 921
f 876 878 888
f 880 876 888
f 880 888 886
f 880 889 885
f 885 882 920
f 919 885 920
f 882 885 889
f 890 886 888
f 889 880 886
f 891 889 886
f 919 918 922
f 890 891 886
f 918 901 922
f 918 891 901
f 892 891 890
f 893 894 897
f 870 893 861
f 893 895 896
f 894 893 870
f 895 897 896
f 896 898 859
f 893 897 895
f 870 866 894
f 899 896 897
f 898 896 899
f 899 859 898
f 900 875 872
f 923 900 872
f 901 900 923
f 923 922 901
f 883 905 926
f 891 892 908
f 891 908 901
f 901 908 900
f 875 900 908
f 875 908 892
f 913 878 876
f 913 910 911
f 909 913 911
f 910 863 912
f 903 906 912
f 906 867 911
f 906 911 912
f 863 909 911
f 867 903 911
f 863 911 912
f 911 903 912
f 911 910 912
f 907 914 917
f 907 917 916
f 914 907 916
f 913 879 916
f 915 913 916
f 915 916 917
f 879 915 917
f 914 916 917
f 916 879 917
f 878 913 915
f 891 918 889
f 918 919 920
f 889 926 927
f 889 918 926
f 920 882 927
f 905 927 926
f 904 883 927
f 918 920 926
f 882 889 927
f 883 926 927
f 905 904 927
f 919 922 924
f 884 902 924
f 884 924 925
f 921 919 925
f 923 921 925
f 924 922 923
f 923 925 924
f 919 924 925
f 887 884 924
f 902 887 924
f 884 925 924
f 927 926 920
f 931 928 929
f 929 930 931
f 934 929 928
f 934 930 929
f 934 928 931
f 930 932 931
f 931 932 906
f 932 946 906
f 955 931 903
f 906 946 933
f 955 934 931
f 930 944 932
f 903 931 906
f 936 955 903
f 933 867 906
f 903 933 936
f 938 933 946
f 944 930 934
f 932 935 946
f 944 934 955
f 932 944 935
f 952 938 946
f 941 939 938
f 943 944 955
f 907 936 933
f 933 938 907
f 939 907 938
f 937 945 942
f 941 938 952
f 947 952 946
f 943 942 944
f 950 942 940
f 874 907 939
f 948 939 941
f 945 940 942
f 947 946 935
f 950 944 942
f 935 944 950
f 936 907 874
f 949 947 935
f 939 948 937
f 937 948 945
f 935 951 949
f 948 941 952
f 952 947 953
f 945 950 940
f 951 947 949
f 950 945 954
f 945 948 954
f 904 948 952
f 947 951 902
f 950 954 902
f 935 950 902
f 953 883 952
f 902 951 935
f 883 954 948
f 902 884 947
f 887 954 947
f 954 953 947
f 883 953 954
f 887 947 884
f 904 952 883
f 887 902 954
f 904 905 948
f 905 883 948
f 957 943 955
f 959 957 955
f 959 955 956
f 937 942 958
f 1005 962 961
f 963 967 961
f 961 962 965
f 961 968 1005
f 967 966 961
f 966 967 969
f 1006 970 965
f 968 973 1005
f 966 969 968
f 967 964 972
f 969 967 978
f 967 972 978
f 972 964 974
f 971 973 977
f 975 973 968
f 978 981 969
f 969 975 968
f 971 979 1010
f 978 972 974
f 971 977 979
f 969 981 975
f 976 977 973
f 978 974 982
f 975 989 973
f 983 981 978
f 978 982 983
f 981 985 975
f 988 974 980
f 975 985 989
f 982 986 983
f 974 988 982
f 1000 983 1021
f 987 984 976
f 987 976 989
f 988 986 982
f 1026 981 983
f 1021 983 986
f 981 1026 985
f 985 995 989
f 991 995 985
f 986 994 1021
f 985 1026 991
f 992 993 986
f 996 986 993
f 994 986 998
f 995 991 998
f 996 995 998
f 960 963 961
f 961 966 968
f 965 962 1006
f 976 973 989
f 986 988 990
f 986 996 998
f 973 971 999
f 1005 973 999
f 1010 979 970
f 983 1000 1026
f 1003 1002 976
f 989 1003 987
f 976 984 1003
f 1004 995 996
f 1004 1003 995
f 989 995 1003
f 1003 984 987
f 979 1002 1001
f 977 1002 979
f 977 976 1002
f 996 997 1004
f 962 1008 1006
f 1005 999 1007
f 999 971 1010
f 1007 999 1013
f 1011 970 1006
f 970 1011 1010
f 1010 1019 999
f 1019 1013 999
f 1019 1010 1012
f 1013 1017 1007
f 1007 1017 1015
f 1014 1007 1022
f 1011 1016 1020
f 1020 1012 1011
f 1019 1017 1013
f 1019 1027 1017
f 1016 1033 1020
f 1020 1019 1012
f 1019 1020 1027
f 1023 1017 1025
f 1028 1018 1014
f 1037 1030 1018
f 1018 1031 1037
f 1029 1021 994
f 1038 1027 1020
f 1036 1017 1027
f 1028 1014 1022
f 1018 1028 1031
f 1030 1033 1016
f 1030 1032 1033
f 1026 1000 1024
f 1025 1017 1026
f 1038 1020 1033
f 1025 1026 1024
f 1024 1023 1025
f 1038 1036 1027
f 1017 991 1026
f 1033 1029 994
f 1035 1024 1029
f 1023 1024 1035
f 1031 1028 1023
f 1032 1029 1033
f 1023 1028 1022
f 1035 1031 1023
f 1029 1032 1030
f 1035 1029 1037
f 994 1034 1033
f 1029 1030 1037
f 1038 1033 1034
f 1036 991 1017
f 991 1036 998
f 1036 1038 998
f 1038 1034 994
f 1035 1037 1031
f 1005 1007 962
f 962 1007 1008
f 1006 1008 1009
f 1009 1011 1006
f 1010 1011 1012
f 1007 1015 1022
f 1017 1023 1015
f 1023 1022 1015
f 1021 1029 1024
f 1000 1021 1024
f 998 1038 994
f 1040 1045 1039
f 1040 1048 1045
f 1042 1046 1041
f 1043 1048 1040
f 1041 1049 1043
f 1046 1049 1041
f 1044 1046 1042
f 1045 1044 1042
f 1048 1050 1045
f 1049 1047 1043
f 1045 1052 1044
f 1050 1052 1045
f 1047 1048 1043
f 1047 1050 1048
f 1047 1051 1050
f 1050 1051 1052
f 1054 1052 1051
f 1051 1047 1054
f 1049 1056 1047
f 1054 1055 1052
f 1046 1053 1049
f 1044 1058 1046
f 1052 1058 1044
f 1056 1054 1047
f 1055 1058 1052
f 1053 1056 1049
f 1058 1053 1046
f 1054 1057 1055
f 1227 1230 1226
f 1228 1229 1227
f 1226 1230 1228
f 1227 1234 1230
f 1227 1229 1234
f 1230 1231 1228
f 1234 1233 1230
f 1228 1232 1229
f 1231 1232 1228
f 1229 1232 1234
f 1231 1230 1232
f 1230 1233 1232
f 1234 1235 1233
f 1232 1236 1234
f 1235 1238 1233
f 1236 1235 1234
f 1233 1237 1232
f 1233 1238 1237
f 1235 1239 1238
f 1237 1238 1232
f 1236 1239 1235
f 1232 1240 1236
f 1238 1240 1232
f 1239 1241 1238
f 1236 1240 1239
f 1239 1244 1241
f 1238 1241 1240
f 1240 1242 1239
f 1239 1243 1244
f 1242 1243 1239
f 1241 1242 1240
f 1241 1246 1242
f 1243 1245 1244
f 1242 1245 1243
f 1246 1245 1242
f 1244 1248 1241
f 1245 1249 1244
f 1241 1248 1246
f 1246 1247 1245
f 1247 1249 1245
f 1244 1250 1248
f 1249 1250 1244
f 1247 1246 1249
f 1248 1251 1246
f 1249 1253 1250
f 1246 1252 1249
f 1251 1252 1246
f 1250 1253 1248
f 1252 1253 1249
f 1248 1253 1251
f 1253 1254 1255
f 1251 1256 1252
f 1252 1256 1253
f 1255 1258 1253
f 1253 1258 1251
f 1256 1254 1253
f 1251 1257 1256
f 1257 1259 1256
f 1255 1254 1258
f 1259 1254 1256
f 1251 1258 1257
f 1254 1260 1258
f 1258 1259 1257
f 1260 1264 1258
f 1254 1259 1260
f 1258 1264 1259
f 1264 1262 1259
f 1259 1261 1260
f 1259 1263 1261
f 1262 1263 1259
f 1261 1264 1260
f 1261 1265 1264
f 1262 1266 1263
f 1263 1267 1261
f 1263 1268 1267
f 1272 1274 1269
f 1271 1269 1270
f 1272 1273 1274
f 1270 1273 1272
f 1269 1273 1270
f 1269 1274 1273
f 1273 1274 1276
f 1273 1277 1274
f 1273 1276 1277
f 1274 1275 1276
f 1277 1275 1274
f 1276 1275 1277
f 1275 1281 1277
f 1277 1282 1275
f 1278 1282 1277
f 1281 1278 1277
f 1275 1280 1279
f 1282 1280 1275
f 1283 1288 1287
f 1288 1286 1287
f 1284 1288 1283
f 1285 1286 1284
f 1288 1290 1286
f 1286 1289 1284
f 1284 1290 1288
f 1289 1290 1284
f 1286 1290 1289
f 1290 1291 1289
f 1290 1293 1294
f 1289 1293 1290
f 1290 1292 1291
f 1289 1291 1293
f 1290 1294 1292
f 1292 1294 1291
f 1291 1295 1293
f 1291 1296 1295
f 1294 1293 1291
f 1293 1296 1291
f 1295 1297 1293
f 1296 1299 1295
f 1297 1296 1293
f 1295 1299 1297
f 1299 1298 1297
f 1297 1300 1296
f 1297 1298 1300
f 1296 1300 1299
f 1300 1302 1299
f 1299 1301 1298
f 1298 1302 1300
f 1302 1301 1299
f 1298 1301 1302
f 1301 1305 1302
f 1305 1304 1302
f 1301 1303 1305
f 1304 1301 1302
f 1305 1306 1304
f 1304 1303 1301
f 1304 1307 1303
f 1306 1307 1304
f 1303 1309 1305
f 1305 1309 1306
f 1308 1309 1303
f 1307 1308 1303
f 1309 1310 1306
f 1306 1311 1307
f 1313 1316 1312
f 1314 1317 1315
f 1313 1317 1316
f 1317 1320 1316
f 1316 1320 1314
f 1315 1317 1313
f 1314 1318 1317
f 1318 1319 1317
f 1314 1320 1318
f 1317 1319 1320
f 1320 1319 1324
f 1318 1321 1319
f 1319 1321 1324
f 1320 1321 1318
f 1320 1322 1321
f 1321 1323 1324
f 1321 1322 1323
f 1324 1325 1320
f 1325 1322 1320
f 1326 1328 1324
f 1325 1323 1322
f 1323 1327 1324
f 1331 1333 1332
f 1332 1333 1329
f 1332 1329 1330
f 1329 1333 1331
f 1333 1334 1329
f 1336 1335 1329
f 1334 1336 1329
f 1329 1334 1333
f 1329 1335 1334
f 1335 1337 1334
f 1337 1340 1334
f 1334 1335 1336
f 1334 1340 1335
f 1340 1342 1335
f 1335 1342 1337
f 1337 1339 1340
f 1341 1343 1340
f 1337 1344 1338
f 1342 1344 1337
f 1346 1351 1350
f 1345 1352 1349
f 1348 1349 1347
f 1347 1351 1346
f 1345 1350 1352
f 1351 1353 1350
f 1349 1352 1347
f 1353 1352 1350
f 1352 1354 1347
f 1354 1355 1347
f 1347 1356 1351
f 1353 1359 1352
f 1351 1359 1353
f 1347 1357 1356
f 1355 1357 1347
f 1352 1355 1354
f 1352 1359 1355
f 1351 1356 1359
f 1355 1358 1357
f 1359 1358 1355
f 1357 1359 1356
f 1359 1361 1358
f 1359 1360 1361
f 1358 1361 1357
f 1361 1363 1357
f 1357 1363 1359
f 1359 1366 1360
f 1360 1363 1361
f 1363 1366 1359
f 1360 1362 1363
f 1363 1362 1367
f 1360 1364 1362
f 1360 1365 1364
f 1366 1365 1360
f 3330 3332 3325
f 3344 3318 3373
f 3387 3337 3330
f 3328 3318 3319
f 3304 3299 3322
f 3354 3389 3353
f 3358 3348 3350
f 3311 3362 3314
f 3330 3321 3316
f 3333 3336 3391
f 3369 3356 3314
f 3346 3374 3351
f 3387 3330 3338
f 3362 3314 3342
f 3350 3374 3346
f 3388 3389 3354
f 3303 3318 3310
f 3316 3321 3304
f 3331 3338 3330
f 3375 3383 3368
f 3366 3356 3369
f 3298 3305 3297
f 3339 3335 3337
f 3385 3376 3382
f 3381 3320 3378
f 3373 3391 3380
f 3305 3318 3306
f 3324 3333 3373
f 3374 3388 3355
f 3378 3335 3341
f 3389 3343 3353
f 3297 3306 3296
f 3330 3337 3335
f 3330 3335 3332
f 3318 3317 3306
f 3317 3300 3306
f 3308 3312 3329
f 3324 3334 3333
f 3323 3372 3336
f 3310 3322 3315
f 3381 3378 3386
f 3374 3372 3388
f 3329 3326 3334
f 3339 3386 3340
f 3372 3323 3328
f 3309 3329 3313
f 3380 3371 3373
f 3334 3326 3333
f 3369 3388 3366
f 3389 3388 3362
f 3318 3305 3311
f 3370 3391 3336
f 3390 3391 3373
f 3387 3338 3385
f 3312 3308 3295
f 3327 3383 3322
f 3384 3378 3341
f 3325 3378 3320
f 3369 3314 3362
f 3334 3324 3329
f 3300 3295 3302
f 3296 3300 3302
f 3306 3300 3296
f 3307 3296 3302
f 3296 3307 3297
f 3350 3348 3359
f 3299 3304 3301
f 3362 3345 3389
f 3376 3343 3361
f 3298 3299 3301
f 3305 3298 3301
f 3305 3306 3297
f 3303 3302 3295
f 3295 3300 3312
f 3383 3376 3385
f 3307 3299 3297
f 3303 3295 3309
f 3310 3302 3303
f 3302 3315 3307
f 3317 3312 3300
f 3389 3345 3362
f 3389 3362 3301
f 3322 3299 3307
f 3301 3304 3343
f 3313 3329 3303
f 3302 3310 3315
f 3365 3364 3359
f 3304 3321 3361
f 3343 3304 3361
f 3310 3311 3314
f 3327 3322 3310
f 3373 3303 3324
f 3340 3386 3384
f 3309 3308 3329
f 3324 3303 3329
f 3326 3312 3317
f 3326 3329 3312
f 3314 3327 3310
f 3320 3321 3330
f 3317 3323 3326
f 3320 3330 3325
f 3323 3317 3328
f 3333 3326 3323
f 3383 3331 3322
f 3336 3333 3323
f 3373 3318 3303
f 3379 3372 3328
f 3330 3316 3331
f 3358 3349 3366
f 3331 3383 3338
f 3318 3328 3317
f 3386 3378 3384
f 3316 3322 3331
f 3335 3339 3341
f 3339 3337 3387
f 3387 3385 3382
f 3332 3335 3378
f 3297 3299 3298
f 3322 3316 3304
f 3327 3314 3383
f 3305 3301 3362
f 3305 3362 3311
f 3344 3319 3318
f 3301 3343 3389
f 3314 3356 3368
f 3325 3332 3378
f 3346 3351 3347
f 3340 3341 3339
f 3349 3358 3356
f 3388 3354 3351
f 3356 3366 3349
f 3355 3351 3374
f 3388 3351 3355
f 3373 3358 3366
f 3353 3352 3354
f 3350 3359 3363
f 3318 3311 3310
f 3351 3354 3368
f 3357 3374 3350
f 3364 3350 3363
f 3303 3309 3313
f 3357 3350 3364
f 3376 3383 3375
f 3322 3307 3315
f 3363 3359 3364
f 3351 3368 3356
f 3351 3356 3347
f 3347 3356 3358
f 3347 3358 3350
f 3367 3362 3388
f 3376 3361 3321
f 3348 3365 3359
f 3358 3373 3371
f 3369 3367 3388
f 3372 3319 3388
f 3360 3358 3371
f 3371 3348 3360
f 3362 3342 3314
f 3368 3343 3376
f 3347 3350 3346
f 3362 3367 3369
f 3344 3388 3319
f 3370 3374 3357
f 3372 3374 3370
f 3370 3364 3365
f 3328 3319 3372
f 3371 3365 3348
f 3375 3368 3376
f 3321 3320 3381
f 3372 3379 3328
f 3381 3386 3382
f 3381 3376 3321
f 3370 3365 3391
f 3371 3380 3391
f 3360 3348 3358
f 3377 3371 3391
f 3372 3370 3336
f 3377 3365 3371
f 3357 3364 3370
f 3295 3308 3309
f 3386 3387 3382
f 3384 3341 3340
f 3339 3387 3386
f 3383 3314 3368
f 3388 3344 3373
f 3366 3388 3373
f 3377 3391 3365
f 3352 3368 3354
f 3353 3343 3352
f 3368 3352 3343
f 3376 3381 3382
f 3390 3333 3391
f 3383 3385 3338
f 3333 3390 3373
f 1147 1151 1145
f 1147 1145 1148
f 1149 1150 1144
f 1149 1144 1146
f 1154 1156 1197
f 1197 1156 1199
f 1175 1176 1213
f 1213 1176 1215
f 1195 1196 1194
f 1224 1194 1190
f 1222 1190 1220
f 1186 1220 1187
f 1185 1220 1183
f 1158 1200 1199
f 1158 1199 1156
f 1218 1182 1217
f 1213 1214 1212
f 1174 1212 1211
f 1173 1211 1172
f 1209 1172 1167
f 1207 1167 1206
f 1163 1206 1165
f 1205 1206 1162
f 1202 1161 1201
f 1198 1157 1155
f 1197 1198 1153
f 1152 1153 1196
f 1159 1202 1200
f 1159 1200 1158
f 1205 1204 1164
f 1207 1164 1166
f 1207 1166 1168
f 1208 1207 1168
f 1208 1168 1170
f 1209 1208 1170
f 1209 1170 1171
f 1210 1209 1171
f 1173 1210 1171
f 1179 1216 1215
f 1179 1215 1176
f 1181 1218 1216
f 1181 1216 1179
f 1184 1219 1218
f 1222 1221 1188
f 1222 1188 1189
f 1223 1222 1189
f 1223 1189 1191
f 1224 1223 1191
f 1224 1191 1193
f 1225 1224 1193
f 1195 1225 1193
f 1190 1187 1220
f 1225 1195 1194
f 1224 1225 1194
f 1192 1190 1194
f 1223 1224 1190
f 1222 1223 1190
f 1220 1186 1183
f 1221 1222 1220
f 1185 1221 1220
f 1180 1178 1217
f 1180 1217 1182
f 1184 1185 1183
f 1182 1184 1183
f 1219 1184 1182
f 1218 1219 1182
f 1178 1177 1214
f 1178 1214 1217
f 1216 1218 1217
f 1217 1214 1215
f 1217 1215 1216
f 1177 1212 1214
f 1213 1215 1214
f 1175 1213 1212
f 1174 1175 1212
f 1173 1174 1211
f 1172 1169 1167
f 1210 1173 1172
f 1209 1210 1172
f 1167 1165 1206
f 1208 1209 1167
f 1207 1208 1167
f 1206 1163 1162
f 1164 1207 1206
f 1205 1164 1206
f 1160 1157 1201
f 1160 1201 1161
f 1204 1205 1162
f 1161 1204 1162
f 1203 1204 1161
f 1202 1203 1161
f 1201 1198 1199
f 1201 1199 1200
f 1200 1202 1201
f 1198 1201 1157
f 1197 1199 1198
f 1153 1198 1155
f 1154 1197 1153
f 1152 1154 1153
f 1195 1152 1196
f 1146 1149 1148
f 1146 1148 1147
f 1227 1230 1226
f 1228 1229 1227
f 1226 1230 1228
f 1227 1234 1230
f 1227 1229 1234
f 1230 1231 1228
f 1234 1233 1230
f 1228 1232 1229
f 1231 1232 1228
f 1229 1232 1234
f 1231 1230 1232
f 1230 1233 1232
f 1234 1235 1233
f 1232 1236 1234
f 1235 1238 1233
f 1236 1235 1234
f 1233 1237 1232
f 1233 1238 1237
f 1235 1239 1238
f 1237 1238 1232
f 1236 1239 1235
f 1232 1240 1236
f 1238 1240 1232
f 1239 1241 1238
f 1236 1240 1239
f 1239 1244 1241
f 1238 1241 1240
f 1240 1242 1239
f 1239 1243 1244
f 1242 1243 1239
f 1241 1242 1240
f 1241 1246 1242
f 1243 1245 1244
f 1242 1245 1243
f 1246 1245 1242
f 1244 1248 1241
f 1245 1249 1244
f 1241 1248 1246
f 1246 1247 1245
f 1247 1249 1245
f 1244 1250 1248
f 1249 1250 1244
f 1247 1246 1249
f 1248 1251 1246
f 1249 1253 1250
f 1246 1252 1249
f 1251 1252 1246
f 1250 1253 1248
f 1252 1253 1249
f 1248 1253 1251
f 1253 1254 1255
f 1251 1256 1252
f 1252 1256 1253
f 1255 1258 1253
f 1253 1258 1251
f 1256 1254 1253
f 1251 1257 1256
f 1257 1259 1256
f 1255 1254 1258
f 1259 1254 1256
f 1251 1258 1257
f 1254 1260 1258
f 1258 1259 1257
f 1260 1264 1258
f 1254 1259 1260
f 1258 1264 1259
f 1264 1262 1259
f 1259 1261 1260
f 1259 1263 1261
f 1262 1263 1259
f 1261 1264 1260
f 1261 1265 1264
f 1262 1266 1263
f 1263 1267 1261
f 1263 1268 1267
f 1272 1274 1269
f 1271 1269 1270
f 1272 1273 1274
f 1270 1273 1272
f 1269 1273 1270
f 1269 1274 1273
f 1273 1274 1276
f 1273 1277 1274
f 1273 1276 1277
f 1274 1275 1276
f 1277 1275 1274
f 1276 1275 1277
f 1275 1281 1277
f 1277 1282 1275
f 1278 1282 1277
f 1281 1278 1277
f 1275 1280 1279
f 1282 1280 1275
f 1283 1288 1287
f 1288 1286 1287
f 1284 1288 1283
f 1285 1286 1284
f 1288 1290 1286
f 1286 1289 1284
f 1284 1290 1288
f 1289 1290 1284
f 1286 1290 1289
f 1290 1291 1289
f 1290 1293 1294
f 1289 1293 1290
f 1290 1292 1291
f 1289 1291 1293
f 1290 1294 1292
f 1292 1294 1291
f 1291 1295 1293
f 1291 1296 1295
f 1294 1293 1291
f 1293 1296 1291
f 1295 1297 1293
f 1296 1299 1295
f 1297 1296 1293
f 1295 1299 1297
f 1299 1298 1297
f 1297 1300 1296
f 1297 1298 1300
f 1296 1300 1299
f 1300 1302 1299
f 1299 1301 1298
f 1298 1302 1300
f 1302 1301 1299
f 1298 1301 1302
f 1301 1305 1302
f 1305 1304 1302
f 1301 1303 1305
f 1304 1301 1302
f 1305 1306 1304
f 1304 1303 1301
f 1304 1307 1303
f 1306 1307 1304
f 1303 1309 1305
f 1305 1309 1306
f 1308 1309 1303
f 1307 1308 1303
f 1309 1310 1306
f 1306 1311 1307
f 1313 1316 1312
f 1314 1317 1315
f 1313 1317 1316
f 1317 1320 1316
f 1316 1320 1314
f 1315 1317 1313
f 1314 1318 1317
f 1318 1319 1317
f 1314 1320 1318
f 1317 1319 1320
f 1320 1319 1324
f 1318 1321 1319
f 1319 1321 1324
f 1320 1321 1318
f 1320 1322 1321
f 1321 1323 1324
f 1321 1322 1323
f 1324 1325 1320
f 1325 1322 1320
f 1326 1328 1324
f 1325 1323 1322
f 1323 1327 1324
f 1331 1333 1332
f 1332 1333 1329
f 1332 1329 1330
f 1329 1333 1331
f 1333 1334 1329
f 1336 1335 1329
f 1334 1336 1329
f 1329 1334 1333
f 1329 1335 1334
f 1335 1337 1334
f 1337 1340 1334
f 1334 1335 1336
f 1334 1340 1335
f 1340 1342 1335
f 1335 1342 1337
f 1337 1339 1340
f 1341 1343 1340
f 1337 1344 1338
f 1342 1344 1337
f 1346 1351 1350
f 1345 1352 1349
f 1348 1349 1347
f 1347 1351 1346
f 1345 1350 1352
f 1351 1353 1350
f 1349 1352 1347
f 1353 1352 1350
f 1352 1354 1347
f 1354 1355 1347
f 1347 1356 1351
f 1353 1359 1352
f 1351 1359 1353
f 1347 1357 1356
f 1355 1357 1347
f 1352 1355 1354
f 1352 1359 1355
f 1351 1356 1359
f 1355 1358 1357
f 1359 1358 1355
f 1357 1359 1356
f 1359 1361 1358
f 1359 1360 1361
f 1358 1361 1357
f 1361 1363 1357
f 1357 1363 1359
f 1359 1366 1360
f 1360 1363 1361
f 1363 1366 1359
f 1360 1362 1363
f 1363 1362 1367
f 1360 1364 1362
f 1360 1365 1364
f 1366 1365 1360
f 166 171 170
f 168 174 167
f 165 175 169
f 167 171 166
f 174 172 167
f 169 174 168
f 169 175 174
f 170 173 165
f 167 172 171
f 165 173 175
f 170 177 173
f 171 178 170
f 172 176 171
f 175 180 174
f 173 180 175
f 174 179 172
f 182 2968 181
f 183 189 193
f 2973 189 183
f 184 194 2973
f 187 194 184
f 188 187 184
f 193 188 185
f 2973 190 189
f 194 190 2973
f 189 191 193
f 187 192 194
f 188 192 187
f 188 200 192
f 189 195 191
f 190 195 189
f 190 205 195
f 190 216 205
f 194 216 190
f 191 197 193
f 188 196 200
f 193 197 196
f 193 196 188
f 191 198 197
f 198 203 197
f 195 199 198
f 195 198 191
f 196 202 201
f 196 201 200
f 197 203 202
f 197 202 196
f 198 204 203
f 204 209 203
f 199 213 204
f 199 204 198
f 195 213 199
f 200 206 192
f 201 207 206
f 201 206 200
f 202 208 201
f 208 207 201
f 203 209 208
f 203 208 202
f 204 210 209
f 213 210 204
f 194 211 216
f 192 211 194
f 206 214 192
f 207 214 206
f 208 212 207
f 212 214 207
f 209 210 212
f 209 212 208
f 212 217 214
f 210 217 212
f 195 205 213
f 216 215 205
f 211 219 216
f 205 215 213
f 216 220 215
f 219 220 216
f 192 223 211
f 214 223 192
f 213 221 210
f 215 221 213
f 210 221 217
f 214 218 223
f 217 218 214
f 215 222 221
f 223 219 211
f 221 230 217
f 220 222 215
f 222 227 221
f 217 224 218
f 230 224 217
f 221 227 230
f 220 225 222
f 222 225 227
f 219 226 220
f 223 226 219
f 218 228 223
f 220 226 225
f 227 233 230
f 224 228 218
f 223 228 226
f 225 233 227
f 226 229 225
f 228 232 226
f 225 229 233
f 228 234 232
f 231 234 228
f 236 237 245
f 244 235 243
f 241 242 240
f 245 246 235
f 238 246 237
f 240 238 239
f 243 2989 242
f 3428 3429 3426
f 3434 3435 3433
f 3394 3393 3392
f 3392 3393 3394
f 3396 3395 3393
f 3393 3395 3396
f 3396 3397 3395
f 3395 3397 3396
f 3399 3398 3397
f 3398 3399 3397
f 3400 3401 3398
f 3398 3401 3400
f 3402 3403 3404
f 3404 3403 3402
f 3403 3405 3404
f 3403 3404 3405
f 3406 3408 3407
f 3407 3408 3406
f 3410 3409 3408
f 3408 3409 3410
f 3409 3411 3412
f 3412 3411 3409
f 3411 3413 3414
f 3411 3414 3413
f 3414 3415 3416
f 3414 3416 3415
f 3418 3420 3417
f 3417 3420 3419
f 3417 3419 3418
f 3419 3420 3418
f 3422 3423 3421
f 3421 3424 3422
f 3421 3423 3424
f 3422 3424 3423
f 3427 3426 3425
f 3425 3426 3427
f 3426 3429 3428
f 3431 3432 3430
f 3431 3430 3432
f 3433 3435 3434
f 3436 3437 3438
f 3438 3437 3436
f 3441 3440 3439
f 3441 3439 3440
f 3442 3440 3441
f 3440 3442 3441
f 3445 3444 3443
f 3444 3445 3443
f 3447 3449 3446
f 3449 3447 3446
f 3451 3455 3454
f 3454 3455 3453
f 3454 3457 3456
f 3462 3464 3463
f 3462 3468 3464
f 3466 3465 3463
f 3465 3468 3462
f 3468 3466 3464
f 3467 3470 3465
f 3469 3466 3468
f 3471 3473 3470
f 3472 3471 3466
f 3473 3469 3470
f 3473 3471 3472
f 3474 3476 3475
f 3478 3476 3474
f 3475 3479 3474
f 3477 3479 3475
f 3481 3484 3483
f 3485 3484 3482
f 3491 3492 3489
f 3492 3491 3490
f 3493 3495 3491
f 3495 3496 3494
f 3496 3495 3493
f 3501 3502 3500
f 3503 3498 3500
f 3503 3505 3498
f 3505 3499 3498
f 3504 3507 3501
f 3502 3506 3503
f 3505 3504 3499
f 3507 3506 3502
f 3507 3508 3506
f 3508 3505 3506
f 3505 3508 3507
f 3512 3513 3510
f 3514 3515 3512
f 3515 3516 3513
f 3523 3522 3521
f 3525 3522 3523
f 3524 3526 3523
f 3522 3526 3524
f 3448 3449 3446
f 3446 3449 3448
f 3449 3450 3448
f 3448 3450 3449
f 3452 3451 3454
f 3452 3453 3451
f 3453 3455 3451
f 3452 3454 3453
f 3456 3457 3454
f 3458 3459 3460
f 3460 3459 3458
f 3461 3462 3463
f 3463 3465 3461
f 3461 3465 3462
f 3464 3466 3463
f 3466 3467 3465
f 3465 3470 3468
f 3470 3469 3468
f 3467 3471 3470
f 3466 3471 3467
f 3469 3472 3466
f 3473 3472 3469
f 3476 3477 3475
f 3478 3480 3476
f 3474 3479 3478
f 3480 3477 3476
f 3477 3480 3479
f 3479 3480 3478
f 3481 3483 3482
f 3482 3484 3481
f 3483 3485 3482
f 3483 3484 3485
f 3488 3487 3486
f 3487 3488 3486
f 3489 3490 3488
f 3488 3491 3489
f 3490 3491 3488
f 3489 3492 3490
f 3491 3493 3492
f 3492 3493 3491
f 3494 3493 3491
f 3494 3496 3493
f 3491 3495 3494
f 3498 3500 3497
f 3497 3500 3498
f 3499 3500 3498
f 3499 3501 3500
f 3502 3503 3500
f 3499 3504 3501
f 3501 3507 3502
f 3503 3506 3505
f 3504 3505 3507
f 3509 3510 3511
f 3511 3510 3509
f 3511 3512 3510
f 3510 3512 3511
f 3513 3512 3510
f 3512 3515 3513
f 3513 3514 3512
f 3514 3517 3515
f 3516 3514 3513
f 3515 3517 3516
f 3516 3517 3514
f 3519 3520 3518
f 3518 3520 3519
f 3522 3524 3520
f 3521 3522 3520
f 3520 3524 3521
f 3521 3524 3523
f 3526 3525 3523
f 3522 3525 3526
f 3533 3535 3532
f 3534 3536 3533
f 3537 3536 3533
f 3541 3543 3542
f 3542 3545 3541
f 3544 3545 3542
f 3543 3544 3542
f 3541 3546 3543
f 3545 3546 3541
f 3544 3546 3545
f 3549 3548 3547
f 3549 3550 3548
f 3553 3554 3552
f 3556 3557 3553
f 3556 3553 3554
f 3555 3554 3553
f 3556 3558 3557
f 3557 3558 3556
f 3562 3559 3560
f 3561 3562 3560
f 3563 3559 3562
f 3564 3562 3561
f 3559 3564 3561
f 3570 3571 3569
f 3572 3570 3569
f 3570 3574 3571
f 3572 3574 3570
f 3573 3572 3571
f 3574 3575 3573
f 3527 3528 3529
f 3527 3529 3528
f 3530 3531 3529
f 3529 3531 3530
f 3532 3534 3533
f 3535 3534 3532
f 3533 3536 3535
f 3536 3534 3535
f 3533 3536 3537
f 3540 3539 3538
f 3538 3539 3540
f 3543 3546 3544
f 3547 3550 3549
f 3547 3548 3550
f 3549 3551 3550
f 3550 3551 3549
f 3552 3554 3553
f 3555 3556 3554
f 3553 3557 3555
f 3557 3556 3555
f 3559 3561 3560
f 3564 3563 3562
f 3559 3563 3564
f 3565 3567 3566
f 3568 3567 3565
f 3566 3568 3565
f 3571 3572 3569
f 3574 3573 3571
f 3572 3575 3574
f 3573 3575 3572
f 3577 3576 3578
f 3578 3576 3577
f 3579 3581 3580
f 3580 3581 3579
f 3583 3584 3582
f 3584 3583 3582
f 3587 3586 3585
f 3586 3587 3585
f 3587 3589 3588
f 3587 3588 3589
f 1147 1151 1145
f 1147 1145 1148
f 1149 1150 1144
f 1149 1144 1146
f 1545 1546 1551
f 1577 1546 1553
f 1580 1551 1546
f 1582 1546 1577
f 1556 1551 1580
f 1545 1551 1550
f 1556 1580 1579
f 1550 1551 1552
f 1559 1550 1552
f 1551 1556 1558
f 1553 1554 1557
f 1559 1557 1550
f 1558 1563 1551
f 1563 1562 1551
f 1551 1562 1560
f 1552 1551 1560
f 1550 1554 1553
f 1557 1554 1550
f 1555 1549 1577
f 1552 1560 1562
f 1562 1559 1552
f 1557 1561 1553
f 1561 1564 1553
f 1564 1577 1553
f 1565 1559 1562
f 1571 1561 1557
f 1565 1566 1559
f 1565 1562 1563
f 1570 1564 1561
f 1571 1557 1559
f 1563 1567 1565
f 1571 1559 1566
f 1569 1566 1568
f 1566 1569 1573
f 1573 1571 1566
f 1570 1576 1572
f 1571 1570 1561
f 1576 1570 1571
f 1573 1576 1571
f 1575 1576 1573
f 1577 1549 1582
f 1545 1550 1553
f 1553 1546 1545
f 1581 1582 1549
f 1581 1549 1548
f 1582 1580 1546
f 1584 1547 1580
f 1584 1580 1583
f 1580 1582 1583
f 1578 1556 1579
f 1579 1580 1547
f 1574 1572 1576
f 1624 1587 1622
f 1623 1621 1622
f 1622 1621 1624
f 1623 1586 1621
f 1587 1624 1620
f 1623 1590 1586
f 1623 1622 1587
f 1623 1587 1590
f 1593 1587 1620
f 1624 1621 1591
f 1585 1624 1591
f 1589 1621 1586
f 1588 1593 1620
f 1585 1591 1594
f 1620 1585 1592
f 1620 1592 1588
f 1591 1621 1595
f 1598 1586 1590
f 1595 1621 1589
f 1598 1589 1586
f 1594 1592 1585
f 1587 1603 1590
f 1588 1602 1593
f 1587 1593 1603
f 1594 1596 1592
f 1588 1592 1610
f 1594 1591 1595
f 1597 1596 1594
f 1588 1610 1602
f 1611 1603 1593
f 1599 1594 1604
f 1602 1611 1593
f 1603 1598 1590
f 1594 1595 1604
f 1597 1594 1599
f 1606 1589 1598
f 1609 1596 1597
f 1600 1597 1599
f 1605 1598 1603
f 1589 1604 1595
f 1598 1605 1606
f 1605 1603 1611
f 1606 1607 1589
f 1610 1596 1609
f 1610 1592 1596
f 1613 1599 1604
f 1602 1612 1611
f 1612 1602 1608
f 1613 1604 1607
f 1599 1613 1615
f 1606 1613 1607
f 1612 1605 1611
f 1617 1613 1606
f 1606 1605 1612
f 1617 1615 1613
f 1617 1606 1612
f 1617 1618 1615
f 1618 1617 1619
f 1612 1619 1617
f 1604 1589 1607
f 1620 1624 1585
f 1600 1625 1612
f 1612 1625 1626
f 1597 1600 1608
f 1625 1600 1599
f 1608 1600 1612
f 1618 1628 1615
f 1612 1626 1616
f 1610 1627 1601
f 1599 1615 1614
f 1146 1149 1148
f 1146 1148 1147
f 1227 1230 1226
f 1228 1229 1227
f 1226 1230 1228
f 1227 1234 1230
f 1227 1229 1234
f 1230 1231 1228
f 1234 1233 1230
f 1228 1232 1229
f 1231 1232 1228
f 1229 1232 1234
f 1231 1230 1232
f 1230 1233 1232
f 1234 1235 1233
f 1232 1236 1234
f 1235 1238 1233
f 1236 1235 1234
f 1233 1237 1232
f 1233 1238 1237
f 1235 1239 1238
f 1237 1238 1232
f 1236 1239 1235
f 1232 1240 1236
f 1238 1240 1232
f 1239 1241 1238
f 1236 1240 1239
f 1239 1244 1241
f 1238 1241 1240
f 1240 1242 1239
f 1239 1243 1244
f 1242 1243 1239
f 1241 1242 1240
f 1241 1246 1242
f 1243 1245 1244
f 1242 1245 1243
f 1246 1245 1242
f 1244 1248 1241
f 1245 1249 1244
f 1241 1248 1246
f 1246 1247 1245
f 1247 1249 1245
f 1244 1250 1248
f 1249 1250 1244
f 1247 1246 1249
f 1248 1251 1246
f 1249 1253 1250
f 1246 1252 1249
f 1251 1252 1246
f 1250 1253 1248
f 1252 1253 1249
f 1248 1253 1251
f 1253 1254 1255
f 1251 1256 1252
f 1252 1256 1253
f 1255 1258 1253
f 1253 1258 1251
f 1256 1254 1253
f 1251 1257 1256
f 1257 1259 1256
f 1255 1254 1258
f 1259 1254 1256
f 1251 1258 1257
f 1254 1260 1258
f 1258 1259 1257
f 1260 1264 1258
f 1254 1259 1260
f 1258 1264 1259
f 1264 1262 1259
f 1259 1261 1260
f 1259 1263 1261
f 1262 1263 1259
f 1261 1264 1260
f 1261 1265 1264
f 1262 1266 1263
f 1263 1267 1261
f 1263 1268 1267
f 1272 1274 1269
f 1271 1269 1270
f 1272 1273 1274
f 1270 1273 1272
f 1269 1273 1270
f 1269 1274 1273
f 1273 1274 1276
f 1273 1277 1274
f 1273 1276 1277
f 1274 1275 1276
f 1277 1275 1274
f 1276 1275 1277
f 1275 1281 1277
f 1277 1282 1275
f 1278 1282 1277
f 1281 1278 1277
f 1275 1280 1279
f 1282 1280 1275
f 1283 1288 1287
f 1288 1286 1287
f 1284 1288 1283
f 1285 1286 1284
f 1288 1290 1286
f 1286 1289 1284
f 1284 1290 1288
f 1289 1290 1284
f 1286 1290 1289
f 1290 1291 1289
f 1290 1293 1294
f 1289 1293 1290
f 1290 1292 1291
f 1289 1291 1293
f 1290 1294 1292
f 1292 1294 1291
f 1291 1295 1293
f 1291 1296 1295
f 1294 1293 1291
f 1293 1296 1291
f 1295 1297 1293
f 1296 1299 1295
f 1297 1296 1293
f 1295 1299 1297
f 1299 1298 1297
f 1297 1300 1296
f 1297 1298 1300
f 1296 1300 1299
f 1300 1302 1299
f 1299 1301 1298
f 1298 1302 1300
f 1302 1301 1299
f 1298 1301 1302
f 1301 1305 1302
f 1305 1304 1302
f 1301 1303 1305
f 1304 1301 1302
f 1305 1306 1304
f 1304 1303 1301
f 1304 1307 1303
f 1306 1307 1304
f 1303 1309 1305
f 1305 1309 1306
f 1308 1309 1303
f 1307 1308 1303
f 1309 1310 1306
f 1306 1311 1307
f 1313 1316 1312
f 1314 1317 1315
f 1313 1317 1316
f 1317 1320 1316
f 1316 1320 1314
f 1315 1317 1313
f 1314 1318 1317
f 1318 1319 1317
f 1314 1320 1318
f 1317 1319 1320
f 1320 1319 1324
f 1318 1321 1319
f 1319 1321 1324
f 1320 1321 1318
f 1320 1322 1321
f 1321 1323 1324
f 1321 1322 1323
f 1324 1325 1320
f 1325 1322 1320
f 1326 1328 1324
f 1325 1323 1322
f 1323 1327 1324
f 1331 1333 1332
f 1332 1333 1329
f 1332 1329 1330
f 1329 1333 1331
f 1333 1334 1329
f 1336 1335 1329
f 1334 1336 1329
f 1329 1334 1333
f 1329 1335 1334
f 1335 1337 1334
f 1337 1340 1334
f 1334 1335 1336
f 1334 1340 1335
f 1340 1342 1335
f 1335 1342 1337
f 1337 1339 1340
f 1341 1343 1340
f 1337 1344 1338
f 1342 1344 1337
f 1346 1351 1350
f 1345 1352 1349
f 1348 1349 1347
f 1347 1351 1346
f 1345 1350 1352
f 1351 1353 1350
f 1349 1352 1347
f 1353 1352 1350
f 1352 1354 1347
f 1354 1355 1347
f 1347 1356 1351
f 1353 1359 1352
f 1351 1359 1353
f 1347 1357 1356
f 1355 1357 1347
f 1352 1355 1354
f 1352 1359 1355
f 1351 1356 1359
f 1355 1358 1357
f 1359 1358 1355
f 1357 1359 1356
f 1359 1361 1358
f 1359 1360 1361
f 1358 1361 1357
f 1361 1363 1357
f 1357 1363 1359
f 1359 1366 1360
f 1360 1363 1361
f 1363 1366 1359
f 1360 1362 1363
f 1363 1362 1367
f 1360 1364 1362
f 1360 1365 1364
f 1366 1365 1360
f 166 171 170
f 168 174 167
f 165 175 169
f 167 171 166
f 174 172 167
f 169 174 168
f 169 175 174
f 170 173 165
f 167 172 171
f 165 173 175
f 170 177 173
f 171 178 170
f 172 176 171
f 175 180 174
f 173 180 175
f 174 179 172
f 182 2968 181
f 183 189 193
f 2973 189 183
f 184 194 2973
f 187 194 184
f 188 187 184
f 193 188 185
f 2973 190 189
f 194 190 2973
f 189 191 193
f 187 192 194
f 188 192 187
f 188 200 192
f 189 195 191
f 190 195 189
f 190 205 195
f 190 216 205
f 194 216 190
f 191 197 193
f 188 196 200
f 193 197 196
f 193 196 188
f 191 198 197
f 198 203 197
f 195 199 198
f 195 198 191
f 196 202 201
f 196 201 200
f 197 203 202
f 197 202 196
f 198 204 203
f 204 209 203
f 199 213 204
f 199 204 198
f 195 213 199
f 200 206 192
f 201 207 206
f 201 206 200
f 202 208 201
f 208 207 201
f 203 209 208
f 203 208 202
f 204 210 209
f 213 210 204
f 194 211 216
f 192 211 194
f 206 214 192
f 207 214 206
f 208 212 207
f 212 214 207
f 209 210 212
f 209 212 208
f 212 217 214
f 210 217 212
f 195 205 213
f 216 215 205
f 211 219 216
f 205 215 213
f 216 220 215
f 219 220 216
f 192 223 211
f 214 223 192
f 213 221 210
f 215 221 213
f 210 221 217
f 214 218 223
f 217 218 214
f 215 222 221
f 223 219 211
f 221 230 217
f 220 222 215
f 222 227 221
f 217 224 218
f 230 224 217
f 221 227 230
f 220 225 222
f 222 225 227
f 219 226 220
f 223 226 219
f 218 228 223
f 220 226 225
f 227 233 230
f 224 228 218
f 223 228 226
f 225 233 227
f 226 229 225
f 228 232 226
f 225 229 233
f 228 234 232
f 231 234 228
f 236 237 245
f 244 235 243
f 241 242 240
f 245 246 235
f 238 246 237
f 240 238 239
f 243 2989 242
f 3591 3590 3597
f 3593 3590 3591
f 3591 3597 3592
f 3590 3605 3597
f 3605 3594 3597
f 3596 3590 3593
f 3632 3597 3594
f 3597 3609 3592
f 3591 3592 3594
f 3594 3604 3591
f 3591 3604 3603
f 3601 3598 3594
f 3605 3612 3594
f 3595 3593 3591
f 3632 3609 3597
f 3599 3594 3598
f 3601 3594 3599
f 3601 3604 3594
f 3612 3601 3594
f 3594 3600 3632
f 3600 3594 3592
f 3590 3596 3606
f 3606 3605 3590
f 3598 3601 3599
f 3601 3607 3604
f 3607 3601 3612
f 3595 3591 3603
f 3596 3593 3595
f 3598 3625 3601
f 3625 3602 3601
f 3629 3604 3617
f 3623 3612 3605
f 3609 3600 3592
f 3601 3602 3625
f 3606 3635 3605
f 3605 3608 3623
f 3612 3623 3614
f 3635 3596 3610
f 3598 3626 3625
f 3596 3635 3606
f 3604 3607 3611
f 3611 3607 3621
f 3616 3617 3604
f 3635 3608 3605
f 3612 3617 3607
f 3607 3617 3616
f 3609 3633 3600
f 3598 3601 3625
f 3615 3625 3626
f 3604 3611 3616
f 3617 3612 3659
f 3618 3629 3617
f 3613 3618 3612
f 3613 3629 3618
f 3622 3603 3619
f 3614 3613 3612
f 3629 3603 3604
f 3624 3595 3603
f 3596 3595 3624
f 3611 3621 3607
f 3611 3607 3616
f 3639 3659 3612
f 3618 3639 3612
f 3617 3639 3618
f 3613 3614 3627
f 3600 3633 3632
f 3603 3622 3624
f 3626 3598 3625
f 3620 3626 3625
f 3659 3652 3617
f 3639 3617 3652
f 3628 3629 3613
f 3619 3603 3629
f 3608 3630 3623
f 3642 3627 3628
f 3614 3628 3627
f 3631 3628 3614
f 3629 3637 3619
f 3614 3623 3649
f 3596 3624 3610
f 3625 3615 3620
f 3640 3624 3622
f 3613 3627 3628
f 3627 3636 3628
f 3643 3637 3629
f 3646 3631 3614
f 3646 3614 3643
f 3643 3614 3649
f 3609 3632 3650
f 3655 3636 3627
f 3628 3636 3642
f 3641 3643 3629
f 3649 3623 3630
f 3611 3668 3634
f 3624 3644 3610
f 3610 3644 3635
f 3653 3639 3652
f 3635 3644 3608
f 3622 3619 3640
f 3655 3641 3629
f 3629 3628 3631
f 3636 3655 3631
f 3655 3629 3631
f 3636 3631 3642
f 3646 3642 3631
f 3609 3650 3633
f 3615 3663 3620
f 3621 3611 3668
f 3634 3668 3611
f 3638 3644 3624
f 3624 3640 3638
f 3644 3654 3608
f 3608 3654 3630
f 3637 3638 3619
f 3645 3641 3655
f 3656 3645 3646
f 3647 3642 3646
f 3646 3643 3657
f 3637 3643 3648
f 3648 3643 3649
f 3650 3632 3633
f 3615 3626 3620
f 3621 3668 3611
f 3640 3619 3638
f 3654 3644 3638
f 3627 3660 3655
f 3637 3671 3638
f 3660 3627 3642
f 3664 3647 3645
f 3641 3645 3716
f 3646 3657 3656
f 3637 3648 3673
f 3673 3648 3649
f 3674 3633 3650
f 3651 3620 3663
f 3685 3668 3634
f 3669 3659 3639
f 3678 3639 3653
f 3642 3666 3660
f 3671 3630 3654
f 3661 3666 3642
f 3664 3645 3655
f 3662 3671 3637
f 3661 3642 3647
f 3716 3643 3641
f 3662 3675 3673
f 3649 3630 3682
f 3615 3687 3663
f 3652 3659 3669
f 3654 3638 3671
f 3664 3661 3647
f 3716 3657 3643
f 3662 3673 3665
f 3665 3673 3649
f 3658 3650 3633
f 3662 3665 3671
f 3667 3675 3662
f 3665 3649 3682
f 3677 3656 3657
f 3637 3672 3667
f 3673 3672 3637
f 3669 3653 3652
f 3660 3670 3655
f 3661 3664 3670
f 3677 3645 3656
f 3662 3637 3667
f 3682 3683 3665
f 3682 3630 3671
f 3675 3693 3673
f 3719 3688 3674
f 3674 3650 3658
f 3674 3658 3633
f 3651 3688 3620
f 3634 3668 3685
f 3655 3670 3664
f 3661 3670 3666
f 3645 3692 3716
f 3676 3665 3683
f 3671 3665 3676
f 3657 3692 3677
f 3650 3663 3687
f 3651 3650 3674
f 3650 3651 3663
f 3688 3651 3674
f 3678 3669 3639
f 3653 3669 3679
f 3670 3660 3666
f 3692 3645 3677
f 3676 3682 3671
f 3657 3681 3692
f 3673 3693 3672
f 3699 3685 3634
f 3716 3681 3657
f 3693 3667 3672
f 3687 3719 3674
f 3650 3687 3674
f 3615 3620 3688
f 3685 3699 3634
f 3679 3686 3653
f 3653 3686 3678
f 3670 3666 3686
f 3689 3678 3686
f 3689 3666 3670
f 3686 3666 3689
f 3690 3667 3723
f 3690 3693 3675
f 3667 3690 3675
f 3682 3694 3683
f 3691 3687 3615
f 3699 3684 3685
f 3670 3686 3679
f 3689 3670 3696
f 3691 3615 3688
f 3700 3679 3669
f 3669 3678 3704
f 3700 3678 3679
f 3678 3689 3696
f 3698 3682 3676
f 3694 3682 3698
f 3699 3685 3684
f 3712 3678 3696
f 3712 3670 3679
f 3680 3716 3692
f 3683 3698 3676
f 3707 3694 3698
f 3701 3707 3698
f 3701 3683 3694
f 3669 3704 3695
f 3704 3678 3700
f 3721 3670 3712
f 3697 3680 3692
f 3667 3693 3690
f 3687 3691 3719
f 3699 3708 3684
f 3679 3678 3712
f 3670 3718 3696
f 3680 3697 3716
f 3701 3698 3683
f 3711 3684 3708
f 3711 3703 3684
f 3703 3699 3684
f 3700 3669 3695
f 3705 3704 3700
f 3706 3670 3721
f 3716 3721 3681
f 3721 3692 3681
f 3710 3688 3708
f 3691 3688 3709
f 3710 3709 3688
f 3699 3703 3709
f 3699 3709 3708
f 3703 3711 3695
f 3703 3695 3705
f 3695 3711 3700
f 3704 3705 3695
f 3692 3722 3697
f 3692 3721 3722
f 3667 3690 3734
f 3701 3694 3707
f 3709 3703 3705
f 3700 3711 3720
f 3700 3720 3705
f 3713 3714 3712
f 3706 3718 3670
f 3726 3701 3702
f 3691 3709 3719
f 3708 3720 3711
f 3713 3712 3696
f 3712 3714 3721
f 3718 3722 3696
f 3721 3716 3697
f 3722 3718 3697
f 3734 3723 3667
f 3709 3708 3719
f 3719 3708 3688
f 3709 3705 3720
f 3721 3714 3713
f 3725 3713 3696
f 3722 3725 3696
f 3721 3717 3722
f 3726 3702 3701
f 3726 3701 3715
f 3720 3724 3709
f 3734 3690 3730
f 3715 3701 3726
f 3715 3732 3726
f 3728 3708 3727
f 3727 3708 3709
f 3724 3720 3708
f 3724 3708 3728
f 3713 3717 3721
f 3690 3723 3730
f 3709 3733 3727
f 3727 3733 3728
f 3724 3733 3709
f 3728 3733 3724
f 3737 3722 3713
f 3722 3717 3713
f 3731 3715 3726
f 3731 3726 3732
f 3730 3723 3729
f 3729 3723 3734
f 3735 3730 3729
f 3731 3735 3715
f 3737 3725 3722
f 3729 3734 3730
f 3730 3742 3729
f 3729 3742 3735
f 3715 3735 3738
f 3732 3715 3738
f 3736 3730 3735
f 3745 3713 3725
f 3730 3741 3742
f 3741 3730 3740
f 3736 3735 3731
f 3738 3739 3732
f 3737 3745 3740
f 3725 3737 3745
f 3737 3713 3745
f 3747 3742 3741
f 3741 3740 3747
f 3736 3740 3730
f 3732 3736 3731
f 3742 3743 3735
f 3732 3739 3738
f 3746 3745 3737
f 3740 3748 3747
f 3740 3744 3737
f 3740 3736 3744
f 3732 3744 3736
f 3742 3747 3743
f 3738 3743 3732
f 3748 3745 3746
f 3748 3740 3745
f 3737 3748 3746
f 3737 3744 3748
f 3732 3743 3744
f 3748 3743 3747
f 3748 3749 3743
f 3749 3744 3743
f 3749 3748 3744
f 3697 3706 3721
f 3647 3646 3645
f 3708 3709 3710
f 3718 3706 3697
f 3735 3743 3738
f 3761 3762 3760
f 3762 3761 3770
f 3762 3763 3759
f 3770 3763 3762
f 3770 3764 3767
f 3766 3764 3770
f 3770 3760 3766
f 3760 3762 3765
f 3762 3759 3765
f 3767 3766 3765
f 3768 3767 3765
f 3768 3758 3817
f 3769 3767 3768
f 3770 3769 3772
f 3775 3770 3772
f 3770 3771 3763
f 3771 3759 3763
f 3759 3771 3769
f 3765 3759 3769
f 3769 3817 3765
f 3772 3769 3776
f 3776 3769 3771
f 3782 3773 3777
f 3773 3776 3777
f 3776 3774 3772
f 3775 3772 3774
f 3775 3774 3771
f 3775 3771 3770
f 3774 3776 3771
f 3774 3773 3789
f 3789 3776 3774
f 3778 3782 3784
f 3784 3782 3779
f 3777 3779 3782
f 3779 3777 3780
f 3781 3789 3788
f 3780 3789 3782
f 3783 3782 3778
f 3780 3784 3779
f 3782 3783 3780
f 3784 3783 3785
f 3784 3780 3783
f 3785 3778 3784
f 3796 3778 3786
f 3778 3785 3786
f 3786 3785 3796
f 3781 3787 3793
f 3777 3788 3789
f 3790 3791 3777
f 3790 3777 3789
f 3789 3777 3776
f 3789 3781 3791
f 3791 3790 3789
f 3781 3795 3791
f 3795 3781 3793
f 3795 3794 3801
f 3793 3794 3795
f 3794 3785 3798
f 3783 3778 3796
f 3796 3797 3753
f 3753 3798 3796
f 3785 3796 3798
f 3787 3799 3806
f 3799 3787 3781
f 3781 3792 3799
f 3781 3800 3792
f 3781 3788 3800
f 3961 3795 3792
f 3795 3801 3792
f 3792 3805 3799
f 3787 3794 3802
f 3787 3802 3798
f 3794 3798 3802
f 3806 3801 3794
f 3787 3806 3794
f 3804 3806 3799
f 3805 3804 3799
f 3842 3806 3803
f 3796 3845 3797
f 3816 3754 3828
f 3767 3764 3766
f 3811 3813 3807
f 3807 3813 3810
f 3811 3815 3813
f 3812 3811 3809
f 3808 3811 3812
f 3808 3812 3766
f 3812 3811 3814
f 3814 3811 3807
f 3814 3807 3815
f 3815 3812 3814
f 3815 3829 3813
f 3813 3829 3810
f 3829 3752 3824
f 3757 3756 3819
f 3817 3769 3768
f 3765 3817 3758
f 3817 3818 3758
f 3817 3758 3757
f 3818 3821 3757
f 3818 3757 3819
f 3821 3819 3820
f 3756 3757 3821
f 3821 3755 3756
f 3821 3820 3822
f 3821 3822 3755
f 3754 3822 3752
f 3753 3797 3752
f 3797 3754 3752
f 3752 3820 3824
f 3752 3822 3820
f 3822 3754 3816
f 3820 3819 3823
f 3823 3816 3820
f 3819 3756 3823
f 3818 3819 3821
f 3758 3818 3757
f 3817 3757 3818
f 3822 3816 3823
f 3822 3823 3755
f 3755 3823 3756
f 3816 3824 3820
f 3824 3828 3825
f 3825 3828 3807
f 3807 3810 3825
f 3810 3829 3825
f 3825 3829 3824
f 3816 3828 3824
f 3829 3828 3827
f 3827 3826 3829
f 3828 3829 3807
f 3827 3831 3830
f 3828 3754 3827
f 3830 3826 3827
f 3830 3832 3826
f 3826 3832 3835
f 3837 3826 3835
f 3837 3829 3826
f 3948 3836 3835
f 3836 3837 3835
f 3829 3837 3752
f 3837 3753 3752
f 3837 3846 3753
f 3948 3950 3836
f 3832 3834 3835
f 3830 3831 3833
f 3840 3841 3754
f 3841 3827 3754
f 3803 3840 3845
f 3804 3838 3806
f 3838 3839 3806
f 3806 3839 3803
f 3839 3840 3803
f 3840 3839 3841
f 3833 3831 3841
f 3899 3912 3839
f 3912 3936 3839
f 3804 3805 3838
f 3805 3801 3847
f 3801 3842 3847
f 3787 3803 3845
f 3844 3787 3845
f 3803 3787 3798
f 3798 3843 3803
f 3843 3798 3753
f 3843 3753 3846
f 3803 3846 3842
f 3751 3842 3846
f 3838 3847 3916
f 3838 3805 3847
f 3848 3850 3851
f 3800 3855 3962
f 3800 3849 3855
f 3777 3791 3788
f 3791 3795 3961
f 3854 3791 3855
f 3851 3850 3855
f 3852 3907 3853
f 3858 3856 3857
f 3856 3901 3859
f 3859 3860 3907
f 3860 3859 3960
f 3901 3960 3859
f 3856 3861 3901
f 3861 3856 3862
f 3858 3863 3856
f 3864 3858 3865
f 3867 3857 3856
f 3867 3856 3870
f 3864 3857 3867
f 3864 3856 3863
f 3864 3866 3856
f 3857 3864 3865
f 3864 3867 3866
f 3867 3862 3856
f 3856 3866 3867
f 3868 3869 3861
f 3856 3859 3868
f 3868 3870 3856
f 3868 3861 3870
f 3861 3875 3870
f 3875 3861 3882
f 3861 3871 3876
f 3861 3862 3872
f 3862 3867 3872
f 3872 3867 3870
f 3875 3872 3870
f 3871 3872 3873
f 3871 3874 3878
f 3874 3873 3875
f 3872 3875 3873
f 3877 3871 3878
f 3880 3882 3878
f 3878 3882 3876
f 3883 3882 3884
f 3884 3880 3874
f 3884 3874 3885
f 3880 3884 3882
f 3881 3885 3874
f 3874 3875 3881
f 3875 3882 3881
f 3881 3882 3883
f 3884 3885 3886
f 3881 3887 3886
f 3885 3881 3886
f 3884 3886 3889
f 3889 3883 3884
f 3887 3888 3886
f 3945 3886 3888
f 3944 3886 3945
f 3889 3886 3944
f 3889 3881 3883
f 3889 3750 3887
f 3881 3889 3887
f 3750 3890 3887
f 3887 3890 3888
f 3891 3888 3890
f 3878 3892 3893
f 3931 3877 3878
f 3931 3878 3893
f 3897 3931 3894
f 3893 3895 3894
f 3895 3893 3892
f 3921 3900 3925
f 3901 3900 3960
f 3901 3861 3902
f 3902 3861 3903
f 3903 3861 3869
f 3869 3859 3905
f 3852 3859 3907
f 3859 3852 3904
f 3904 3906 3860
f 3860 3905 3904
f 3906 3907 3860
f 3907 3851 3855
f 3906 3851 3907
f 3906 3904 3852
f 3906 3852 3908
f 3853 3915 3908
f 3851 3908 3909
f 3908 3851 3906
f 3909 3848 3851
f 3909 3910 3911
f 3911 3839 3838
f 3916 3911 3838
f 3913 3899 3839
f 3913 3839 3911
f 3909 3914 3910
f 3914 3913 3910
f 3918 3914 3915
f 3850 3916 3917
f 3916 3850 3848
f 3853 3850 3917
f 3917 3916 3915
f 3848 3909 3916
f 3916 3847 3918
f 3918 3847 3930
f 3930 3847 3842
f 3914 3919 3923
f 3923 3924 3914
f 3921 3920 3924
f 3900 3921 3922
f 3860 3900 3922
f 3905 3922 3903
f 3903 3922 3902
f 3902 3922 3900
f 3921 3924 3922
f 3922 3924 3926
f 3900 3922 3926
f 3914 3920 3927
f 3920 3921 3925
f 3925 3928 3920
f 3929 3920 3928
f 3925 3923 3928
f 3920 3929 3927
f 3929 3928 3923
f 3927 3899 3914
f 3898 3899 3929
f 3927 3929 3899
f 3914 3899 3913
f 3930 3934 3929
f 3919 3930 3929
f 3931 3897 3934
f 3879 3931 3932
f 3876 3877 3879
f 3879 3878 3876
f 3878 3879 3892
f 3879 3933 3892
f 3933 3895 3892
f 3933 3931 3934
f 3930 3933 3934
f 3896 3930 3945
f 3930 3896 3933
f 3895 3933 3896
f 3945 3888 3896
f 3888 3891 3896
f 3879 3932 3933
f 3932 3931 3933
f 3929 3934 3898
f 3923 3919 3929
f 3926 3923 3925
f 3926 3924 3923
f 3924 3920 3914
f 3919 3918 3930
f 3919 3914 3918
f 3918 3915 3916
f 3898 3912 3899
f 3898 3934 3912
f 3934 3897 3894
f 3894 3896 3891
f 3891 3934 3894
f 3934 3891 3941
f 3934 3941 3935
f 3937 3841 3936
f 3937 3833 3841
f 3940 3937 3947
f 3940 3955 3937
f 3834 3938 3948
f 3830 3938 3834
f 3938 3830 3833
f 3833 3937 3938
f 3938 3937 3955
f 3948 3938 3939
f 3938 3955 3939
f 3947 3937 3946
f 3941 3891 3890
f 3889 3944 3750
f 3750 3944 3945
f 3941 3890 3942
f 3941 3946 3937
f 3946 3943 3947
f 3940 3958 3955
f 3939 3955 3956
f 3948 3954 3951
f 3948 3951 3949
f 3950 3949 3836
f 3836 3949 3751
f 3951 3945 3949
f 3949 3945 3930
f 3949 3930 3751
f 3954 3952 3951
f 3954 3948 3956
f 3953 3954 3956
f 3958 3954 3953
f 3953 3956 3955
f 3955 3958 3953
f 3954 3958 3959
f 3957 3952 3954
f 3957 3945 3952
f 3957 3750 3945
f 3957 3954 3959
f 3958 3940 3959
f 3940 3947 3959
f 3947 3943 3959
f 3959 3943 3957
f 3945 3951 3952
f 3948 3939 3956
f 3946 3941 3942
f 3890 3946 3942
f 3750 3943 3946
f 3750 3946 3890
f 3941 3937 3935
f 3937 3936 3935
f 3935 3936 3912
f 3934 3935 3912
f 3936 3841 3839
f 3913 3911 3910
f 3909 3915 3914
f 3908 3915 3909
f 3917 3915 3853
f 3853 3908 3852
f 3903 3869 3905
f 3904 3905 3859
f 3901 3902 3900
f 3900 3926 3925
f 3931 3893 3894
f 3877 3931 3879
f 3896 3894 3895
f 3878 3874 3880
f 3871 3877 3876
f 3874 3871 3873
f 3871 3861 3872
f 3861 3876 3882
f 3869 3868 3859
f 3863 3858 3864
f 3865 3858 3857
f 3907 3855 3853
f 3853 3855 3849
f 3853 3849 3788
f 3854 3853 3788
f 3853 3855 3850
f 3853 3854 3855
f 3791 3854 3788
f 3909 3911 3916
f 3751 3930 3842
f 3846 3803 3843
f 3801 3806 3842
f 3841 3831 3827
f 3834 3948 3835
f 3948 3949 3950
f 3846 3837 3836
f 3846 3836 3751
f 3834 3832 3830
f 3829 3815 3807
f 3811 3812 3815
f 3766 3812 3809
f 3809 3811 3808
f 3809 3808 3766
f 3845 3840 3797
f 3754 3797 3840
f 3844 3845 3796
f 3792 3801 3805
f 3792 3800 3961
f 3961 3800 3962
f 3855 3961 3962
f 3800 3788 3849
f 3796 3785 3783
f 3963 3793 3787
f 3787 3844 3963
f 3785 3963 3796
f 3785 3793 3963
f 3963 3844 3796
f 3789 3780 3777
f 3773 3782 3789
f 3774 3776 3773
f 3767 3769 3770
f 3760 3765 3766
f 3761 3760 3770
f 3765 3758 3768
f 3750 3957 3943
f 3794 3793 3785
f 3900 3860 3960
f 3905 3860 3922
f 3855 3791 3961
f 3977 3979 3975
f 3975 3976 3983
f 3975 3983 3977
f 3979 3976 3975
f 3983 3976 3979
f 3979 3973 4019
f 3973 3979 3974
f 3973 3972 4028
f 3980 3973 4028
f 3981 4028 3982
f 3979 3982 3987
f 3979 3987 3983
f 3978 3977 3983
f 3977 3978 3974
f 3973 3974 3984
f 3972 3973 3984
f 4029 3984 3974
f 3985 3974 3978
f 4029 3974 3985
f 3991 3985 3986
f 3982 4029 3987
f 3988 3978 3987
f 3988 3987 3991
f 3986 3985 3989
f 3989 3985 4166
f 3990 3985 3999
f 4003 3991 3986
f 3993 3986 3992
f 3992 3986 3995
f 3989 3995 3986
f 4166 3991 3989
f 3989 3991 3995
f 3991 4003 3995
f 3994 3995 4165
f 4000 3999 3985
f 3985 3988 4000
f 3978 3988 3985
f 4000 3988 3990
f 3999 4000 3990
f 3999 4163 4001
f 4008 4163 4011
f 4163 3998 4011
f 3995 4003 4165
f 3993 4004 4003
f 3986 3993 4003
f 4004 3970 3969
f 4003 4004 4165
f 4165 4004 3969
f 4005 4165 3969
f 4165 4005 4006
f 4006 3998 4165
f 3996 3997 4007
f 3997 4009 4007
f 3998 4163 3997
f 3999 3997 4163
f 4008 4058 4163
f 4008 4009 3997
f 4009 4008 4010
f 4011 4002 4008
f 4007 4015 4002
f 4011 4007 4002
f 4011 4006 4007
f 4012 4015 4007
f 4007 4010 4013
f 4010 4007 4009
f 4008 4014 4010
f 4014 4008 4015
f 4015 4008 4002
f 4015 4016 4054
f 3980 3979 4019
f 4019 3973 3980
f 4020 4022 4038
f 3980 4020 4019
f 3980 4021 4020
f 4019 4018 4021
f 4021 4018 4023
f 4018 4038 4023
f 4023 4038 4022
f 4023 4022 4020
f 4021 4023 4020
f 4035 4036 4022
f 4036 4024 4022
f 4033 3971 4025
f 4032 3971 4033
f 4027 4032 4031
f 4028 3984 4029
f 3984 4028 3972
f 3982 4028 4029
f 4028 4037 3972
f 3972 4037 4027
f 4037 4031 4030
f 4037 4027 4031
f 4033 4030 4032
f 4033 4025 4030
f 4030 4025 4034
f 4034 4032 4030
f 3971 4032 4034
f 4026 4034 4035
f 4034 4026 3971
f 4035 3969 3970
f 3970 4026 4035
f 4036 4035 4034
f 4025 4036 4034
f 4030 4031 4032
f 4027 4037 4030
f 4027 4030 4032
f 4037 4028 4027
f 4025 3971 4026
f 4025 4026 4036
f 4026 4024 4036
f 4024 4026 4017
f 4024 4017 4038
f 4038 4022 4024
f 4026 4039 4017
f 4042 4017 4039
f 4035 4022 4046
f 4022 4040 4046
f 4040 4022 4043
f 4043 4042 4040
f 4040 4042 4041
f 4042 4043 4038
f 4042 4039 4051
f 4042 4051 4041
f 4041 4044 4040
f 4040 4044 4045
f 4048 4044 4051
f 4044 4041 4051
f 4048 4045 4044
f 4045 4047 4046
f 4046 3968 4035
f 3969 4035 3968
f 4047 3967 3968
f 4047 4118 3967
f 4047 4139 4140
f 4139 4047 4045
f 4139 4045 4048
f 3970 4049 4039
f 4049 4051 4039
f 3993 4050 4049
f 3970 3993 4049
f 4016 4052 3993
f 4015 4110 4052
f 4052 4050 3993
f 4050 4052 4051
f 4050 4051 4049
f 4051 4052 4048
f 4013 4015 4012
f 4013 4110 4015
f 4010 4055 4110
f 4055 4010 4014
f 4053 4016 3993
f 3996 4053 3993
f 4007 4053 3996
f 4053 4007 4006
f 4006 4005 4054
f 4005 3969 4054
f 3969 4118 4054
f 4101 4054 4118
f 4101 4014 4054
f 4117 4055 4014
f 4061 4108 4056
f 4058 4057 4163
f 4058 3999 4059
f 3999 4000 4059
f 4063 4059 4000
f 4063 4000 4001
f 4001 4000 3999
f 4163 4060 4001
f 4063 4001 4062
f 4063 4064 4057
f 4062 4064 4063
f 4073 4069 4072
f 4072 4069 4067
f 4104 4068 4066
f 4074 4104 4066
f 4067 4074 4066
f 4067 4069 4074
f 4072 4070 4073
f 4073 4074 4069
f 4070 4074 4073
f 4074 4070 4072
f 4071 4074 4075
f 4067 4066 4071
f 4071 4076 4077
f 4071 4075 4076
f 4077 4075 4161
f 4074 4079 4075
f 4079 4074 4078
f 4078 4074 4077
f 4071 4077 4074
f 4078 4075 4079
f 4162 4075 4078
f 4075 4162 4080
f 4077 4161 4162
f 4078 4077 4162
f 4161 4075 4081
f 4161 4085 4093
f 4089 4085 4162
f 4087 4089 4162
f 4161 4087 4162
f 4161 4093 4087
f 4085 4086 4093
f 4085 4089 4086
f 4091 4089 4087
f 4093 4086 4088
f 4086 4092 4090
f 4086 4089 4091
f 4092 4086 4091
f 4088 4086 4090
f 4093 4088 4091
f 4087 4093 4091
f 4092 4091 4094
f 4083 4130 4097
f 4082 4083 4097
f 4128 4082 4098
f 4104 4123 4102
f 4074 4160 4104
f 4160 4105 4104
f 4160 4074 4105
f 4071 4105 4074
f 4071 4068 4105
f 4071 4066 4068
f 4061 4107 4062
f 4107 4068 4062
f 4116 4065 4106
f 4065 4068 4106
f 4064 4116 4057
f 4116 4064 4065
f 4116 4106 4107
f 4116 4107 4115
f 4108 4061 4116
f 4109 4111 4108
f 4055 4111 4110
f 4110 4111 4052
f 4111 4112 4052
f 4134 4052 4112
f 4100 4112 4111
f 4108 4113 4109
f 4113 4100 4109
f 4119 4100 4113
f 4111 4109 4100
f 4108 4117 4056
f 4115 4061 4056
f 4115 4114 4116
f 4114 4113 4116
f 4114 4115 4056
f 4117 4111 4055
f 4117 4014 4101
f 4114 4117 4101
f 4120 4124 4119
f 4120 4119 4122
f 4106 4120 4121
f 4105 4121 4104
f 4120 4103 4121
f 4103 4120 4122
f 4104 4121 4103
f 4102 4123 4120
f 4120 4123 4124
f 4122 4119 4125
f 4099 4119 4126
f 4119 4124 4126
f 4124 4123 4125
f 4124 4125 4126
f 4119 4099 4100
f 4126 4125 4099
f 4127 4099 4125
f 4125 4101 4127
f 4118 4133 4101
f 4101 4133 4131
f 4101 4131 4127
f 4131 4128 4098
f 4131 4132 4128
f 4083 4128 4080
f 4129 4080 4128
f 4081 4080 4129
f 4084 4081 4129
f 4130 4083 4129
f 4084 4129 4083
f 4128 4132 4129
f 4132 4131 4133
f 4132 4096 4130
f 4092 4096 4132
f 3966 4092 4132
f 4133 3966 4132
f 4096 4092 4095
f 4133 4154 3966
f 4130 4129 4132
f 4131 4098 4127
f 4127 4098 4099
f 4123 4122 4125
f 4103 4122 4123
f 4125 4119 4101
f 4119 4114 4101
f 4119 4113 4114
f 4117 4114 4056
f 4112 4099 4134
f 4099 4098 4134
f 4134 4098 4096
f 4097 4096 4098
f 4095 4135 4096
f 4135 4136 4096
f 4052 4143 4137
f 4052 4134 4143
f 4137 4138 4052
f 4138 4048 4052
f 4141 4139 4138
f 4141 4138 4149
f 4139 4141 4140
f 4141 4149 4140
f 4148 4149 4137
f 4143 4158 4137
f 4135 4143 4134
f 4134 4136 4135
f 4092 4094 4135
f 3965 4144 4142
f 4091 4142 4144
f 4142 4091 4090
f 4142 3966 3965
f 4143 4135 4144
f 4135 4094 4144
f 4146 4158 4143
f 3964 4158 4146
f 4146 3965 3964
f 4143 4145 4146
f 3965 4146 4145
f 4137 4158 4147
f 4148 4137 4147
f 4149 4150 4152
f 4140 4152 4047
f 4118 4152 4151
f 4047 4152 4118
f 4153 4154 4118
f 4154 4133 4118
f 4151 4154 4153
f 4156 4151 4150
f 4150 4151 4152
f 4150 4149 4155
f 4155 4156 4150
f 4155 4148 4156
f 4156 4148 4157
f 4157 4159 4156
f 4159 3966 4156
f 4159 3965 3966
f 4148 4159 4157
f 4148 4147 4159
f 4159 4147 4158
f 3964 4159 4158
f 4159 3964 3965
f 4155 4149 4148
f 4151 4156 3966
f 3966 4154 4151
f 4151 4153 4118
f 4140 4149 4152
f 4145 4143 4144
f 4145 4144 3965
f 4138 4137 4149
f 4096 4136 4134
f 4100 4099 4112
f 4116 4113 4108
f 4107 4061 4115
f 4116 4061 4057
f 4106 4068 4107
f 4068 4106 4121
f 4105 4068 4121
f 4062 4068 4065
f 4104 4103 4123
f 4098 4082 4097
f 4128 4083 4082
f 4084 4083 4080
f 4096 4097 4130
f 4095 4092 4135
f 4088 4090 4091
f 4142 4090 3966
f 4090 4092 3966
f 4144 4094 4091
f 4084 4161 4081
f 4085 4161 4080
f 4162 4085 4080
f 4080 4161 4084
f 4075 4080 4081
f 4075 4077 4076
f 4072 4071 4074
f 4067 4071 4072
f 4068 4104 4106
f 4062 4065 4064
f 4063 4057 4058
f 4061 4062 4057
f 4060 4057 4062
f 4001 4060 4062
f 4059 4063 4058
f 4108 4111 4117
f 4054 4016 4006
f 4053 4006 4016
f 4015 4054 4014
f 4013 4010 4110
f 4048 4138 4139
f 3968 3967 4118
f 3968 4046 4047
f 4046 4040 4045
f 4043 4022 4038
f 4038 4017 4042
f 4021 3980 4019
f 4018 4019 4020
f 4020 4038 4018
f 4026 3970 4039
f 4015 4052 4016
f 4012 4007 4013
f 4008 3997 4058
f 3997 3999 4058
f 4011 3998 4006
f 3996 4164 3998
f 3996 3998 3997
f 4165 4164 3994
f 4164 3996 3994
f 3993 3994 3996
f 3970 4004 3993
f 3993 3995 3994
f 3995 3993 3992
f 3990 3988 3991
f 3990 4166 3985
f 3987 4029 3991
f 3991 4029 3985
f 3987 3978 3983
f 3981 3982 3979
f 3972 4027 4028
f 3980 4028 3981
f 3981 3979 3980
f 3979 3977 3974
f 3969 3968 4118
f 3998 4164 4165
f 4102 4106 4104
f 4166 3990 3991
f 4102 4120 4106
f 4057 4060 4163
f 1147 1151 1145
f 1147 1145 1148
f 1149 1150 1144
f 1149 1144 1146
f 1545 1546 1551
f 1577 1546 1553
f 1580 1551 1546
f 1582 1546 1577
f 1556 1551 1580
f 1545 1551 1550
f 1556 1580 1579
f 1550 1551 1552
f 1559 1550 1552
f 1551 1556 1558
f 1553 1554 1557
f 1559 1557 1550
f 1558 1563 1551
f 1563 1562 1551
f 1551 1562 1560
f 1552 1551 1560
f 1550 1554 1553
f 1557 1554 1550
f 1555 1549 1577
f 1552 1560 1562
f 1562 1559 1552
f 1557 1561 1553
f 1561 1564 1553
f 1564 1577 1553
f 1565 1559 1562
f 1571 1561 1557
f 1565 1566 1559
f 1565 1562 1563
f 1570 1564 1561
f 1571 1557 1559
f 1563 1567 1565
f 1571 1559 1566
f 1569 1566 1568
f 1566 1569 1573
f 1573 1571 1566
f 1570 1576 1572
f 1571 1570 1561
f 1576 1570 1571
f 1573 1576 1571
f 1575 1576 1573
f 1577 1549 1582
f 1545 1550 1553
f 1553 1546 1545
f 1581 1582 1549
f 1581 1549 1548
f 1582 1580 1546
f 1584 1547 1580
f 1584 1580 1583
f 1580 1582 1583
f 1578 1556 1579
f 1579 1580 1547
f 1574 1572 1576
f 1624 1587 1622
f 1623 1621 1622
f 1622 1621 1624
f 1623 1586 1621
f 1587 1624 1620
f 1623 1590 1586
f 1623 1622 1587
f 1623 1587 1590
f 1593 1587 1620
f 1624 1621 1591
f 1585 1624 1591
f 1589 1621 1586
f 1588 1593 1620
f 1585 1591 1594
f 1620 1585 1592
f 1620 1592 1588
f 1591 1621 1595
f 1598 1586 1590
f 1595 1621 1589
f 1598 1589 1586
f 1594 1592 1585
f 1587 1603 1590
f 1588 1602 1593
f 1587 1593 1603
f 1594 1596 1592
f 1588 1592 1610
f 1594 1591 1595
f 1597 1596 1594
f 1588 1610 1602
f 1611 1603 1593
f 1599 1594 1604
f 1602 1611 1593
f 1603 1598 1590
f 1594 1595 1604
f 1597 1594 1599
f 1606 1589 1598
f 1609 1596 1597
f 1600 1597 1599
f 1605 1598 1603
f 1589 1604 1595
f 1598 1605 1606
f 1605 1603 1611
f 1606 1607 1589
f 1610 1596 1609
f 1610 1592 1596
f 1613 1599 1604
f 1602 1612 1611
f 1612 1602 1608
f 1613 1604 1607
f 1599 1613 1615
f 1606 1613 1607
f 1612 1605 1611
f 1617 1613 1606
f 1606 1605 1612
f 1617 1615 1613
f 1617 1606 1612
f 1617 1618 1615
f 1618 1617 1619
f 1612 1619 1617
f 1604 1589 1607
f 1620 1624 1585
f 1600 1625 1612
f 1612 1625 1626
f 1597 1600 1608
f 1625 1600 1599
f 1608 1600 1612
f 1618 1628 1615
f 1612 1626 1616
f 1610 1627 1601
f 1599 1615 1614
f 1146 1149 1148
f 1146 1148 1147
f 1 3 2
f 2 3 1
f 3 5 4
f 4 5 3
f 7 6 4
f 5 7 4
f 5 4 10
f 5 10 7
f 4 6 10
f 10 8 7
f 7 9 6
f 6 9 10
f 7 8 9
f 8 12 9
f 10 12 8
f 9 13 10
f 12 14 9
f 9 11 13
f 14 11 9
f 10 13 12
f 12 15 14
f 12 13 15
f 11 15 13
f 14 18 11
f 11 18 15
f 15 18 14
f 14 16 18
f 18 17 14
f 14 19 16
f 21 23 20
f 22 23 21
f 20 23 22
f 22 24 23
f 24 22 23
f 24 25 22
f 22 25 24
f 29 26 25
f 25 27 29
f 25 28 27
f 26 28 25
f 28 29 27
f 32 30 26
f 29 32 26
f 26 30 28
f 31 32 29
f 29 28 31
f 30 31 28
f 31 30 32
f 30 33 32
f 32 33 30
f 33 34 30
f 30 34 33
f 33 37 34
f 34 37 33
f 37 35 34
f 34 36 37
f 35 36 34
f 36 38 37
f 38 39 37
f 39 38 36
f 35 39 36
f 37 39 35
f 39 40 38
f 39 41 40
f 39 38 41
f 38 40 41
f 41 43 40
f 40 42 41
f 45 42 40
f 43 45 40
f 42 44 41
f 44 43 41
f 43 46 45
f 44 46 43
f 42 45 44
f 45 46 44
f 45 48 46
f 45 46 47
f 51 49 50
f 53 52 49
f 52 53 49
f 53 54 55
f 52 54 53
f 53 55 52
f 54 56 55
f 55 58 52
f 56 58 55
f 54 57 56
f 52 57 54
f 52 58 57
f 57 58 56
f 58 59 57
f 58 62 59
f 59 58 57
f 58 61 62
f 59 61 58
f 59 63 61
f 60 63 59
f 59 62 60
f 62 63 60
f 63 62 61
f 62 64 63
f 64 65 63
f 63 64 62
f 65 66 63
f 63 66 64
f 66 65 64
f 65 67 66
f 67 68 66
f 67 65 68
f 66 69 65
f 68 69 66
f 65 69 68
f 68 70 69
f 71 70 68
f 69 71 68
f 70 71 69
f 71 72 70
f 70 73 71
f 71 73 74
f 71 75 72
f 70 72 73
f 74 75 71
f 72 74 73
f 75 74 72
f 74 76 75
f 76 77 75
f 75 78 74
f 80 84 79
f 81 80 79
f 79 84 81
f 81 84 80
f 84 82 81
f 81 82 84
f 82 83 84
f 84 85 86
f 82 84 83
f 84 83 85
f 84 87 83
f 84 86 87
f 85 83 86
f 86 83 88
f 87 88 83
f 86 88 87
f 88 87 89
f 88 90 87
f 88 89 91
f 87 91 89
f 88 91 90
f 87 90 91
f 92 93 91
f 91 94 92
f 91 93 94
f 94 93 92
f 93 95 96
f 93 96 95
f 98 97 96
f 97 98 96
f 98 99 97
f 97 100 98
f 100 101 98
f 99 100 97
f 99 101 100
f 98 101 99
f 100 102 101
f 101 103 100
f 103 102 100
f 106 105 104
f 104 105 106
f 108 110 105
f 107 109 105
f 109 108 105
f 105 109 107
f 105 110 109
f 110 108 109
f 110 111 108
f 108 111 110
f 110 112 111
f 113 112 110
f 111 113 110
f 114 116 115
f 114 119 116
f 117 119 114
f 115 117 114
f 118 115 116
f 119 118 116
f 115 118 117
f 118 119 117
f 119 120 118
f 122 123 121
f 123 124 121
f 123 125 124
f 121 125 123
f 125 126 124
f 121 124 125
f 124 126 125
f 124 127 126
f 129 130 128
f 129 128 130
f 130 131 128
f 128 131 130
f 134 132 131
f 131 132 134
f 132 134 133
f 132 135 134
f 133 137 136
f 133 136 132
f 134 137 133
f 135 137 134
f 137 138 136
f 135 136 137
f 132 136 135
f 136 139 137
f 141 142 140
f 140 142 141
f 142 144 143
f 142 145 144
f 143 145 142
f 146 147 149
f 149 148 146
f 148 151 146
f 147 151 149
f 146 151 147
f 149 151 148
f 148 152 151
f 150 153 151
f 151 152 150
f 148 155 152
f 153 148 151
f 152 154 150
f 156 159 157
f 157 158 156
f 159 161 157
f 157 161 158
f 158 161 156
f 159 160 161
f 160 162 161
f 156 160 159
f 156 161 160
f 161 162 160
f 163 164 160
f 166 171 170
f 168 174 167
f 165 175 169
f 167 171 166
f 174 172 167
f 169 174 168
f 169 175 174
f 170 173 165
f 167 172 171
f 165 173 175
f 170 177 173
f 171 178 170
f 172 176 171
f 175 180 174
f 173 180 175
f 174 179 172
f 182 2968 181
f 183 189 193
f 2973 189 183
f 184 194 2973
f 187 194 184
f 188 187 184
f 193 188 185
f 2973 190 189
f 194 190 2973
f 189 191 193
f 187 192 194
f 188 192 187
f 188 200 192
f 189 195 191
f 190 195 189
f 190 205 195
f 190 216 205
f 194 216 190
f 191 197 193
f 188 196 200
f 193 197 196
f 193 196 188
f 191 198 197
f 198 203 197
f 195 199 198
f 195 198 191
f 196 202 201
f 196 201 200
f 197 203 202
f 197 202 196
f 198 204 203
f 204 209 203
f 199 213 204
f 199 204 198
f 195 213 199
f 200 206 192
f 201 207 206
f 201 206 200
f 202 208 201
f 208 207 201
f 203 209 208
f 203 208 202
f 204 210 209
f 213 210 204
f 194 211 216
f 192 211 194
f 206 214 192
f 207 214 206
f 208 212 207
f 212 214 207
f 209 210 212
f 209 212 208
f 212 217 214
f 210 217 212
f 195 205 213
f 216 215 205
f 211 219 216
f 205 215 213
f 216 220 215
f 219 220 216
f 192 223 211
f 214 223 192
f 213 221 210
f 215 221 213
f 210 221 217
f 214 218 223
f 217 218 214
f 215 222 221
f 223 219 211
f 221 230 217
f 220 222 215
f 222 227 221
f 217 224 218
f 230 224 217
f 221 227 230
f 220 225 222
f 222 225 227
f 219 226 220
f 223 226 219
f 218 228 223
f 220 226 225
f 227 233 230
f 224 228 218
f 223 228 226
f 225 233 227
f 226 229 225
f 228 232 226
f 225 229 233
f 228 234 232
f 231 234 228
f 236 237 245
f 244 235 243
f 241 242 240
f 245 246 235
f 238 246 237
f 240 238 239
f 243 2989 242
f 249 252 247
f 247 251 248
f 248 253 249
f 251 253 248
f 247 254 251
f 252 254 247
f 249 254 252
f 250 254 249
f 249 255 250
f 253 251 249
f 251 256 249
f 254 258 251
f 250 258 254
f 249 256 255
f 255 258 250
f 251 259 256
f 258 257 251
f 251 257 259
f 256 258 255
f 259 260 256
f 258 261 257
f 256 260 258
f 260 262 258
f 257 263 259
f 258 262 261
f 260 259 262
f 261 263 257
f 259 266 262
f 263 264 259
f 261 265 263
f 262 265 261
f 265 264 263
f 264 266 259
f 262 267 265
f 266 267 262
f 265 269 264
f 267 266 265
f 266 268 265
f 265 268 269
f 264 268 266
f 264 269 268
f 268 273 269
f 269 270 268
f 270 273 268
f 269 272 270
f 271 272 269
f 269 273 271
f 272 273 270
f 273 274 271
f 272 276 273
f 271 274 272
f 276 278 273
f 272 274 276
f 273 275 274
f 278 275 273
f 274 279 276
f 275 278 274
f 276 280 278
f 277 279 274
f 278 281 274
f 280 282 278
f 279 280 276
f 274 281 277
f 277 280 279
f 278 283 281
f 278 282 283
f 282 287 283
f 286 282 280
f 277 281 280
f 282 286 287
f 283 284 281
f 281 284 280
f 287 285 283
f 286 288 287
f 280 288 286
f 280 284 288
f 283 289 284
f 285 290 283
f 285 287 290
f 290 289 283
f 289 288 284
f 291 293 288
f 287 288 290
f 289 291 288
f 293 292 288
f 289 294 291
f 290 294 289
f 292 290 288
f 292 296 290
f 291 295 293
f 297 295 291
f 290 296 294
f 294 297 291
f 293 296 292
f 294 296 297
f 293 295 296
f 297 298 295
f 295 300 299
f 298 300 295
f 299 297 296
f 295 299 296
f 299 298 297
f 300 302 299
f 298 301 300
f 299 306 298
f 301 303 300
f 298 303 301
f 299 304 306
f 302 304 299
f 298 306 303
f 302 300 304
f 303 307 300
f 300 307 304
f 304 307 306
f 306 305 303
f 307 305 306
f 303 310 307
f 303 305 310
f 307 308 305
f 305 308 310
f 307 309 308
f 310 309 307
f 309 311 308
f 310 308 312
f 311 313 308
f 310 312 309
f 308 313 312
f 313 316 312
f 309 314 311
f 312 315 309
f 311 314 313
f 316 315 312
f 314 316 313
f 315 318 309
f 309 318 314
f 316 318 315
f 318 317 314
f 318 316 320
f 314 319 316
f 317 319 314
f 318 320 317
f 319 317 316
f 317 320 316
f 320 321 324
f 322 325 320
f 320 323 322
f 324 323 320
f 326 330 329
f 327 328 326
f 326 328 330
f 330 332 328
f 328 331 330
f 328 332 331
f 331 332 330
f 332 334 328
f 328 334 332
f 330 333 332
f 332 333 330
f 332 335 336
f 334 335 332
f 332 336 334
f 336 338 334
f 335 337 336
f 335 339 337
f 334 340 335
f 340 341 335
f 334 338 340
f 335 344 339
f 341 344 335
f 337 342 336
f 342 345 336
f 345 343 336
f 348 351 347
f 346 347 350
f 349 351 348
f 350 354 349
f 347 354 350
f 351 352 347
f 349 353 351
f 354 353 349
f 347 352 354
f 353 354 351
f 351 354 352
f 354 355 351
f 351 355 354
f 355 357 354
f 354 356 355
f 354 357 356
f 355 359 357
f 356 360 355
f 358 359 355
f 360 358 355
f 356 357 361
f 360 363 358
f 356 361 360
f 358 357 359
f 358 362 357
f 357 362 361
f 363 364 358
f 361 363 360
f 362 366 361
f 366 367 361
f 358 365 362
f 364 365 358
f 367 363 361
f 365 366 362
f 364 368 365
f 363 368 364
f 363 367 368
f 366 372 367
f 365 372 366
f 369 372 365
f 367 370 368
f 365 368 369
f 372 370 367
f 369 374 372
f 370 373 368
f 368 374 369
f 372 371 370
f 372 374 371
f 373 374 368
f 370 371 373
f 373 375 374
f 374 375 371
f 371 378 373
f 371 379 378
f 371 377 379
f 375 377 371
f 373 378 375
f 376 377 375
f 378 381 375
f 379 376 378
f 377 376 379
f 375 380 376
f 381 380 375
f 376 381 378
f 380 383 376
f 376 382 381
f 381 382 380
f 383 386 376
f 380 387 383
f 376 385 382
f 382 384 380
f 386 385 376
f 380 384 387
f 382 387 384
f 387 386 383
f 382 385 387
f 386 389 385
f 387 388 386
f 387 390 388
f 385 389 387
f 388 390 386
f 387 391 390
f 389 391 387
f 386 392 389
f 389 392 391
f 392 394 391
f 386 390 392
f 391 393 390
f 391 394 393
f 390 393 392
f 394 395 393
f 392 396 394
f 393 396 392
f 395 398 393
f 394 400 395
f 393 398 396
f 394 396 400
f 398 397 396
f 400 398 395
f 396 399 400
f 397 399 396
f 400 401 398
f 399 401 400
f 397 403 399
f 403 402 399
f 398 402 397
f 401 402 398
f 399 402 401
f 397 402 403
f 401 405 402
f 402 404 401
f 402 407 406
f 405 407 402
f 404 406 401
f 401 406 405
f 402 406 404
f 407 405 406
f 406 408 405
f 406 405 410
f 408 409 405
f 409 411 405
f 406 410 408
f 405 412 410
f 405 411 412
f 408 413 415
f 410 413 408
f 415 409 408
f 410 412 413
f 415 411 409
f 411 414 412
f 412 414 413
f 411 415 418
f 414 416 413
f 411 418 414
f 415 417 418
f 413 416 415
f 415 416 417
f 417 421 418
f 418 421 419
f 416 421 417
f 418 420 414
f 420 416 414
f 420 422 416
f 416 423 421
f 422 423 416
f 424 425 430
f 429 426 425
f 425 431 430
f 427 428 426
f 426 435 425
f 425 435 431
f 428 435 426
f 430 434 428
f 431 434 430
f 434 433 428
f 428 432 435
f 428 433 432
f 432 441 435
f 435 436 431
f 441 436 435
f 431 437 434
f 434 432 433
f 434 437 432
f 431 438 437
f 436 438 431
f 437 440 432
f 432 439 441
f 432 440 439
f 436 437 438
f 436 441 437
f 437 442 440
f 441 442 437
f 439 442 441
f 442 439 440
f 442 444 439
f 439 443 442
f 444 443 439
f 442 443 444
f 443 447 449
f 443 445 447
f 444 445 443
f 443 446 444
f 449 446 443
f 446 448 444
f 444 448 445
f 446 449 448
f 448 447 445
f 447 450 449
f 449 450 448
f 448 451 447
f 447 452 450
f 450 451 448
f 451 452 447
f 450 453 451
f 452 451 450
f 450 454 453
f 450 456 454
f 451 456 450
f 453 454 451
f 451 458 456
f 451 454 458
f 459 457 454
f 454 457 458
f 456 455 454
f 454 455 459
f 458 460 456
f 455 461 459
f 465 468 464
f 463 464 462
f 462 466 467
f 466 468 465
f 464 470 462
f 468 471 464
f 471 470 464
f 466 471 468
f 462 470 466
f 466 469 471
f 470 469 466
f 471 474 470
f 469 472 471
f 469 473 472
f 470 473 469
f 472 476 471
f 474 473 470
f 476 474 471
f 473 476 472
f 476 475 474
f 475 477 474
f 478 480 476
f 473 479 476
f 475 476 477
f 476 481 478
f 479 481 476
f 486 488 483
f 484 489 486
f 485 489 484
f 487 489 485
f 487 482 489
f 489 488 486
f 482 490 489
f 483 490 482
f 483 488 490
f 490 492 489
f 489 493 488
f 491 493 489
f 488 492 490
f 489 492 491
f 493 494 488
f 488 494 495
f 491 492 493
f 488 495 492
f 495 496 492
f 496 497 492
f 492 497 493
f 494 498 495
f 493 497 494
f 497 499 494
f 499 500 494
f 495 501 496
f 498 501 495
f 502 503 505
f 505 504 502
f 502 504 503
f 504 505 503
f 506 505 503
f 505 506 503
f 505 507 506
f 506 508 505
f 505 510 507
f 507 509 506
f 508 510 505
f 506 509 508
f 510 513 507
f 509 511 508
f 508 511 510
f 507 512 509
f 513 512 507
f 510 516 513
f 511 515 510
f 512 514 509
f 509 517 511
f 514 517 509
f 512 513 514
f 515 516 510
f 513 517 514
f 516 518 513
f 513 518 517
f 516 519 518
f 518 519 517
f 520 519 516
f 519 511 517
f 515 521 516
f 511 521 515
f 519 521 511
f 516 524 520
f 521 524 516
f 519 522 521
f 519 523 522
f 520 524 519
f 519 524 523
f 523 525 522
f 522 526 521
f 525 526 522
f 524 528 523
f 528 524 521
f 526 525 521
f 525 527 521
f 528 525 523
f 521 527 528
f 525 530 527
f 527 529 528
f 528 531 525
f 525 531 530
f 528 529 531
f 530 532 527
f 531 529 530
f 529 534 530
f 532 529 527
f 534 533 530
f 533 535 530
f 532 534 529
f 530 535 532
f 534 536 533
f 532 535 534
f 535 536 534
f 533 536 535
f 536 537 535
f 535 538 536
f 537 538 535
f 536 538 537
f 537 540 538
f 537 538 540
f 540 542 539
f 539 541 540
f 540 541 544
f 540 544 542
f 542 543 539
f 539 543 541
f 543 544 541
f 544 543 542
f 544 546 543
f 543 545 544
f 546 547 543
f 544 545 546
f 548 552 550
f 549 552 548
f 550 552 549
f 551 553 548
f 552 551 548
f 548 553 552
f 553 551 552
f 551 554 552
f 552 555 551
f 554 555 552
f 555 554 551
f 554 556 555
f 556 557 555
f 555 557 554
f 557 559 554
f 556 558 557
f 554 559 556
f 559 562 556
f 562 558 556
f 557 560 559
f 559 560 562
f 562 561 558
f 557 563 560
f 561 564 558
f 562 564 561
f 560 565 562
f 558 563 557
f 558 568 563
f 564 568 558
f 565 572 562
f 563 565 560
f 562 566 564
f 572 566 562
f 563 567 565
f 563 568 567
f 567 569 565
f 565 569 572
f 568 570 567
f 567 571 569
f 570 571 567
f 564 566 568
f 571 570 569
f 568 566 570
f 570 574 569
f 566 573 570
f 572 573 566
f 569 574 572
f 570 573 574
f 574 573 572
f 574 575 573
f 573 576 574
f 576 575 574
f 573 577 576
f 575 577 573
f 576 577 578
f 576 578 575
f 578 580 575
f 577 579 578
f 580 577 575
f 579 580 578
f 577 580 579
f 579 581 580
f 580 582 579
f 581 582 580
f 582 585 579
f 579 585 581
f 582 584 585
f 583 584 582
f 582 586 583
f 585 582 581
f 582 585 586
f 588 586 585
f 584 588 585
f 586 584 583
f 586 587 584
f 584 587 588
f 586 589 587
f 588 589 586
f 587 592 588
f 587 591 592
f 588 590 589
f 592 593 588
f 596 600 595
f 597 599 596
f 598 594 597
f 595 601 594
f 599 600 596
f 597 600 599
f 594 601 597
f 595 600 601
f 601 600 597
f 601 604 600
f 600 602 601
f 603 606 600
f 602 604 601
f 600 604 602
f 600 605 603
f 600 606 604
f 604 605 600
f 604 607 605
f 603 608 606
f 606 610 604
f 606 608 610
f 605 607 603
f 607 609 603
f 603 609 608
f 610 611 604
f 607 612 609
f 611 614 604
f 608 613 610
f 604 614 607
f 614 615 607
f 621 620 616
f 620 618 619
f 617 622 621
f 620 624 618
f 621 622 620
f 622 624 620
f 617 623 622
f 618 624 617
f 622 623 624
f 617 624 623
f 623 629 624
f 624 626 625
f 624 629 623
f 624 627 626
f 629 627 624
f 624 628 629
f 625 628 624
f 625 626 628
f 627 629 626
f 629 630 626
f 630 628 626
f 628 631 629
f 630 631 628
f 629 632 630
f 629 633 632
f 631 633 629
f 632 634 630
f 630 635 631
f 634 636 630
f 630 637 635
f 636 638 630
f 641 645 640
f 644 639 643
f 640 646 639
f 639 649 643
f 645 646 640
f 646 649 639
f 645 648 646
f 642 647 645
f 643 647 642
f 647 648 645
f 649 647 643
f 647 650 648
f 649 651 647
f 646 651 649
f 648 653 646
f 650 653 648
f 651 652 647
f 652 650 647
f 646 655 651
f 653 654 646
f 654 655 646
f 655 652 651
f 650 654 653
f 654 656 655
f 655 650 652
f 655 656 658
f 655 658 650
f 650 656 654
f 650 658 656
f 657 658 656
f 656 659 657
f 657 659 658
f 658 662 656
f 660 662 658
f 659 660 658
f 659 661 660
f 656 662 659
f 662 664 659
f 663 666 659
f 664 663 659
f 660 664 662
f 659 666 661
f 661 666 660
f 666 665 660
f 665 668 660
f 660 668 664
f 664 666 663
f 664 667 666
f 664 668 667
f 668 670 667
f 667 671 666
f 666 669 665
f 667 670 671
f 665 670 668
f 666 671 669
f 665 669 670
f 670 673 671
f 672 673 670
f 673 674 671
f 671 674 669
f 672 675 673
f 670 675 672
f 669 674 670
f 673 676 674
f 670 674 675
f 676 678 674
f 675 676 673
f 679 676 675
f 674 678 677
f 674 680 675
f 677 680 674
f 675 680 679
f 676 681 678
f 678 685 684
f 681 685 678
f 680 682 679
f 678 684 677
f 682 683 679
f 683 686 679
f 684 687 677
f 688 692 693
f 690 688 689
f 692 690 691
f 692 695 690
f 688 694 696
f 688 696 692
f 690 695 688
f 695 694 688
f 692 696 695
f 695 697 694
f 694 697 696
f 696 699 698
f 696 700 695
f 698 700 696
f 704 705 703
f 709 707 704
f 702 709 701
f 705 706 703
f 704 707 705
f 703 706 702
f 702 710 709
f 706 710 702
f 705 708 706
f 707 708 705
f 709 711 707
f 708 714 706
f 707 715 708
f 709 712 711
f 710 712 709
f 711 715 707
f 706 714 710
f 712 713 711
f 710 713 712
f 710 716 713
f 714 717 710
f 717 716 710
f 715 714 708
f 711 718 715
f 715 718 714
f 714 722 717
f 711 719 718
f 713 720 711
f 720 719 711
f 717 721 716
f 724 728 723
f 726 724 725
f 723 728 727
f 727 729 724
f 726 727 724
f 729 728 724
f 723 727 726
f 729 731 728
f 727 730 729
f 728 733 727
f 727 733 730
f 728 731 733
f 729 730 731
f 733 732 730
f 731 730 733
f 730 734 733
f 736 739 737
f 735 738 736
f 737 739 738
f 738 740 736
f 739 740 738
f 740 739 736
f 739 740 741
f 739 741 740
f 742 741 740
f 740 741 742
f 744 743 741
f 741 748 742
f 743 745 741
f 745 746 741
f 747 749 742
f 753 755 754
f 751 753 750
f 751 756 753
f 752 756 751
f 756 755 753
f 752 754 756
f 755 760 754
f 756 759 755
f 759 761 755
f 754 760 758
f 755 757 760
f 761 757 755
f 754 758 756
f 761 760 757
f 756 758 759
f 760 763 758
f 758 763 759
f 761 759 762
f 760 764 763
f 761 762 760
f 762 764 760
f 765 759 763
f 764 765 763
f 762 765 764
f 762 766 765
f 759 766 762
f 759 765 766
f 766 767 765
f 767 768 765
f 765 770 766
f 765 768 770
f 766 770 767
f 768 767 770
f 770 769 767
f 769 772 767
f 770 771 769
f 770 774 771
f 773 775 767
f 772 776 767
f 777 778 781
f 779 783 778
f 780 783 779
f 781 785 782
f 778 785 781
f 778 783 785
f 780 787 783
f 782 784 780
f 784 787 780
f 785 784 782
f 783 787 785
f 785 788 784
f 787 786 785
f 785 787 788
f 786 787 785
f 788 787 784
f 790 789 787
f 787 792 791
f 789 792 787
f 791 790 787
f 789 793 792
f 790 794 789
f 791 792 790
f 789 794 793
f 793 796 792
f 792 794 790
f 792 795 794
f 795 797 794
f 799 800 803
f 801 802 800
f 798 803 802
f 803 804 802
f 800 810 803
f 802 808 800
f 802 804 807
f 810 805 803
f 808 806 800
f 803 807 804
f 807 808 802
f 803 805 807
f 800 806 810
f 810 809 805
f 807 805 808
f 808 811 806
f 806 815 810
f 809 813 805
f 810 815 809
f 808 812 811
f 805 812 808
f 815 814 809
f 811 815 806
f 805 813 812
f 809 816 813
f 809 817 816
f 814 817 809
f 820 823 819
f 821 823 820
f 819 822 818
f 822 824 821
f 823 822 819
f 821 827 823
f 823 825 822
f 827 825 823
f 821 826 827
f 824 826 821
f 824 822 826
f 822 825 826
f 827 830 825
f 825 828 826
f 826 828 827
f 830 828 825
f 827 831 830
f 828 831 827
f 830 829 828
f 828 829 831
f 831 832 830
f 829 833 831
f 832 834 830
f 831 833 832
f 830 833 829
f 830 834 833
f 833 835 832
f 834 832 833
f 832 835 833
f 835 837 832
f 832 836 835
f 837 838 832
f 832 838 836
f 837 835 838
f 835 839 838
f 835 840 839
f 836 841 835
f 839 842 838
f 841 843 835
f 847 849 846
f 845 848 844
f 845 850 848
f 846 850 845
f 848 852 847
f 850 851 848
f 849 850 846
f 848 851 852
f 847 852 849
f 850 849 851
f 851 849 852
f 849 853 851
f 855 854 849
f 854 853 849
f 851 855 849
f 854 855 853
f 855 857 853
f 857 856 853
f 851 858 855
f 860 859 865
f 864 859 860
f 870 864 860
f 859 862 865
f 865 863 869
f 863 871 869
f 903 867 933
f 871 863 910
f 896 859 864
f 861 864 870
f 864 861 896
f 868 865 869
f 862 909 865
f 865 909 863
f 877 869 871
f 872 869 877
f 865 868 870
f 865 870 860
f 869 872 868
f 870 868 866
f 866 868 873
f 877 881 872
f 872 873 868
f 913 876 910
f 861 893 896
f 871 910 876
f 877 871 876
f 875 873 872
f 913 909 879
f 907 874 914
f 923 872 881
f 874 907 914
f 877 876 885
f 878 915 879
f 921 881 877
f 880 885 876
f 921 877 885
f 923 881 921
f 885 919 921
f 876 878 888
f 880 876 888
f 880 888 886
f 880 889 885
f 885 882 920
f 919 885 920
f 882 885 889
f 890 886 888
f 889 880 886
f 891 889 886
f 919 918 922
f 890 891 886
f 918 901 922
f 918 891 901
f 892 891 890
f 893 894 897
f 870 893 861
f 893 895 896
f 894 893 870
f 895 897 896
f 896 898 859
f 893 897 895
f 870 866 894
f 899 896 897
f 898 896 899
f 899 859 898
f 900 875 872
f 923 900 872
f 901 900 923
f 923 922 901
f 883 905 926
f 891 892 908
f 891 908 901
f 901 908 900
f 875 900 908
f 875 908 892
f 913 878 876
f 913 910 911
f 909 913 911
f 910 863 912
f 903 906 912
f 906 867 911
f 906 911 912
f 863 909 911
f 867 903 911
f 863 911 912
f 911 903 912
f 911 910 912
f 907 914 917
f 907 917 916
f 914 907 916
f 913 879 916
f 915 913 916
f 915 916 917
f 879 915 917
f 914 916 917
f 916 879 917
f 878 913 915
f 891 918 889
f 918 919 920
f 889 926 927
f 889 918 926
f 920 882 927
f 905 927 926
f 904 883 927
f 918 920 926
f 882 889 927
f 883 926 927
f 905 904 927
f 919 922 924
f 884 902 924
f 884 924 925
f 921 919 925
f 923 921 925
f 924 922 923
f 923 925 924
f 919 924 925
f 887 884 924
f 902 887 924
f 884 925 924
f 927 926 920
f 931 928 929
f 929 930 931
f 934 929 928
f 934 930 929
f 934 928 931
f 930 932 931
f 931 932 906
f 932 946 906
f 955 931 903
f 906 946 933
f 955 934 931
f 930 944 932
f 903 931 906
f 936 955 903
f 933 867 906
f 903 933 936
f 938 933 946
f 944 930 934
f 932 935 946
f 944 934 955
f 932 944 935
f 952 938 946
f 941 939 938
f 943 944 955
f 907 936 933
f 933 938 907
f 939 907 938
f 937 945 942
f 941 938 952
f 947 952 946
f 943 942 944
f 950 942 940
f 874 907 939
f 948 939 941
f 945 940 942
f 947 946 935
f 950 944 942
f 935 944 950
f 936 907 874
f 949 947 935
f 939 948 937
f 937 948 945
f 935 951 949
f 948 941 952
f 952 947 953
f 945 950 940
f 951 947 949
f 950 945 954
f 945 948 954
f 904 948 952
f 947 951 902
f 950 954 902
f 935 950 902
f 953 883 952
f 902 951 935
f 883 954 948
f 902 884 947
f 887 954 947
f 954 953 947
f 883 953 954
f 887 947 884
f 904 952 883
f 887 902 954
f 904 905 948
f 905 883 948
f 957 943 955
f 959 957 955
f 959 955 956
f 937 942 958
f 1005 962 961
f 963 967 961
f 961 962 965
f 961 968 1005
f 967 966 961
f 966 967 969
f 1006 970 965
f 968 973 1005
f 966 969 968
f 967 964 972
f 969 967 978
f 967 972 978
f 972 964 974
f 971 973 977
f 975 973 968
f 978 981 969
f 969 975 968
f 971 979 1010
f 978 972 974
f 971 977 979
f 969 981 975
f 976 977 973
f 978 974 982
f 975 989 973
f 983 981 978
f 978 982 983
f 981 985 975
f 988 974 980
f 975 985 989
f 982 986 983
f 974 988 982
f 1000 983 1021
f 987 984 976
f 987 976 989
f 988 986 982
f 1026 981 983
f 1021 983 986
f 981 1026 985
f 985 995 989
f 991 995 985
f 986 994 1021
f 985 1026 991
f 992 993 986
f 996 986 993
f 994 986 998
f 995 991 998
f 996 995 998
f 960 963 961
f 961 966 968
f 965 962 1006
f 976 973 989
f 986 988 990
f 986 996 998
f 973 971 999
f 1005 973 999
f 1010 979 970
f 983 1000 1026
f 1003 1002 976
f 989 1003 987
f 976 984 1003
f 1004 995 996
f 1004 1003 995
f 989 995 1003
f 1003 984 987
f 979 1002 1001
f 977 1002 979
f 977 976 1002
f 996 997 1004
f 962 1008 1006
f 1005 999 1007
f 999 971 1010
f 1007 999 1013
f 1011 970 1006
f 970 1011 1010
f 1010 1019 999
f 1019 1013 999
f 1019 1010 1012
f 1013 1017 1007
f 1007 1017 1015
f 1014 1007 1022
f 1011 1016 1020
f 1020 1012 1011
f 1019 1017 1013
f 1019 1027 1017
f 1016 1033 1020
f 1020 1019 1012
f 1019 1020 1027
f 1023 1017 1025
f 1028 1018 1014
f 1037 1030 1018
f 1018 1031 1037
f 1029 1021 994
f 1038 1027 1020
f 1036 1017 1027
f 1028 1014 1022
f 1018 1028 1031
f 1030 1033 1016
f 1030 1032 1033
f 1026 1000 1024
f 1025 1017 1026
f 1038 1020 1033
f 1025 1026 1024
f 1024 1023 1025
f 1038 1036 1027
f 1017 991 1026
f 1033 1029 994
f 1035 1024 1029
f 1023 1024 1035
f 1031 1028 1023
f 1032 1029 1033
f 1023 1028 1022
f 1035 1031 1023
f 1029 1032 1030
f 1035 1029 1037
f 994 1034 1033
f 1029 1030 1037
f 1038 1033 1034
f 1036 991 1017
f 991 1036 998
f 1036 1038 998
f 1038 1034 994
f 1035 1037 1031
f 1005 1007 962
f 962 1007 1008
f 1006 1008 1009
f 1009 1011 1006
f 1010 1011 1012
f 1007 1015 1022
f 1017 1023 1015
f 1023 1022 1015
f 1021 1029 1024
f 1000 1021 1024
f 998 1038 994
f 1040 1045 1039
f 1040 1048 1045
f 1042 1046 1041
f 1043 1048 1040
f 1041 1049 1043
f 1046 1049 1041
f 1044 1046 1042
f 1045 1044 1042
f 1048 1050 1045
f 1049 1047 1043
f 1045 1052 1044
f 1050 1052 1045
f 1047 1048 1043
f 1047 1050 1048
f 1047 1051 1050
f 1050 1051 1052
f 1054 1052 1051
f 1051 1047 1054
f 1049 1056 1047
f 1054 1055 1052
f 1046 1053 1049
f 1044 1058 1046
f 1052 1058 1044
f 1056 1054 1047
f 1055 1058 1052
f 1053 1056 1049
f 1058 1053 1046
f 1054 1057 1055
f 1227 1230 1226
f 1228 1229 1227
f 1226 1230 1228
f 1227 1234 1230
f 1227 1229 1234
f 1230 1231 1228
f 1234 1233 1230
f 1228 1232 1229
f 1231 1232 1228
f 1229 1232 1234
f 1231 1230 1232
f 1230 1233 1232
f 1234 1235 1233
f 1232 1236 1234
f 1235 1238 1233
f 1236 1235 1234
f 1233 1237 1232
f 1233 1238 1237
f 1235 1239 1238
f 1237 1238 1232
f 1236 1239 1235
f 1232 1240 1236
f 1238 1240 1232
f 1239 1241 1238
f 1236 1240 1239
f 1239 1244 1241
f 1238 1241 1240
f 1240 1242 1239
f 1239 1243 1244
f 1242 1243 1239
f 1241 1242 1240
f 1241 1246 1242
f 1243 1245 1244
f 1242 1245 1243
f 1246 1245 1242
f 1244 1248 1241
f 1245 1249 1244
f 1241 1248 1246
f 1246 1247 1245
f 1247 1249 1245
f 1244 1250 1248
f 1249 1250 1244
f 1247 1246 1249
f 1248 1251 1246
f 1249 1253 1250
f 1246 1252 1249
f 1251 1252 1246
f 1250 1253 1248
f 1252 1253 1249
f 1248 1253 1251
f 1253 1254 1255
f 1251 1256 1252
f 1252 1256 1253
f 1255 1258 1253
f 1253 1258 1251
f 1256 1254 1253
f 1251 1257 1256
f 1257 1259 1256
f 1255 1254 1258
f 1259 1254 1256
f 1251 1258 1257
f 1254 1260 1258
f 1258 1259 1257
f 1260 1264 1258
f 1254 1259 1260
f 1258 1264 1259
f 1264 1262 1259
f 1259 1261 1260
f 1259 1263 1261
f 1262 1263 1259
f 1261 1264 1260
f 1261 1265 1264
f 1262 1266 1263
f 1263 1267 1261
f 1263 1268 1267
f 1272 1274 1269
f 1271 1269 1270
f 1272 1273 1274
f 1270 1273 1272
f 1269 1273 1270
f 1269 1274 1273
f 1273 1274 1276
f 1273 1277 1274
f 1273 1276 1277
f 1274 1275 1276
f 1277 1275 1274
f 1276 1275 1277
f 1275 1281 1277
f 1277 1282 1275
f 1278 1282 1277
f 1281 1278 1277
f 1275 1280 1279
f 1282 1280 1275
f 1283 1288 1287
f 1288 1286 1287
f 1284 1288 1283
f 1285 1286 1284
f 1288 1290 1286
f 1286 1289 1284
f 1284 1290 1288
f 1289 1290 1284
f 1286 1290 1289
f 1290 1291 1289
f 1290 1293 1294
f 1289 1293 1290
f 1290 1292 1291
f 1289 1291 1293
f 1290 1294 1292
f 1292 1294 1291
f 1291 1295 1293
f 1291 1296 1295
f 1294 1293 1291
f 1293 1296 1291
f 1295 1297 1293
f 1296 1299 1295
f 1297 1296 1293
f 1295 1299 1297
f 1299 1298 1297
f 1297 1300 1296
f 1297 1298 1300
f 1296 1300 1299
f 1300 1302 1299
f 1299 1301 1298
f 1298 1302 1300
f 1302 1301 1299
f 1298 1301 1302
f 1301 1305 1302
f 1305 1304 1302
f 1301 1303 1305
f 1304 1301 1302
f 1305 1306 1304
f 1304 1303 1301
f 1304 1307 1303
f 1306 1307 1304
f 1303 1309 1305
f 1305 1309 1306
f 1308 1309 1303
f 1307 1308 1303
f 1309 1310 1306
f 1306 1311 1307
f 1313 1316 1312
f 1314 1317 1315
f 1313 1317 1316
f 1317 1320 1316
f 1316 1320 1314
f 1315 1317 1313
f 1314 1318 1317
f 1318 1319 1317
f 1314 1320 1318
f 1317 1319 1320
f 1320 1319 1324
f 1318 1321 1319
f 1319 1321 1324
f 1320 1321 1318
f 1320 1322 1321
f 1321 1323 1324
f 1321 1322 1323
f 1324 1325 1320
f 1325 1322 1320
f 1326 1328 1324
f 1325 1323 1322
f 1323 1327 1324
f 1331 1333 1332
f 1332 1333 1329
f 1332 1329 1330
f 1329 1333 1331
f 1333 1334 1329
f 1336 1335 1329
f 1334 1336 1329
f 1329 1334 1333
f 1329 1335 1334
f 1335 1337 1334
f 1337 1340 1334
f 1334 1335 1336
f 1334 1340 1335
f 1340 1342 1335
f 1335 1342 1337
f 1337 1339 1340
f 1341 1343 1340
f 1337 1344 1338
f 1342 1344 1337
f 1346 1351 1350
f 1345 1352 1349
f 1348 1349 1347
f 1347 1351 1346
f 1345 1350 1352
f 1351 1353 1350
f 1349 1352 1347
f 1353 1352 1350
f 1352 1354 1347
f 1354 1355 1347
f 1347 1356 1351
f 1353 1359 1352
f 1351 1359 1353
f 1347 1357 1356
f 1355 1357 1347
f 1352 1355 1354
f 1352 1359 1355
f 1351 1356 1359
f 1355 1358 1357
f 1359 1358 1355
f 1357 1359 1356
f 1359 1361 1358
f 1359 1360 1361
f 1358 1361 1357
f 1361 1363 1357
f 1357 1363 1359
f 1359 1366 1360
f 1360 1363 1361
f 1363 1366 1359
f 1360 1362 1363
f 1363 1362 1367
f 1360 1364 1362
f 1360 1365 1364
f 1366 1365 1360
f 4167 4175 4172
f 4167 4172 4169
f 4167 4183 4175
f 4186 4198 4189
f 4189 4199 4184
f 4182 4167 4171
f 4167 4169 4177
f 4168 4179 4170
f 4172 4175 4174
f 4167 4177 4176
f 4171 4167 4176
f 4173 4176 4175
f 4175 4176 4174
f 4171 4176 4173
f 4170 4178 4176
f 4170 4179 4178
f 4179 4172 4174
f 4169 4176 4177
f 4168 4169 4179
f 4179 4169 4172
f 4168 4170 4169
f 4178 4179 4174
f 4169 4170 4176
f 4176 4178 4174
f 4182 4171 4180
f 4175 4183 4181
f 4171 4173 4180
f 4173 4175 4181
f 4173 4181 4180
f 4167 4182 4183
f 4192 4194 4188
f 4189 4184 4191
f 4184 4190 4191
f 4184 4188 4190
f 4184 4186 4188
f 4189 4191 4192
f 4186 4192 4188
f 4186 4189 4192
f 4194 4190 4188
f 4185 4196 4190
f 4196 4195 4190
f 4195 4193 4190
f 4185 4190 4194
f 4193 4185 4194
f 4187 4193 4194
f 4191 4187 4192
f 4187 4194 4192
f 4193 4187 4190
f 4187 4191 4190
f 4184 4199 4198
f 4189 4197 4199
f 4186 4184 4198
f 4189 4198 4197
f 1147 1151 1145
f 1147 1145 1148
f 1149 1150 1144
f 1149 1144 1146
f 1154 1156 1197
f 1197 1156 1199
f 1175 1176 1213
f 1213 1176 1215
f 1195 1196 1194
f 1224 1194 1190
f 1222 1190 1220
f 1186 1220 1187
f 1185 1220 1183
f 1158 1200 1199
f 1158 1199 1156
f 1218 1182 1217
f 1213 1214 1212
f 1174 1212 1211
f 1173 1211 1172
f 1209 1172 1167
f 1207 1167 1206
f 1163 1206 1165
f 1205 1206 1162
f 1202 1161 1201
f 1198 1157 1155
f 1197 1198 1153
f 1152 1153 1196
f 1159 1202 1200
f 1159 1200 1158
f 1205 1204 1164
f 1207 1164 1166
f 1207 1166 1168
f 1208 1207 1168
f 1208 1168 1170
f 1209 1208 1170
f 1209 1170 1171
f 1210 1209 1171
f 1173 1210 1171
f 1179 1216 1215
f 1179 1215 1176
f 1181 1218 1216
f 1181 1216 1179
f 1184 1219 1218
f 1222 1221 1188
f 1222 1188 1189
f 1223 1222 1189
f 1223 1189 1191
f 1224 1223 1191
f 1224 1191 1193
f 1225 1224 1193
f 1195 1225 1193
f 1190 1187 1220
f 1225 1195 1194
f 1224 1225 1194
f 1192 1190 1194
f 1223 1224 1190
f 1222 1223 1190
f 1220 1186 1183
f 1221 1222 1220
f 1185 1221 1220
f 1180 1178 1217
f 1180 1217 1182
f 1184 1185 1183
f 1182 1184 1183
f 1219 1184 1182
f 1218 1219 1182
f 1178 1177 1214
f 1178 1214 1217
f 1216 1218 1217
f 1217 1214 1215
f 1217 1215 1216
f 1177 1212 1214
f 1213 1215 1214
f 1175 1213 1212
f 1174 1175 1212
f 1173 1174 1211
f 1172 1169 1167
f 1210 1173 1172
f 1209 1210 1172
f 1167 1165 1206
f 1208 1209 1167
f 1207 1208 1167
f 1206 1163 1162
f 1164 1207 1206
f 1205 1164 1206
f 1160 1157 1201
f 1160 1201 1161
f 1204 1205 1162
f 1161 1204 1162
f 1203 1204 1161
f 1202 1203 1161
f 1201 1198 1199
f 1201 1199 1200
f 1200 1202 1201
f 1198 1201 1157
f 1197 1199 1198
f 1153 1198 1155
f 1154 1197 1153
f 1152 1154 1153
f 1195 1152 1196
f 1146 1149 1148
f 1146 1148 1147

